id,title,description,start_at,end_at,location,interests,tags,status,cost,source,source_url,event_url,audience
hartfordcom:107248:2026-09-30,Building Democracy: Turning Data Into Action for Hartford Voters,"Building Democracy: Turning Data Into Action for Hartford Voters at Hartford Public Library. Open the event listing for description, cost, times, and registration.",2026-09-30,,Hartford Public Library,Other & General,,upcoming,Check event listing,Hartford.com,https://hartford.com/events/,https://hartford.com/calendar/building-democracy-turning-data-into-action-for-hartford-voters/?occurrence=2026-09-30,Check event listing
eventbrite:1978466970969:2026-09-30,Foodies + New Friends: Hartford | 2026,"Open the event listing for details, cost, time, and registration.",2026-09-30,2026-09-30,Restaurant of the Week · Haynes Street,Food & Restaurants,,upcoming,Check event listing,Eventbrite,https://www.eventbrite.com/d/ct--hartford/events/,https://www.eventbrite.com/e/foodies-new-friends-hartford-2026-tickets-1978466970969,Check event listing
hartfordcom:105535:2026-09-30,Pup Street: Furever Fall,"Pup Street: Furever Fall at Pratt Street Historic District. Open the event listing for description, cost, times, and registration.",2026-09-30,,Pratt Street Historic District,Outdoors & Nature,,upcoming,Check event listing,Hartford.com,https://hartford.com/events/,https://hartford.com/calendar/pup-street-by-pratt-street-furever-fall/?occurrence=2026-09-30,Check event listing
hartfordcom:107282:2026-09-30,Trust & Transparency: How Connecticut Conducts Its Elections,"Trust & Transparency: How Connecticut Conducts Its Elections at Connecticut State Capitol. Open the event listing for description, cost, times, and registration.",2026-09-30,,Connecticut State Capitol,Other & General,,upcoming,Check event listing,Hartford.com,https://hartford.com/events/,https://hartford.com/calendar/trust-transparency-how-connecticut-conducts-its-elections/?occurrence=2026-09-30,Check event listing
hpl:17168073:2026-09-30 00:00:00,The Puzzle Place for Teens,"Take a break, unwind, and help complete our community puzzle! Drop in anytime to add a few pieces, meet other teens, or enjoy a quiet brain break.",2026-09-30 00:00:00,2026-09-30 23:59:00,Ropkins Library,Sports & Games | Family & Kids | Community & Volunteering,STEM | Community,upcoming,Free,Hartford Public Library,https://programs.hplct.org/events,https://hplct.libnet.info/event/17168073,Teens
hpl:17388188:2026-09-30 09:30:00,CASAS Testing,CASAS testing for enrolled students in TAP programs,2026-09-30 09:30:00,2026-09-30 12:00:00,Downtown,Arts & Culture | Learning & Careers,TAP | Reading & Writing | Language,archived,Free,Hartford Public Library,https://programs.hplct.org/events,https://hplct.libnet.info/event/17388188,Adults
hpl:16806800:2026-09-30 09:30:00,English for All,Guided online learning for English as a second language,2026-09-30 09:30:00,2026-09-30 12:00:00,Downtown,Arts & Culture | Learning & Careers,Reading & Writing | Language,archived,Free,Hartford Public Library,https://programs.hplct.org/events,https://hplct.libnet.info/event/16806800,Adults
hpl:16812345:2026-09-30 09:30:00,ESL ServSafe,ServSafe training for registered ESL students only. Contact ESL@hplct.org for more information. Description,2026-09-30 09:30:00,2026-09-30 12:00:00,Downtown,Learning & Careers,Language | Career,archived,Free,Hartford Public Library,https://programs.hplct.org/events,https://hplct.libnet.info/event/16812345,Adults
hpl:17484333:2026-09-30 09:30:00,GED Learning Circles,"Instructor-led small group study support toward the Science, Social Studies, Mathematical Reasoning, and Language Arts GED subject tests, utilizing GED prep software provided by the Library.",2026-09-30 09:30:00,2026-09-30 11:00:00,Downtown,Arts & Culture | Learning & Careers,STEM | Reading & Writing,archived,Free,Hartford Public Library,https://programs.hplct.org/events,https://hplct.libnet.info/event/17484333,Adults
hpl:17065252:2026-09-30 10:00:00,Albany Community Quilt,"Help us create a community masterpiece celebrating America's 250th anniversary! Stop by and decorate a square canvas representing your story, heritage, future hopes, or what community means to you.",2026-09-30 10:00:00,2026-09-30 17:00:00,Albany Library,Arts & Culture | Community & Volunteering,Community | Civic Engagement | Arts,upcoming,Free,Hartford Public Library,https://programs.hplct.org/events,https://hplct.libnet.info/event/17065252,"Youth, Teens, Family, Adults"
hpl:17375405:2026-09-30 10:00:00,Little Explorer's Storytime: Fall Colors,"Join Ms Katherine to explore the natural wonders of fall with stories, songs and a binocular craft.",2026-09-30 10:00:00,2026-09-30 11:00:00,Downtown,Arts & Culture | Family & Kids,Storytime | STEM,archived,Free,Hartford Public Library,https://programs.hplct.org/events,https://hplct.libnet.info/event/17375405,"Youth, Family"
hpl:17484350:2026-09-30 11:00:00,GED Learning Circles,"Instructor-led small group study support toward the Science, Social Studies, Mathematical Reasoning, and Language Arts GED subject tests, utilizing GED prep software provided by the Library.",2026-09-30 11:00:00,2026-09-30 12:30:00,Downtown,Arts & Culture | Learning & Careers,STEM | Reading & Writing,upcoming,Free,Hartford Public Library,https://programs.hplct.org/events,https://hplct.libnet.info/event/17484350,Adults
hpl:17491396:2026-09-30 14:30:00,Next Steps for College for English Learners,"This program supports high school English Learners in grades 11-12 as they develop English language proficiency, achieve academic success, and prepare for college and career pathways.",2026-09-30 14:30:00,2026-09-30 16:30:00,Downtown,Arts & Culture | Family & Kids | Learning & Careers,TAP | STEM | Reading & Writing | Language,upcoming,Free,Hartford Public Library,https://programs.hplct.org/events,https://hplct.libnet.info/event/17491396,Teens
hpl:17242171:2026-09-30 14:30:00,Next Steps for College for English Learners,"This program supports high school English Learners in grades 11-12 as they develop English language proficiency, achieve academic success, and prepare for college and career pathways.",2026-09-30 14:30:00,2026-09-30 17:00:00,Downtown,Arts & Culture | Family & Kids | Learning & Careers,STEM | Reading & Writing | Language,archived,Free,Hartford Public Library,https://programs.hplct.org/events,https://hplct.libnet.info/event/17242171,Teens
hpl:17236381:2026-09-30 15:00:00,Creative Writing 101,"Learn skills like character and narrative design, world building, and writing real dialogue to bring your stories to life.",2026-09-30 15:00:00,2026-09-30 17:00:00,Albany Library,Arts & Culture | Learning & Careers | Community & Volunteering,Reading & Writing | Community | Arts,upcoming,Free,Hartford Public Library,https://programs.hplct.org/events,https://hplct.libnet.info/event/17236381,Teens
hpl:17236367:2026-09-30 15:00:00,Film & Digital Media,"Learn the fundamentals of filmmaking, photography, editing, animation, and visual effects. Teens will create short films, experiment with cameras and editing software, and develop storytelling skills.",2026-09-30 15:00:00,2026-09-30 17:00:00,Albany Library,Arts & Culture | Health & Wellness | Family & Kids | Learning & Careers,Technology | Media | Arts,upcoming,Free,Hartford Public Library,https://programs.hplct.org/events,https://hplct.libnet.info/event/17236367,Teens
hpl:17252361:2026-09-30 15:00:00,Game Design @ YOUmedia,"We’re continuing to create games for the PC and VR. Join in, add your inspiration and learn some new skills! We’ll be using the Unity Game engine.",2026-09-30 15:00:00,2026-09-30 17:00:00,Downtown,Sports & Games | Learning & Careers,Technology | STEM | Media | Career | Arts,upcoming,Free,Hartford Public Library,https://programs.hplct.org/events,https://hplct.libnet.info/event/17252361,Teens
hpl:17337746:2026-09-30 15:00:00,Pearson Test Center testing,"Pearson testing in the West Middle test center (44 Niles Street). Registered testers only. If you have questions or require assistance the day of your testing appointment, please call (860) 331-9538.",2026-09-30 15:00:00,2026-09-30 20:00:00,West Middle School Branch,Outdoors & Nature,TAP,upcoming,Free,Hartford Public Library,https://programs.hplct.org/events,https://hplct.libnet.info/event/17337746,Adults
hpl:17236398:2026-09-30 15:00:00,Wonder Wednesday,"This program gives students a fun and interactive space to test their knowledge through a variety of games, including throwback trivia, GeoGuessr, pop culture, music, history, and more.",2026-09-30 15:00:00,2026-09-30 17:00:00,Albany Library,Sports & Games | Music & Nightlife | Arts & Culture | Community & Volunteering,Media | Community,upcoming,Free,Hartford Public Library,https://programs.hplct.org/events,https://hplct.libnet.info/event/17236398,Teens
hpl:17201835:2026-09-30 15:15:00,Spanish Language Movie Night: Encanto,"In celebration of Hispanic Heritage Month, come by and enjoy the movie Encanto in Spanish. Snacks provided. All ages welcome.",2026-09-30 15:15:00,2026-09-30 17:15:00,Dwight Library,Arts & Culture | Learning & Careers | Community & Volunteering,Community | Arts,upcoming,Free,Hartford Public Library,https://programs.hplct.org/events,https://hplct.libnet.info/event/17201835,"Youth, Teens, Family, Adults"
hpl:17252272:2026-09-30 15:30:00,Hands on Adobe,"Get creative with Adobe! Teens will learn the basics of popular Adobe creative programs while experimenting with digital art, graphic design, photo editing, and more.",2026-09-30 15:30:00,2026-09-30 16:30:00,Downtown,Arts & Culture | Family & Kids | Learning & Careers,Technology | STEM | Career | Arts,upcoming,Free,Hartford Public Library,https://programs.hplct.org/events,https://hplct.libnet.info/event/17252272,Teens
hpl:17165167:2026-09-30 15:30:00,Homework Heroes,"Need a little extra support? Stop by after school for help with homework, reading, and school assignments in a welcoming environment. Children under 12 must be accompanied by a parent or caregiver.",2026-09-30 15:30:00,2026-09-30 16:00:00,Ropkins Library,Arts & Culture | Family & Kids | Outdoors & Nature,STEM | Reading & Writing,upcoming,Free,Hartford Public Library,https://programs.hplct.org/events,https://hplct.libnet.info/event/17165167,"Youth, Family"
hpl:16997104:2026-09-30 15:30:00,Quiet Coloring,Join us for a relaxing coloring program.,2026-09-30 15:30:00,2026-09-30 16:30:00,Albany Library,Other & General,Arts,upcoming,Free,Hartford Public Library,https://programs.hplct.org/events,https://hplct.libnet.info/event/16997104,"Youth, Family"
hpl:17165751:2026-09-30 15:30:00,"Think, Search & Solve!","Put your thinking skills to the test with fall-themed word searches, I Spy puzzles, mazes, and other fun brain-teasing activities.",2026-09-30 15:30:00,2026-09-30 16:15:00,Ropkins Library,Sports & Games | Family & Kids,STEM | Family,upcoming,Free,Hartford Public Library,https://programs.hplct.org/events,https://hplct.libnet.info/event/17165751,"Youth, Family"
hpl:17162077:2026-09-30 16:00:00,Crafternoon,"Drop in for crafternoon, a hands-on art program where kids can explore seasonal crafts, recycled art, and creative building projects. Please RSVP; supplies are limited.",2026-09-30 16:00:00,2026-09-30 17:00:00,Downtown,Arts & Culture | Family & Kids,Arts,upcoming,Free,Hartford Public Library,https://programs.hplct.org/events,https://hplct.libnet.info/event/17162077,"Youth, Family"
hpl:16767625:2026-09-30 16:00:00,ReConnect CT: Digital and Financial Skills Training (Albany),ReConnect CT is a 6-week program helping members of the reentry community build the digital and money skills they need to move forward on their own terms. Graduates receive $250 in Visa gift cards.,2026-09-30 16:00:00,2026-09-30 18:00:00,Albany Library,Learning & Careers | Community & Volunteering,Technology | Career,upcoming,Free,Hartford Public Library,https://programs.hplct.org/events,https://hplct.libnet.info/event/16767625,Adults
hpl:17065115:2026-09-30 16:30:00,Tie-Dye Socks,Get a jump on cozy season and tie-dye a pair (or two) of socks that are sure to keep you warm all season long!,2026-09-30 16:30:00,2026-09-30 17:30:00,Albany Library,Arts & Culture | Community & Volunteering,Community | Arts,archived,Free,Hartford Public Library,https://programs.hplct.org/events,https://hplct.libnet.info/event/17065115,Adults
hpl:16909011:2026-09-30 17:00:00,Financial Literacy: 1-on-1 Coaching,"One-on-one money management skills coaching at the Downtown Library in Spanish or in English, by appointment. For more information, call/text (860) 256-9856",2026-09-30 17:00:00,2026-09-30 18:00:00,Downtown,Learning & Careers | Community & Volunteering,Education | Education | Community | Civic Engagement,upcoming,Free,Hartford Public Library,https://programs.hplct.org/events,https://hplct.libnet.info/event/16909011,Adults
hpl:16861126:2026-09-30 17:00:00,Math Class,"Math classes offered in collaboration with Learn for Life, Inc. for adult students working to enhance workplace skills, prepare for the GED, or get ready for college",2026-09-30 17:00:00,2026-09-30 19:00:00,Downtown,Learning & Careers,STEM | Career,upcoming,Free,Hartford Public Library,https://programs.hplct.org/events,https://hplct.libnet.info/event/16861126,Adults
hpl:16894165:2026-09-30 18:30:00,Afrobeats Dance Class w/ Masem,Join us for a fun Afrobeats dance class with Masem! All skill levels welcome. Wear comfortable clothing and bring water. Please register.,2026-09-30 18:30:00,2026-09-30 19:30:00,Downtown,Music & Nightlife | Health & Wellness | Learning & Careers,Health & Wellness | Arts,upcoming,Free,Hartford Public Library,https://programs.hplct.org/events,https://hplct.libnet.info/event/16894165,Adults
hpl:16943130:2026-09-30 18:30:00,Intro to Mixing Workshop,This workshop is for participants who have completed the Intro to Studio Technology Workshop or have commensurate recording studio experience.,2026-09-30 18:30:00,2026-09-30 20:00:00,Downtown,Learning & Careers,Media | Arts,upcoming,Free,Hartford Public Library,https://programs.hplct.org/events,https://hplct.libnet.info/event/16943130,"Youth, Teens, Family, Adults"
eventbrite:2001817863116:2026-10-01,Gather for Good: Hartford | Dinner Benefits for DreamCatchers Foundation,"Open the event listing for details, cost, time, and registration.",2026-10-01,2026-10-01,Fire by Forge Restaurant · 539 Broad Street,Food & Restaurants,,upcoming,Check event listing,Eventbrite,https://www.eventbrite.com/d/ct--hartford/events/,https://www.eventbrite.com/e/gather-for-good-hartford-dinner-benefits-for-dreamcatchers-foundation-tickets-2001817863116,Check event listing
hartfordcom:107200:2026-10-01,Greater Hartford Theater Week,"Greater Hartford Theater Week at Hartbeat Ensemble. Open the event listing for description, cost, times, and registration.",2026-10-01,,Hartbeat Ensemble,Arts & Culture,,upcoming,Check event listing,Hartford.com,https://hartford.com/events/,https://hartford.com/calendar/greater-hartford-theater-week/?occurrence=2026-10-01,Check event listing
hpl:17168074:2026-10-01 00:00:00,The Puzzle Place for Teens,"Take a break, unwind, and help complete our community puzzle! Drop in anytime to add a few pieces, meet other teens, or enjoy a quiet brain break.",2026-10-01 00:00:00,2026-10-01 23:59:00,Ropkins Library,Sports & Games | Family & Kids | Community & Volunteering,STEM | Community,upcoming,Free,Hartford Public Library,https://programs.hplct.org/events,https://hplct.libnet.info/event/17168074,Teens
hpl:16809693:2026-10-01 09:30:00,ESL Classes,English as a second language classes for adults. Registered students only. Please contact ESL@hplct.org for more information.,2026-10-01 09:30:00,2026-10-01 12:00:00,Downtown,Arts & Culture | Learning & Careers | Community & Volunteering,Reading & Writing | Language | Civic Engagement | Career,upcoming,Free,Hartford Public Library,https://programs.hplct.org/events,https://hplct.libnet.info/event/16809693,Adults
hpl:16809853:2026-10-01 09:30:00,ESL Classes,English as a second language classes for adults. Registered students only. Please contact ESL@hplct.org for more information.,2026-10-01 09:30:00,2026-10-01 12:00:00,Downtown,Arts & Culture | Learning & Careers | Community & Volunteering,Reading & Writing | Language | Civic Engagement | Career,upcoming,Free,Hartford Public Library,https://programs.hplct.org/events,https://hplct.libnet.info/event/16809853,Adults
hpl:16809256:2026-10-01 09:30:00,ESL Classes,English as a second language classes. Registered students only. Please contact ESL@hplct.org for more information.,2026-10-01 09:30:00,2026-10-01 12:00:00,Downtown,Arts & Culture | Learning & Careers | Community & Volunteering,Reading & Writing | Language | Civic Engagement | Career,upcoming,Free,Hartford Public Library,https://programs.hplct.org/events,https://hplct.libnet.info/event/16809256,Adults
hpl:16809582:2026-10-01 09:30:00,ESL Classes,English as a second language classes for adults. Registered students only. Please contact ESL@hplct.org for more information.,2026-10-01 09:30:00,2026-10-01 12:00:00,Downtown,Arts & Culture | Learning & Careers | Community & Volunteering,Reading & Writing | Language | Civic Engagement | Career,upcoming,Free,Hartford Public Library,https://programs.hplct.org/events,https://hplct.libnet.info/event/16809582,Adults
hpl:17478488:2026-10-01 11:00:00,Everyday Tech,"Are you interested in improving your basic computer skills, learning how to navigate tech tools or earning a Northstar Digital Certificate? If so, register for our small group tech assistance!",2026-10-01 11:00:00,2026-10-01 12:00:00,Albany Library,Learning & Careers,Technology | Career,upcoming,Free,Hartford Public Library,https://programs.hplct.org/events,https://hplct.libnet.info/event/17478488,Adults
hpl:17166301:2026-10-01 13:30:00,Teen Takeover,"Take a break, hang out with friends, and meet new people every Thursday! Enjoy a different activity each week—from games and crafts to creative challenges and more.",2026-10-01 13:30:00,2026-10-01 14:30:00,Ropkins Library,Sports & Games | Arts & Culture | Family & Kids | Learning & Careers,Technology | STEM | Arts,upcoming,Free,Hartford Public Library,https://programs.hplct.org/events,https://hplct.libnet.info/event/17166301,Teens
hpl:17491878:2026-10-01 14:30:00,English Learners Success,"This program supports high school English Learners through engaging, project-based instruction that strengthens English language proficiency, academic success, and college and career readiness.",2026-10-01 14:30:00,2026-10-01 16:30:00,Downtown,Arts & Culture | Family & Kids | Learning & Careers,TAP | STEM | Reading & Writing | Language,upcoming,Free,Hartford Public Library,https://programs.hplct.org/events,https://hplct.libnet.info/event/17491878,Teens
hpl:17008697:2026-10-01 15:00:00,1-on-1 Business Advising with WBDC,"Meet one-on-one with WBDC Business Advisor Krista Rizzo for free, personalized guidance on business planning, marketing, financing, operations, and more. Sessions take at the Downtown Library.",2026-10-01 15:00:00,2026-10-01 17:00:00,Downtown,Food & Restaurants | Music & Nightlife | Learning & Careers,Job Training | Career | Business,upcoming,Free,Hartford Public Library,https://programs.hplct.org/events,https://hplct.libnet.info/event/17008697,Adults
hpl:17251410:2026-10-01 15:00:00,Brick by Brick,"Learn LEGO building through hands-on creative challenges, individual projects, and team builds. Explore design, engineering, structure, and storytelling while developing problem-solving and teamwork.",2026-10-01 15:00:00,2026-10-01 17:00:00,Downtown,Family & Kids | Learning & Careers | Community & Volunteering,STEM | Community | Career | Arts,upcoming,Free,Hartford Public Library,https://programs.hplct.org/events,https://hplct.libnet.info/event/17251410,Teens
hpl:17236458:2026-10-01 15:00:00,Creative Arts & Design,"Express creativity through painting, drawing, collage, origami, crafts, button making, and other hands-on art projects while exploring different artistic techniques and styles.",2026-10-01 15:00:00,2026-10-01 17:00:00,Albany Library,Arts & Culture | Community & Volunteering,Community | Arts,upcoming,Free,Hartford Public Library,https://programs.hplct.org/events,https://hplct.libnet.info/event/17236458,Teens
hpl:17236499:2026-10-01 15:00:00,Self Care Lab,"Learn the creative and practical side of personal care through hands-on projects such as making soaps, deodorants, body oils, hair-care products, and other self-care items.",2026-10-01 15:00:00,2026-10-01 17:00:00,Albany Library,Learning & Careers,Arts,upcoming,Free,Hartford Public Library,https://programs.hplct.org/events,https://hplct.libnet.info/event/17236499,Teens
hpl:17532029:2026-10-01 15:30:00,Activities with Q+,Visit for a fun craft or activity with Norm from Q+.,2026-10-01 15:30:00,2026-10-01 16:30:00,Albany Library,Arts & Culture,Arts,upcoming,Free,Hartford Public Library,https://programs.hplct.org/events,https://hplct.libnet.info/event/17532029,Youth
hpl:17252486:2026-10-01 15:30:00,"Create, Sketch & Make @ YOUmedia","Unleash your creativity with hands-on art projects, crafts and sketching. Teens will have opportunities to create indoors and outdoors while exploring new ways to turn inspiration into art.",2026-10-01 15:30:00,2026-10-01 16:30:00,Downtown,Arts & Culture | Family & Kids | Learning & Careers | Outdoors & Nature,STEM | Career | Arts,upcoming,Free,Hartford Public Library,https://programs.hplct.org/events,https://hplct.libnet.info/event/17252486,Teens
hpl:16767776:2026-10-01 16:00:00,ReConnect CT: Digital and Financial Skills Training PARK 2,ReConnect CT is a 6-week program helping members of the reentry community build the digital and money skills they need to move forward on their own terms. Graduates receive $250 in Visa gift cards.,2026-10-01 16:00:00,2026-10-01 18:00:00,Park Street Library @ The Lyric,Learning & Careers | Community & Volunteering | Outdoors & Nature,Technology | Education | Education | Career,upcoming,Free,Hartford Public Library,https://programs.hplct.org/events,https://hplct.libnet.info/event/16767776,Adults
hpl:17081741:2026-10-01 16:00:00,Thursday Fun Zone,Join us on Thursdays for a different themed activity or craft! For ages 6-12.,2026-10-01 16:00:00,2026-10-01 17:00:00,Camp Field Library,Arts & Culture,Arts,upcoming,Free,Hartford Public Library,https://programs.hplct.org/events,https://hplct.libnet.info/event/17081741,Youth
hpl:17369413:2026-10-01 17:00:00,Celebrate Hispanic Heritage Month,Culture and Heritage Meet and Greet!,2026-10-01 17:00:00,2026-10-01 19:00:00,Downtown,Arts & Culture | Family & Kids | Community & Volunteering,Family | Community | Civic Engagement | Arts,upcoming,Free,Hartford Public Library,https://programs.hplct.org/events,https://hplct.libnet.info/event/17369413,"Youth, Teens, Family, Adults"
hpl:17250538:2026-10-01 17:00:00,Marketing 101 for Small Businesses with the WBDC,This interactive 30-minute workshop introduces the core principles of marketing and provides practical strategies that business owners can apply immediately.,2026-10-01 17:00:00,2026-10-01 18:00:00,Downtown,Food & Restaurants | Learning & Careers,Career,upcoming,Free,Hartford Public Library,https://programs.hplct.org/events,https://hplct.libnet.info/event/17250538,Adults
hpl:17048249:2026-10-01 17:00:00,Marketing 101 for Small Businesses with the WBDC,This interactive 30-minute workshop introduces the core principles of marketing and provides practical strategies that business owners can apply immediately.,2026-10-01 17:00:00,2026-10-01 18:00:00,Downtown,Food & Restaurants | Learning & Careers,Career,archived,Free,Hartford Public Library,https://programs.hplct.org/events,https://hplct.libnet.info/event/17048249,Adults
hpl:17497746:2026-10-01 17:30:00,ESL Classes,Adult Education English as a Second Language,2026-10-01 17:30:00,2026-10-01 19:30:00,Downtown,Arts & Culture | Learning & Careers,TAP | Reading & Writing,upcoming,Free,Hartford Public Library,https://programs.hplct.org/events,https://hplct.libnet.info/event/17497746,Adults
hpl:16904871:2026-10-01 19:00:00,HPL Studios - Advanced Podcasting Workshop,HPL STUDIOS presents a class to level up your podcast content and learn about the business of podcasting.,2026-10-01 19:00:00,2026-10-01 20:30:00,Downtown,Learning & Careers,Technology | Media | Arts,upcoming,Free,Hartford Public Library,https://programs.hplct.org/events,https://hplct.libnet.info/event/16904871,"Teens, Adults"
eventbrite:2002177501805:2026-10-02,Foodies + New Friends: Hartford | Giving Back Edition (While We Still Can),"Open the event listing for details, cost, time, and registration.",2026-10-02,2026-10-02,Black-Eyed Sally's Southern Kitchen & Bar · 350 Asylum Street,Food & Restaurants,,upcoming,Check event listing,Eventbrite,https://www.eventbrite.com/d/ct--hartford/events/,https://www.eventbrite.com/e/foodies-new-friends-hartford-giving-back-edition-while-we-still-can-tickets-2002177501805,Check event listing
hpl:17527121:2026-10-02 10:00:00,ESL CASAS Testing,"We currently have a limited number of openings in our ESL classes that meet on Tuesdays and Thursdays from 9:30 AM to 12:00 PM. Right now, this is the only ESL class schedule available.",2026-10-02 10:00:00,2026-10-02 12:30:00,Downtown,Arts & Culture | Learning & Careers,TAP | Reading & Writing | Education | Education,upcoming,Free,Hartford Public Library,https://programs.hplct.org/events,https://hplct.libnet.info/event/17527121,Adults
hpl:17210487:2026-10-02 10:00:00,Family Literacy PACT,Activities for families enrolled in ESL Family Literacy program,2026-10-02 10:00:00,2026-10-02 12:00:00,Downtown,Family & Kids | Learning & Careers,Language | Family,upcoming,Free,Hartford Public Library,https://programs.hplct.org/events,https://hplct.libnet.info/event/17210487,"Family, Adults"
hpl:17236517:2026-10-02 12:00:00,Community Challenge,"Wrap up the week with interactive Kahoot! trivia, team-building games, creative challenges, and group activities that encourage collaboration, communication, and fun.",2026-10-02 12:00:00,2026-10-02 15:00:00,Albany Library,Sports & Games | Community & Volunteering,Community,upcoming,Free,Hartford Public Library,https://programs.hplct.org/events,https://hplct.libnet.info/event/17236517,Teens
hpl:17236614:2026-10-02 12:00:00,Hear Me Out: Debate Club,"Hear Me Out provides students with a space to explore relevant topics, develop opinions, and practice expressing their ideas in a respectful and structured environment.",2026-10-02 12:00:00,2026-10-02 15:00:00,Albany Library,Community & Volunteering | Outdoors & Nature,Community | Civic Engagement,upcoming,Free,Hartford Public Library,https://programs.hplct.org/events,https://hplct.libnet.info/event/17236614,Teens
hpl:17532078:2026-10-02 12:30:00,First Friday,Come to the library for a community question and pizza with Advocacy for Legacy!,2026-10-02 12:30:00,2026-10-02 13:30:00,Albany Library,Community & Volunteering,Community,upcoming,Free,Hartford Public Library,https://programs.hplct.org/events,https://hplct.libnet.info/event/17532078,"Youth, Teens, Family"
hpl:17236537:2026-10-02 13:00:00,Monster of the Week,"Join your friends, get your gear and roll the dice to defeat monsters using different storytelling games like Dungeons & Dragons, Fallout, Savage Worlds, and more!",2026-10-02 13:00:00,2026-10-02 16:00:00,Albany Library,Sports & Games | Community & Volunteering,Community,upcoming,Free,Hartford Public Library,https://programs.hplct.org/events,https://hplct.libnet.info/event/17236537,Teens
hpl:17252929:2026-10-02 14:00:00,Fidget Toy Workshop @ YOUmedia,"Explore a variety of 3D-printed fidget toys, discover how they work, and customize one to make it your own. Mix, match, experiment, and create a fidget that fits your style.",2026-10-02 14:00:00,2026-10-02 16:00:00,Downtown,Learning & Careers,Technology | STEM | Arts,upcoming,Free,Hartford Public Library,https://programs.hplct.org/events,https://hplct.libnet.info/event/17252929,Teens
hpl:17251762:2026-10-02 14:30:00,DJ Foundation Lab @ YOUmedia,"Learn the fundamentals of DJing through hands-on experience with professional equipment and software. Explore beatmatching, transitions, music selection, and performance skills.",2026-10-02 14:30:00,2026-10-02 16:30:00,Downtown,Music & Nightlife | Health & Wellness | Learning & Careers,Technology | STEM | Career | Arts,upcoming,Free,Hartford Public Library,https://programs.hplct.org/events,https://hplct.libnet.info/event/17251762,Teens
hpl:17531923:2026-10-02 15:30:00,Makerspace,Join us every Friday to use our makerspace materials to make something cool!,2026-10-02 15:30:00,2026-10-02 16:30:00,Albany Library,Other & General,Arts,upcoming,Free,Hartford Public Library,https://programs.hplct.org/events,https://hplct.libnet.info/event/17531923,Youth
eventbrite:1980002743506:2026-10-03,Fictionally Yours (Oct 2026),"Open the event listing for details, cost, time, and registration.",2026-10-03,2026-10-03,J Under the Dome · 1 Sequassen Street,Other & General,,upcoming,Check event listing,Eventbrite,https://www.eventbrite.com/d/ct--hartford/events/,https://www.eventbrite.com/e/fictionally-yours-oct-2026-tickets-1980002743506,Check event listing
eventbrite:2002563665832:2026-10-03,"Hartford! ""Threads of Us"" A Jamaican Love Story exclusive film screening!","Open the event listing for details, cost, time, and registration.",2026-10-03,2026-10-03,"West Indian Social Club of Hartford, Inc · 3340 Main Street",Arts & Culture,,upcoming,Check event listing,Eventbrite,https://www.eventbrite.com/d/ct--hartford/events/,https://www.eventbrite.ca/e/hartford-threads-of-us-a-jamaican-love-story-exclusive-film-screening-tickets-2002563665832,Check event listing
hartfordcom:103836:2026-10-03,Night Fall 2026,"Night Fall 2026 at Elizabeth Park. Open the event listing for description, cost, times, and registration.",2026-10-03,,Elizabeth Park,Outdoors & Nature,,upcoming,Check event listing,Hartford.com,https://hartford.com/events/,https://hartford.com/calendar/night-fall-2026/?occurrence=2026-10-03,Check event listing
eventbrite:1997781159226:2026-10-03,"SWV Women's Empowerment Luncheon. A Time NOW To Heal, Restore and Soar","Open the event listing for details, cost, time, and registration.",2026-10-03,2026-10-03,10 Love Ln · 10 Love Lane,Food & Restaurants,,upcoming,Check event listing,Eventbrite,https://www.eventbrite.com/d/ct--hartford/events/,https://www.eventbrite.com/e/swv-womens-empowerment-luncheon-a-time-now-to-heal-restore-and-soar-tickets-1997781159226,Check event listing
eventbrite:2000411577879:2026-10-03,"The New Collectors Vol I. Ownership, Legacy & Culture","Open the event listing for details, cost, time, and registration.",2026-10-03,2026-10-03,The Hue Gallery · 100 Trumbull ST,Arts & Culture,,upcoming,Check event listing,Eventbrite,https://www.eventbrite.com/d/ct--hartford/events/,https://www.eventbrite.com/e/the-new-collectors-vol-i-ownership-legacy-culture-tickets-2000411577879,Check event listing
eventbrite:1997009298570:2026-10-03,ULTIMATE BINGO | GAME SHOW AUDITION | WIN BIG !,"Open the event listing for details, cost, time, and registration.",2026-10-03,2026-10-03,"Martin Luther King, Jr. Middle School · 25 Ridgefield Street",Sports & Games,,upcoming,Check event listing,Eventbrite,https://www.eventbrite.com/d/ct--hartford/events/,https://www.eventbrite.com/e/ultimate-bingo-game-show-audition-win-big-registration-1997009298570,Check event listing
hpl:16810765:2026-10-03 09:30:00,ESL Classes,English as a second language classes for adults. Registered students only. Please contact ESL@hplct.org for more information.,2026-10-03 09:30:00,2026-10-03 12:30:00,Downtown,Arts & Culture | Learning & Careers | Community & Volunteering,Reading & Writing | Language | Civic Engagement | Career,upcoming,Free,Hartford Public Library,https://programs.hplct.org/events,https://hplct.libnet.info/event/16810765,Adults
hpl:16811405:2026-10-03 09:30:00,ESL Classes,English as a second language classes for adults. Registered students only. Please contact ESL@hplct.org for more information.,2026-10-03 09:30:00,2026-10-03 12:30:00,Downtown,Arts & Culture | Learning & Careers | Community & Volunteering,Reading & Writing | Language | Civic Engagement | Career,upcoming,Free,Hartford Public Library,https://programs.hplct.org/events,https://hplct.libnet.info/event/16811405,Adults
hpl:16810050:2026-10-03 09:30:00,ESL Classes,English as a second language classes for adults. Registered students only. Please contact ESL@hplct.org for more information.,2026-10-03 09:30:00,2026-10-03 12:30:00,Downtown,Arts & Culture | Learning & Careers | Community & Volunteering,Reading & Writing | Language | Civic Engagement | Career,upcoming,Free,Hartford Public Library,https://programs.hplct.org/events,https://hplct.libnet.info/event/16810050,Adults
hpl:16810115:2026-10-03 09:30:00,ESL Classes,English as a second language classes for adults. Registered students only. Please contact ESL@hplct.org for more information.,2026-10-03 09:30:00,2026-10-03 12:30:00,Downtown,Arts & Culture | Learning & Careers | Community & Volunteering,Reading & Writing | Language | Civic Engagement | Career,upcoming,Free,Hartford Public Library,https://programs.hplct.org/events,https://hplct.libnet.info/event/16810115,Adults
hpl:17484091:2026-10-03 09:30:00,GED Learning Circles,"Instructor-led small group study support toward the Science, Social Studies, Mathematical Reasoning, and Language Arts GED subject tests, utilizing GED prep software provided by the Library.",2026-10-03 09:30:00,2026-10-03 11:00:00,Downtown,Arts & Culture | Learning & Careers,STEM | Reading & Writing,upcoming,Free,Hartford Public Library,https://programs.hplct.org/events,https://hplct.libnet.info/event/17484091,Adults
hpl:17484126:2026-10-03 11:00:00,GED Learning Circles,"Instructor-led small group study support toward the Science, Social Studies, Mathematical Reasoning, and Language Arts GED subject tests, utilizing GED prep software provided by the Library.",2026-10-03 11:00:00,2026-10-03 12:30:00,Downtown,Arts & Culture | Learning & Careers,STEM | Reading & Writing,upcoming,Free,Hartford Public Library,https://programs.hplct.org/events,https://hplct.libnet.info/event/17484126,Adults
hpl:16693294:2026-10-03 12:00:00,Pearson Test Center examinations,Testing in the Downtown Library's Pearson Test Center. By registration in advance only.,2026-10-03 12:00:00,2026-10-03 17:30:00,Downtown,Learning & Careers,Technology | Career,upcoming,Free,Hartford Public Library,https://programs.hplct.org/events,https://hplct.libnet.info/event/16693294,Adults
hpl:17484161:2026-10-03 12:30:00,Math Class,"Math classes offered in collaboration with Learn for Life, Inc. for adult students working to enhance workplace skills, prepare for the GED, or get ready for college",2026-10-03 12:30:00,2026-10-03 14:30:00,Downtown,Learning & Careers,STEM,upcoming,Free,Hartford Public Library,https://programs.hplct.org/events,https://hplct.libnet.info/event/17484161,Adults
hpl:17472698:2026-10-03 13:00:00,Burlington English Lab,Burlington English lab. For enrolled ESL students only. Please contact ESL@hplct.org for more information.,2026-10-03 13:00:00,2026-10-03 13:30:00,Downtown,Arts & Culture | Learning & Careers,TAP | Reading & Writing | Language | Education | Education,upcoming,Free,Hartford Public Library,https://programs.hplct.org/events,https://hplct.libnet.info/event/17472698,Adults
hpl:17264459:2026-10-03 13:00:00,Citizenship Class,Classes for adult Green Card holders studying for the 128-question version of the civics test for U.S. citizenship and other key components of the naturalization interview.,2026-10-03 13:00:00,2026-10-03 16:00:00,Downtown,Arts & Culture | Learning & Careers | Community & Volunteering,Reading & Writing | Language | Civic Engagement,upcoming,Free,Hartford Public Library,https://programs.hplct.org/events,https://hplct.libnet.info/event/17264459,Adults
hpl:16812784:2026-10-03 13:15:00,ESL ServSafe,ServSafe training for registered ESL students only. Contact ESL@hplct.org for more information.,2026-10-03 13:15:00,2026-10-03 15:15:00,Downtown,Learning & Careers,Language | Career,archived,Free,Hartford Public Library,https://programs.hplct.org/events,https://hplct.libnet.info/event/16812784,Adults
hpl:16285732:2026-10-03 14:00:00,Northeast Book Discussion Group,"The Northeast Book Discussion Group is a long-standing, community-centered book club that meets on the first Saturday of each month. October 2026 book pick: Razorblade Tears by SA Cosby.",2026-10-03 14:00:00,2026-10-03 16:30:00,Albany Library,Arts & Culture | Community & Volunteering,Reading & Writing | Civic Engagement | Arts,upcoming,Free,Hartford Public Library,https://programs.hplct.org/events,https://hplct.libnet.info/event/16285732,Adults
hpl:17531753:2026-10-03 14:00:00,Weekend Storytime,"Join us for stories, songs, early literacy tips and more",2026-10-03 14:00:00,2026-10-03 14:30:00,Albany Library,Family & Kids,Storytime,upcoming,Free,Hartford Public Library,https://programs.hplct.org/events,https://hplct.libnet.info/event/17531753,"Youth, Family"
eventbrite:1999385105673:2026-10-04,"[Workshop] Getting Into Character with Suzi Barrett (""Yes, Also"" podcast)","Open the event listing for details, cost, time, and registration.",2026-10-04,2026-10-04,Sea Tea Improv Studios · 11 Asylum Street,Learning & Careers,,upcoming,Check event listing,Eventbrite,https://www.eventbrite.com/d/ct--hartford/events/,https://www.eventbrite.com/e/workshop-getting-into-character-with-suzi-barrett-yes-also-podcast-tickets-1999385105673,Check event listing
hartfordcom:95845:2026-10-04,Head of the Riverfront,"Head of the Riverfront at Riverside Park. Open the event listing for description, cost, times, and registration.",2026-10-04,,Riverside Park,Outdoors & Nature,,upcoming,Check event listing,Hartford.com,https://hartford.com/events/,https://hartford.com/calendar/head-of-the-riverfront/?occurrence=2026-10-04,Check event listing
eventbrite:1991954676058:2026-10-04,"KENNY VS SPENNY 2026 USA Comedy Tour - Hartford, CT","Open the event listing for details, cost, time, and registration.",2026-10-04,2026-10-04,The Webster · 31 Webster St,Arts & Culture,,upcoming,Check event listing,Eventbrite,https://www.eventbrite.com/d/ct--hartford/events/,https://www.eventbrite.com/e/kenny-vs-spenny-2026-usa-comedy-tour-hartford-ct-tickets-1991954676058,Check event listing
eventbrite:1981556641256:2026-10-04,MEET THE CANDIDATES FORUM - Meet the people running for Public Office,"Open the event listing for details, cost, time, and registration.",2026-10-04,2026-10-04,3340 Main St · 3340 Main Street,Sports & Games,,upcoming,Check event listing,Eventbrite,https://www.eventbrite.com/d/ct--hartford/events/,https://www.eventbrite.com/e/meet-the-candidates-forum-meet-the-people-running-for-public-office-tickets-1981556641256,Check event listing
hpl:17168075:2026-10-05 00:00:00,The Puzzle Place for Teens,"Take a break, unwind, and help complete our community puzzle! Drop in anytime to add a few pieces, meet other teens, or enjoy a quiet brain break.",2026-10-05 00:00:00,2026-10-05 23:59:00,Ropkins Library,Sports & Games | Family & Kids | Community & Volunteering,STEM | Community,upcoming,Free,Hartford Public Library,https://programs.hplct.org/events,https://hplct.libnet.info/event/17168075,Teens
hpl:16693200:2026-10-05 09:30:00,Pearson Test Center examination,Testing in the Downtown Library's Pearson Test Center. By registration in advance only.,2026-10-05 09:30:00,2026-10-05 15:30:00,Downtown,Learning & Careers,Technology | Career,upcoming,Free,Hartford Public Library,https://programs.hplct.org/events,https://hplct.libnet.info/event/16693200,Adults
hpl:16841073:2026-10-05 11:00:00,Everyday Tech Help,"Need help with your phone, tablet, computer, or online services?",2026-10-05 11:00:00,2026-10-05 12:00:00,Barbour Library,Learning & Careers | Community & Volunteering,Technology | STEM | Media | Community,upcoming,Free,Hartford Public Library,https://programs.hplct.org/events,https://hplct.libnet.info/event/16841073,Adults
hpl:17483158:2026-10-05 12:30:00,Math Class,"Math classes offered in collaboration with Learn for Life, Inc. for adult students working to enhance workplace skills, prepare for the GED, or get ready for college",2026-10-05 12:30:00,2026-10-05 14:30:00,Downtown,Learning & Careers,STEM,upcoming,Free,Hartford Public Library,https://programs.hplct.org/events,https://hplct.libnet.info/event/17483158,Adults
hpl:17491225:2026-10-05 14:30:00,Next Steps for College for English Learners,"This program supports high school English Learners in grades 11-12 as they develop English language proficiency, achieve academic success, and prepare for college and career pathways.",2026-10-05 14:30:00,2026-10-05 16:30:00,Downtown,Arts & Culture | Family & Kids | Learning & Careers,TAP | STEM | Reading & Writing | Language,upcoming,Free,Hartford Public Library,https://programs.hplct.org/events,https://hplct.libnet.info/event/17491225,Teens
hpl:17491053:2026-10-05 14:30:00,Next Steps for College for English Learners,"This program supports high school English Learners in grades 11-12 as they develop English language proficiency, achieve academic success, and prepare for college and career pathways.",2026-10-05 14:30:00,2026-10-05 16:30:00,Downtown,Arts & Culture | Family & Kids | Learning & Careers,STEM | Reading & Writing | Language,archived,Free,Hartford Public Library,https://programs.hplct.org/events,https://hplct.libnet.info/event/17491053,Teens
hpl:17251411:2026-10-05 15:00:00,Brick by Brick,"Learn LEGO building through hands-on creative challenges, individual projects, and team builds. Explore design, engineering, structure, and storytelling while developing problem-solving and teamwork.",2026-10-05 15:00:00,2026-10-05 17:00:00,Downtown,Family & Kids | Learning & Careers | Community & Volunteering,STEM | Community | Career | Arts,upcoming,Free,Hartford Public Library,https://programs.hplct.org/events,https://hplct.libnet.info/event/17251411,Teens
hpl:17235897:2026-10-05 15:00:00,Hands-On Design,"Teens decorate and personalize their own t-shirts, hats, bags, and more using popular tools like Cricut machines, heat presses, and embroidery.",2026-10-05 15:00:00,2026-10-05 17:00:00,Albany Library,Family & Kids,STEM | Arts,upcoming,Free,Hartford Public Library,https://programs.hplct.org/events,https://hplct.libnet.info/event/17235897,Teens
hpl:17235938:2026-10-05 15:00:00,Make It Monday,"a hands-on creative arts program featuring small-scale projects such as zines, jewelry, paintings, collages, and other mini crafts.",2026-10-05 15:00:00,2026-10-05 17:00:00,Albany Library,Arts & Culture,Media | Arts,upcoming,Free,Hartford Public Library,https://programs.hplct.org/events,https://hplct.libnet.info/event/17235938,Teens
hpl:17201860:2026-10-05 15:00:00,Slime Time,Get your hands dirty and make all different kinds of slime at the library.,2026-10-05 15:00:00,2026-10-05 16:00:00,Dwight Library,Other & General,STEM,upcoming,Free,Hartford Public Library,https://programs.hplct.org/events,https://hplct.libnet.info/event/17201860,Youth
hpl:17235878:2026-10-05 15:00:00,STEAM & Maker Lab,"Teens explore hands-on STEM projects using technology, engineering, and creative problem-solving. Activities include 3D printing, coding, electronics, and collaborative maker challenges.",2026-10-05 15:00:00,2026-10-05 17:00:00,Albany Library,Family & Kids | Learning & Careers,Technology | STEM,upcoming,Free,Hartford Public Library,https://programs.hplct.org/events,https://hplct.libnet.info/event/17235878,Teens
hpl:17531840:2026-10-05 15:30:00,Brick Builders,Visit the library to build whatever you can think of with a variety of different building kits.,2026-10-05 15:30:00,2026-10-05 16:30:00,Albany Library,Other & General,STEM,upcoming,Free,Hartford Public Library,https://programs.hplct.org/events,https://hplct.libnet.info/event/17531840,"Youth, Family"
hpl:17531980:2026-10-05 15:30:00,Homework Club,Drop in Mondays to do your homework and help your peers.,2026-10-05 15:30:00,2026-10-05 16:30:00,Albany Library,Learning & Careers,Education | Education,upcoming,Free,Hartford Public Library,https://programs.hplct.org/events,https://hplct.libnet.info/event/17531980,Youth
hpl:17165168:2026-10-05 15:30:00,Homework Heroes,"Need a little extra support? Stop by after school for help with homework, reading, and school assignments in a welcoming environment. Children under 12 must be accompanied by a parent or caregiver.",2026-10-05 15:30:00,2026-10-05 16:00:00,Ropkins Library,Arts & Culture | Family & Kids | Outdoors & Nature,STEM | Reading & Writing,upcoming,Free,Hartford Public Library,https://programs.hplct.org/events,https://hplct.libnet.info/event/17165168,"Youth, Family"
hpl:17165279:2026-10-05 15:45:00,Fall Into Creativity,"Join Ms. Linda at the Ropkins Library every Monday to explore your creativity with a fun, hands-on craft. Enjoy a different project each week in a relaxed and welcoming environment.",2026-10-05 15:45:00,2026-10-05 16:15:00,Ropkins Library,Arts & Culture | Family & Kids | Outdoors & Nature,Family | Arts,upcoming,Free,Hartford Public Library,https://programs.hplct.org/events,https://hplct.libnet.info/event/17165279,"Youth, Family"
hpl:17517658:2026-10-05 16:00:00,Homework Hub,Need some extra help with homework? Stop by after school for support with assignments and studying. For ages 6-12.,2026-10-05 16:00:00,2026-10-05 17:00:00,Camp Field Library,Arts & Culture | Family & Kids,STEM | Reading & Writing,upcoming,Free,Hartford Public Library,https://programs.hplct.org/events,https://hplct.libnet.info/event/17517658,"Youth, Family"
hpl:16861103:2026-10-05 17:00:00,Math Class,"Math classes offered in collaboration with Learn for Life, Inc. for adult students working to enhance workplace skills, prepare for the GED, or get ready for college",2026-10-05 17:00:00,2026-10-05 19:00:00,Downtown,Learning & Careers,STEM | Career,upcoming,Free,Hartford Public Library,https://programs.hplct.org/events,https://hplct.libnet.info/event/16861103,Adults
hartfordcom:106337:2026-10-06,A Conversation with Trevor Noah,"A Conversation with Trevor Noah at The Bushnell. Open the event listing for description, cost, times, and registration.",2026-10-06,,The Bushnell,Other & General,,upcoming,Check event listing,Hartford.com,https://hartford.com/events/,https://hartford.com/calendar/a-conversation-with-trevor-noah/?occurrence=2026-10-06,Check event listing
eventbrite:2002464143157:2026-10-06,Food Truck Lunch Residency | 10 Columbus Boulevard,"Open the event listing for details, cost, time, and registration.",2026-10-06,2026-10-06,10 Columbus Blvd · 10 Columbus Boulevard,Food & Restaurants,,upcoming,Check event listing,Eventbrite,https://www.eventbrite.com/d/ct--hartford/events/,https://www.eventbrite.com/e/food-truck-lunch-residency-10-columbus-boulevard-tickets-2002464143157,Check event listing
city:trinfo-frog-hollow-cleanup:2026-10-06,Trinfo x BGCH Frog Hollow Clean-Up,"Listed in the City of Hartford events directory as a community cleanup. Check the city listing for current time, meeting point, and participation details.",2026-10-06,,"Frog Hollow, Hartford (see event listing)",Community & Volunteering | Outdoors & Nature,Community Event,upcoming,Check event listing,City of Hartford,https://www.hartfordct.gov/Events-directory,https://www.hartfordct.gov/Government/Departments/Mayor-Arulampalam/Community-Engagement/Trailer-for-10626,Community members
hpl:17168076:2026-10-06 00:00:00,The Puzzle Place for Teens,"Take a break, unwind, and help complete our community puzzle! Drop in anytime to add a few pieces, meet other teens, or enjoy a quiet brain break.",2026-10-06 00:00:00,2026-10-06 23:59:00,Ropkins Library,Sports & Games | Family & Kids | Community & Volunteering,STEM | Community,upcoming,Free,Hartford Public Library,https://programs.hplct.org/events,https://hplct.libnet.info/event/17168076,Teens
hpl:17478780:2026-10-06 09:30:00,DSS: Department of Social Service,Do you have questions about your DSS account? The Connecticut Department of Social Services is available to assist you. No appointments required.,2026-10-06 09:30:00,2026-10-06 14:00:00,Park Street Library @ The Lyric,Health & Wellness,Health & Wellness,upcoming,Free,Hartford Public Library,https://programs.hplct.org/events,https://hplct.libnet.info/event/17478780,Adults
hpl:16809903:2026-10-06 09:30:00,ESL Classes,English as a second language classes for adults. Registered students only. Please contact ESL@hplct.org for more information.,2026-10-06 09:30:00,2026-10-06 12:00:00,Downtown,Arts & Culture | Learning & Careers | Community & Volunteering,Reading & Writing | Language | Civic Engagement | Career,upcoming,Free,Hartford Public Library,https://programs.hplct.org/events,https://hplct.libnet.info/event/16809903,Adults
hpl:16809737:2026-10-06 09:30:00,ESL Classes,English as a second language classes for adults. Registered students only. Please contact ESL@hplct.org for more information.,2026-10-06 09:30:00,2026-10-06 12:00:00,Downtown,Arts & Culture | Learning & Careers | Community & Volunteering,Reading & Writing | Language | Civic Engagement | Career,upcoming,Free,Hartford Public Library,https://programs.hplct.org/events,https://hplct.libnet.info/event/16809737,Adults
hpl:16809301:2026-10-06 09:30:00,ESL Classes,English as a second language classes. Registered students only. Please contact ESL@hplct.org for more information.,2026-10-06 09:30:00,2026-10-06 12:00:00,Downtown,Arts & Culture | Learning & Careers | Community & Volunteering,Reading & Writing | Language | Civic Engagement | Career,upcoming,Free,Hartford Public Library,https://programs.hplct.org/events,https://hplct.libnet.info/event/16809301,Adults
hpl:16809583:2026-10-06 09:30:00,ESL Classes,English as a second language classes for adults. Registered students only. Please contact ESL@hplct.org for more information.,2026-10-06 09:30:00,2026-10-06 12:00:00,Downtown,Arts & Culture | Learning & Careers | Community & Volunteering,Reading & Writing | Language | Civic Engagement | Career,upcoming,Free,Hartford Public Library,https://programs.hplct.org/events,https://hplct.libnet.info/event/16809583,Adults
hpl:17478542:2026-10-06 11:00:00,Ceramic Pumpkin Painting,Get creative with designs and join us in painting mini pumpkins for fall!,2026-10-06 11:00:00,2026-10-06 12:00:00,Albany Library,Other & General,Arts,upcoming,Free,Hartford Public Library,https://programs.hplct.org/events,https://hplct.libnet.info/event/17478542,Adults
hpl:17077423:2026-10-06 11:00:00,Story Time,"Come to the library for stories, songs, and fingerplays! For children ages birth through five with caregiver.",2026-10-06 11:00:00,2026-10-06 11:45:00,Camp Field Library,Family & Kids,Storytime,upcoming,Free,Hartford Public Library,https://programs.hplct.org/events,https://hplct.libnet.info/event/17077423,"Youth, Family"
hpl:17491687:2026-10-06 14:30:00,English Learners Success,"This program supports high school English Learners through engaging, project-based instruction that strengthens English language proficiency, academic success, and college and career readiness.",2026-10-06 14:30:00,2026-10-06 16:30:00,Downtown,Arts & Culture | Family & Kids | Learning & Careers,TAP | STEM | Reading & Writing | Language,upcoming,Free,Hartford Public Library,https://programs.hplct.org/events,https://hplct.libnet.info/event/17491687,Teens
hpl:17251763:2026-10-06 15:00:00,DJ Foundation Lab @ YOUmedia,"Learn the fundamentals of DJing through hands-on experience with professional equipment and software. Explore beatmatching, transitions, music selection, and performance skills.",2026-10-06 15:00:00,2026-10-06 17:00:00,Downtown,Music & Nightlife | Health & Wellness | Learning & Careers,Technology | STEM | Career | Arts,upcoming,Free,Hartford Public Library,https://programs.hplct.org/events,https://hplct.libnet.info/event/17251763,Teens
hpl:17236248:2026-10-06 15:00:00,Games & Strategy,"Build critical thinking and teamwork through friendly competition. Participants can play chess, dominoes, Ludo, Nintendo Switch games, and other strategy-based board and video games.",2026-10-06 15:00:00,2026-10-06 17:00:00,Albany Library,Sports & Games,Media,upcoming,Free,Hartford Public Library,https://programs.hplct.org/events,https://hplct.libnet.info/event/17236248,Teens
hpl:17337747:2026-10-06 15:00:00,Pearson Test Center testing,"Pearson testing in the West Middle test center (44 Niles Street). Registered testers only. If you have questions or require assistance the day of your testing appointment, please call (860) 331-9538.",2026-10-06 15:00:00,2026-10-06 20:00:00,West Middle School Branch,Outdoors & Nature,TAP,upcoming,Free,Hartford Public Library,https://programs.hplct.org/events,https://hplct.libnet.info/event/17337747,Adults
hpl:17236286:2026-10-06 15:00:00,Picture This,A photography-focused program taking students through the creative process from pre-production and shooting to editing and post-production.,2026-10-06 15:00:00,2026-10-06 17:00:00,Albany Library,Learning & Careers,Technology | Media | Arts,upcoming,Free,Hartford Public Library,https://programs.hplct.org/events,https://hplct.libnet.info/event/17236286,Teens
hpl:17236268:2026-10-06 15:00:00,Self Care Sesh,"Give yourself some room to breathe while participating in relaxing activities like journaling, DIY self-care products, drawing and painting.",2026-10-06 15:00:00,2026-10-06 17:00:00,Albany Library,Community & Volunteering,Community | Arts,upcoming,Free,Hartford Public Library,https://programs.hplct.org/events,https://hplct.libnet.info/event/17236268,Teens
hpl:17251495:2026-10-06 15:30:00,Characters in Motion,Bring your characters to life! Teens will explore comic art and animation while developing their visual story-telling skills.,2026-10-06 15:30:00,2026-10-06 16:30:00,Downtown,Arts & Culture | Family & Kids | Learning & Careers,Technology | STEM | Career | Arts,upcoming,Free,Hartford Public Library,https://programs.hplct.org/events,https://hplct.libnet.info/event/17251495,Teens
hpl:17531802:2026-10-06 15:30:00,Crafternoon,Bring out your inner artist with a fun craft! On 10/13 we will have a special craft for the end of Hispanic Heritage Month.,2026-10-06 15:30:00,2026-10-06 16:30:00,Albany Library,Arts & Culture,Media | Arts,upcoming,Free,Hartford Public Library,https://programs.hplct.org/events,https://hplct.libnet.info/event/17531802,"Youth, Family"
hpl:17165455:2026-10-06 15:30:00,Fall STEM Adventures,"Discover, build, and explore! Join us each week for hands-on STEM activities that encourage creativity, critical thinking, and problem-solving.",2026-10-06 15:30:00,2026-10-06 16:15:00,Ropkins Library,Other & General,STEM,upcoming,Free,Hartford Public Library,https://programs.hplct.org/events,https://hplct.libnet.info/event/17165455,"Youth, Family"
hpl:17165169:2026-10-06 15:30:00,Homework Heroes,"Need a little extra support? Stop by after school for help with homework, reading, and school assignments in a welcoming environment. Children under 12 must be accompanied by a parent or caregiver.",2026-10-06 15:30:00,2026-10-06 16:00:00,Ropkins Library,Arts & Culture | Family & Kids | Outdoors & Nature,STEM | Reading & Writing,upcoming,Free,Hartford Public Library,https://programs.hplct.org/events,https://hplct.libnet.info/event/17165169,"Youth, Family"
hpl:17077661:2026-10-06 16:00:00,Craft Corner,Get crafty at the Camp Field Library! Children ages 6-12 are invited to explore their creativity by making a fun craft every week.,2026-10-06 16:00:00,2026-10-06 17:00:00,Camp Field Library,Arts & Culture | Family & Kids,Arts,upcoming,Free,Hartford Public Library,https://programs.hplct.org/events,https://hplct.libnet.info/event/17077661,Youth
hpl:16671871:2026-10-06 16:00:00,GED Learning Circles,"Instructor-led small group study support toward the Science, Social Studies, Mathematical Reasoning, and Language Arts GED subject tests, utilizing GED prep software provided by the Library.",2026-10-06 16:00:00,2026-10-06 17:30:00,Downtown,Arts & Culture | Learning & Careers,Technology | STEM | Reading & Writing,upcoming,Free,Hartford Public Library,https://programs.hplct.org/events,https://hplct.libnet.info/event/16671871,Adults
hpl:16908988:2026-10-06 17:00:00,Financial Literacy: 1-on-1 Coaching,"One-on-one money management skills coaching at the Downtown Library in Spanish or in English, by appointment. For more information, call/text (860) 256-9856",2026-10-06 17:00:00,2026-10-06 18:00:00,Downtown,Learning & Careers | Community & Volunteering,Education | Education | Community | Civic Engagement,upcoming,Free,Hartford Public Library,https://programs.hplct.org/events,https://hplct.libnet.info/event/16908988,Adults
hpl:17497626:2026-10-06 17:30:00,ESL Classes,Adult Education English as a Second Language,2026-10-06 17:30:00,2026-10-06 19:30:00,Downtown,Arts & Culture | Learning & Careers,TAP | Reading & Writing,upcoming,Free,Hartford Public Library,https://programs.hplct.org/events,https://hplct.libnet.info/event/17497626,Adults
hpl:16671932:2026-10-06 17:30:00,GED Learning Circles,"Instructor-led small group study support toward the Science, Social Studies, Mathematical Reasoning, and Language Arts GED subject tests, utilizing GED prep software provided by the Library.",2026-10-06 17:30:00,2026-10-06 19:00:00,Downtown,Arts & Culture | Learning & Careers,Technology | STEM | Reading & Writing,upcoming,Free,Hartford Public Library,https://programs.hplct.org/events,https://hplct.libnet.info/event/16671932,Adults
hpl:16904692:2026-10-06 19:00:00,HPL Scriptwriters' Circle,"HPL STUDIOS presents a roundtable for writers to share ideas and material from their feature, short film, web series, sketch or scripted audio project with peers.",2026-10-06 19:00:00,2026-10-06 20:30:00,Downtown,Arts & Culture,Reading & Writing | Media | Arts,upcoming,Free,Hartford Public Library,https://programs.hplct.org/events,https://hplct.libnet.info/event/16904692,Adults
hpl:17168077:2026-10-07 00:00:00,The Puzzle Place for Teens,"Take a break, unwind, and help complete our community puzzle! Drop in anytime to add a few pieces, meet other teens, or enjoy a quiet brain break.",2026-10-07 00:00:00,2026-10-07 23:59:00,Ropkins Library,Sports & Games | Family & Kids | Community & Volunteering,STEM | Community,upcoming,Free,Hartford Public Library,https://programs.hplct.org/events,https://hplct.libnet.info/event/17168077,Teens
hpl:17388189:2026-10-07 09:30:00,CASAS Testing,CASAS testing for enrolled students in TAP programs,2026-10-07 09:30:00,2026-10-07 12:00:00,Downtown,Arts & Culture | Learning & Careers,TAP | Reading & Writing | Language,upcoming,Free,Hartford Public Library,https://programs.hplct.org/events,https://hplct.libnet.info/event/17388189,Adults
hpl:16806801:2026-10-07 09:30:00,English for All,Guided online learning for English as a second language,2026-10-07 09:30:00,2026-10-07 12:00:00,Downtown,Arts & Culture | Learning & Careers,Reading & Writing | Language,upcoming,Free,Hartford Public Library,https://programs.hplct.org/events,https://hplct.libnet.info/event/16806801,Adults
hpl:16812346:2026-10-07 09:30:00,ESL ServSafe,ServSafe training for registered ESL students only. Contact ESL@hplct.org for more information. Description,2026-10-07 09:30:00,2026-10-07 12:00:00,Downtown,Learning & Careers,Language | Career,upcoming,Free,Hartford Public Library,https://programs.hplct.org/events,https://hplct.libnet.info/event/16812346,Adults
hpl:17484334:2026-10-07 09:30:00,GED Learning Circles,"Instructor-led small group study support toward the Science, Social Studies, Mathematical Reasoning, and Language Arts GED subject tests, utilizing GED prep software provided by the Library.",2026-10-07 09:30:00,2026-10-07 11:00:00,Downtown,Arts & Culture | Learning & Careers,STEM | Reading & Writing,upcoming,Free,Hartford Public Library,https://programs.hplct.org/events,https://hplct.libnet.info/event/17484334,Adults
hpl:17505943:2026-10-07 10:00:00,Job Fair,"Looking for your next opportunity? Join us for our Job Fair and connect with a variety employers, explore job openings, and make valuable career connections.",2026-10-07 10:00:00,2026-10-07 13:00:00,Park Street Library @ The Lyric,Learning & Careers,Career,upcoming,Free,Hartford Public Library,https://programs.hplct.org/events,https://hplct.libnet.info/event/17505943,Adults
hpl:17484351:2026-10-07 11:00:00,GED Learning Circles,"Instructor-led small group study support toward the Science, Social Studies, Mathematical Reasoning, and Language Arts GED subject tests, utilizing GED prep software provided by the Library.",2026-10-07 11:00:00,2026-10-07 12:30:00,Downtown,Arts & Culture | Learning & Careers,STEM | Reading & Writing,upcoming,Free,Hartford Public Library,https://programs.hplct.org/events,https://hplct.libnet.info/event/17484351,Adults
hpl:17484465:2026-10-07 12:30:00,Math Class,"Math classes offered in collaboration with Learn for Life, Inc. for adult students working to enhance workplace skills, prepare for the GED, or get ready for college",2026-10-07 12:30:00,2026-10-07 14:30:00,Downtown,Learning & Careers,STEM,upcoming,Free,Hartford Public Library,https://programs.hplct.org/events,https://hplct.libnet.info/event/17484465,Adults
hpl:17242172:2026-10-07 14:30:00,Next Steps for College for English Learners,"This program supports high school English Learners in grades 11-12 as they develop English language proficiency, achieve academic success, and prepare for college and career pathways.",2026-10-07 14:30:00,2026-10-07 17:00:00,Downtown,Arts & Culture | Family & Kids | Learning & Careers,STEM | Reading & Writing | Language,archived,Free,Hartford Public Library,https://programs.hplct.org/events,https://hplct.libnet.info/event/17242172,Teens
hpl:17491397:2026-10-07 14:30:00,Next Steps for College for English Learners,"This program supports high school English Learners in grades 11-12 as they develop English language proficiency, achieve academic success, and prepare for college and career pathways.",2026-10-07 14:30:00,2026-10-07 16:30:00,Downtown,Arts & Culture | Family & Kids | Learning & Careers,TAP | STEM | Reading & Writing | Language,upcoming,Free,Hartford Public Library,https://programs.hplct.org/events,https://hplct.libnet.info/event/17491397,Teens
hpl:17236382:2026-10-07 15:00:00,Creative Writing 101,"Learn skills like character and narrative design, world building, and writing real dialogue to bring your stories to life.",2026-10-07 15:00:00,2026-10-07 17:00:00,Albany Library,Arts & Culture | Learning & Careers | Community & Volunteering,Reading & Writing | Community | Arts,upcoming,Free,Hartford Public Library,https://programs.hplct.org/events,https://hplct.libnet.info/event/17236382,Teens
hpl:17236368:2026-10-07 15:00:00,Film & Digital Media,"Learn the fundamentals of filmmaking, photography, editing, animation, and visual effects. Teens will create short films, experiment with cameras and editing software, and develop storytelling skills.",2026-10-07 15:00:00,2026-10-07 17:00:00,Albany Library,Arts & Culture | Health & Wellness | Family & Kids | Learning & Careers,Technology | Media | Arts,upcoming,Free,Hartford Public Library,https://programs.hplct.org/events,https://hplct.libnet.info/event/17236368,Teens
hpl:17252362:2026-10-07 15:00:00,Game Design @ YOUmedia,"We’re continuing to create games for the PC and VR. Join in, add your inspiration and learn some new skills! We’ll be using the Unity Game engine.",2026-10-07 15:00:00,2026-10-07 17:00:00,Downtown,Sports & Games | Learning & Careers,Technology | STEM | Media | Career | Arts,upcoming,Free,Hartford Public Library,https://programs.hplct.org/events,https://hplct.libnet.info/event/17252362,Teens
hpl:17337748:2026-10-07 15:00:00,Pearson Test Center testing,"Pearson testing in the West Middle test center (44 Niles Street). Registered testers only. If you have questions or require assistance the day of your testing appointment, please call (860) 331-9538.",2026-10-07 15:00:00,2026-10-07 20:00:00,West Middle School Branch,Outdoors & Nature,TAP,upcoming,Free,Hartford Public Library,https://programs.hplct.org/events,https://hplct.libnet.info/event/17337748,Adults
hpl:17201873:2026-10-07 15:00:00,Tinkercad Time,Take turns creating 3-D print files in Tinkercad to be printed over the course of the next 5 library days!,2026-10-07 15:00:00,2026-10-07 16:00:00,Dwight Library,Learning & Careers,Technology | STEM,upcoming,Free,Hartford Public Library,https://programs.hplct.org/events,https://hplct.libnet.info/event/17201873,Youth
hpl:17236399:2026-10-07 15:00:00,Wonder Wednesday,"This program gives students a fun and interactive space to test their knowledge through a variety of games, including throwback trivia, GeoGuessr, pop culture, music, history, and more.",2026-10-07 15:00:00,2026-10-07 17:00:00,Albany Library,Sports & Games | Music & Nightlife | Arts & Culture | Community & Volunteering,Media | Community,upcoming,Free,Hartford Public Library,https://programs.hplct.org/events,https://hplct.libnet.info/event/17236399,Teens
hpl:17252273:2026-10-07 15:30:00,Hands on Adobe,"Get creative with Adobe! Teens will learn the basics of popular Adobe creative programs while experimenting with digital art, graphic design, photo editing, and more.",2026-10-07 15:30:00,2026-10-07 16:30:00,Downtown,Arts & Culture | Family & Kids | Learning & Careers,Technology | STEM | Career | Arts,upcoming,Free,Hartford Public Library,https://programs.hplct.org/events,https://hplct.libnet.info/event/17252273,Teens
hpl:17531669:2026-10-07 15:30:00,Quiet Coloring,Join us for a relaxing coloring program.,2026-10-07 15:30:00,2026-10-07 16:30:00,Albany Library,Other & General,Arts,upcoming,Free,Hartford Public Library,https://programs.hplct.org/events,https://hplct.libnet.info/event/17531669,"Youth, Family"
hpl:17165752:2026-10-07 15:30:00,"Think, Search & Solve!","Put your thinking skills to the test with fall-themed word searches, I Spy puzzles, mazes, and other fun brain-teasing activities.",2026-10-07 15:30:00,2026-10-07 16:15:00,Ropkins Library,Sports & Games | Family & Kids,STEM | Family,upcoming,Free,Hartford Public Library,https://programs.hplct.org/events,https://hplct.libnet.info/event/17165752,"Youth, Family"
hpl:17207277:2026-10-07 16:00:00,Crafternoon,"Drop in for Crafternoon, a hands-on art program where kids can explore seasonal crafts, recycled art, and creative building projects. Please RSVP; supplies are limited.",2026-10-07 16:00:00,2026-10-07 17:00:00,Downtown,Arts & Culture | Family & Kids,Arts,upcoming,Free,Hartford Public Library,https://programs.hplct.org/events,https://hplct.libnet.info/event/17207277,"Youth, Family"
hpl:17517659:2026-10-07 16:00:00,Homework Hub,Need some extra help with homework? Stop by after school for support with assignments and studying. For ages 6-12.,2026-10-07 16:00:00,2026-10-07 17:00:00,Camp Field Library,Arts & Culture | Family & Kids,STEM | Reading & Writing,upcoming,Free,Hartford Public Library,https://programs.hplct.org/events,https://hplct.libnet.info/event/17517659,"Youth, Family"
hpl:16909013:2026-10-07 17:00:00,Financial Literacy: 1-on-1 Coaching,"One-on-one money management skills coaching at the Downtown Library in Spanish or in English, by appointment. For more information, call/text (860) 256-9856",2026-10-07 17:00:00,2026-10-07 18:00:00,Downtown,Learning & Careers | Community & Volunteering,Education | Education | Community | Civic Engagement,upcoming,Free,Hartford Public Library,https://programs.hplct.org/events,https://hplct.libnet.info/event/16909013,Adults
hpl:16861127:2026-10-07 17:00:00,Math Class,"Math classes offered in collaboration with Learn for Life, Inc. for adult students working to enhance workplace skills, prepare for the GED, or get ready for college",2026-10-07 17:00:00,2026-10-07 19:00:00,Downtown,Learning & Careers,STEM | Career,upcoming,Free,Hartford Public Library,https://programs.hplct.org/events,https://hplct.libnet.info/event/16861127,Adults
hpl:16899059:2026-10-07 17:30:00,Monthly Men's Group,"Join us for a weekly men's group. Check in with each other, discuss important topics, connect and network with men in the Hartford area.",2026-10-07 17:30:00,2026-10-07 19:00:00,Downtown,Health & Wellness,Health & Wellness,upcoming,Free,Hartford Public Library,https://programs.hplct.org/events,https://hplct.libnet.info/event/16899059,Adults
hpl:16943131:2026-10-07 18:30:00,Intro to Mixing Workshop,This workshop is for participants who have completed the Intro to Studio Technology Workshop or have commensurate recording studio experience.,2026-10-07 18:30:00,2026-10-07 20:00:00,Downtown,Learning & Careers,Media | Arts,upcoming,Free,Hartford Public Library,https://programs.hplct.org/events,https://hplct.libnet.info/event/16943131,"Youth, Teens, Family, Adults"
hpl:16928510:2026-10-07 18:30:00,Zumba w/Kay,"Join us for fun, high energy fitness classes! Registration suggestion but not required. Wear comfortable clothing and bring water.",2026-10-07 18:30:00,2026-10-07 19:30:00,Downtown,Sports & Games | Health & Wellness | Learning & Careers,Health & Wellness,upcoming,Free,Hartford Public Library,https://programs.hplct.org/events,https://hplct.libnet.info/event/16928510,Adults
eventbrite:1999539541595:2026-10-08,CWCSEO CivicsCon 2026,"Open the event listing for details, cost, time, and registration.",2026-10-08,2026-10-08,Legislative Office Building · 300 Capitol Avenue,Community & Volunteering,,upcoming,Check event listing,Eventbrite,https://www.eventbrite.com/d/ct--hartford/events/,https://www.eventbrite.com/e/cwcseo-civicscon-2026-tickets-1999539541595,Check event listing
hartfordcom:107049:2026-10-08,Little Bear Ridge Road,"Little Bear Ridge Road at Theaterworks Hartford. Open the event listing for description, cost, times, and registration.",2026-10-08,,Theaterworks Hartford,Arts & Culture,,upcoming,Check event listing,Hartford.com,https://hartford.com/events/,https://hartford.com/calendar/little-bear-ridge-road/?occurrence=2026-10-08&time=1791487800,Check event listing
eventbrite:1994753551570:2026-10-08,Signature Event - General Counsel Roundtable,"Open the event listing for details, cost, time, and registration.",2026-10-08,2026-10-08,Mark Twain House Lincoln Financial Auditorium · 351 Farmington Avenue,Health & Wellness | Outdoors & Nature,,upcoming,Check event listing,Eventbrite,https://www.eventbrite.com/d/ct--hartford/events/,https://www.eventbrite.com/e/signature-event-general-counsel-roundtable-tickets-1994753551570,Check event listing
eventbrite:1995168477625:2026-10-08,The Hartford Pancakes & Booze Art Show (Vendor & Artist Reservations Only),"Open the event listing for details, cost, time, and registration.",2026-10-08,2026-10-08,The Webster · 31 Webster Street,Arts & Culture,,upcoming,Check event listing,Eventbrite,https://www.eventbrite.com/d/ct--hartford/events/,https://www.eventbrite.com/e/the-hartford-pancakes-booze-art-show-vendor-artist-reservations-only-tickets-1995168477625,Check event listing
hpl:17168078:2026-10-08 00:00:00,The Puzzle Place for Teens,"Take a break, unwind, and help complete our community puzzle! Drop in anytime to add a few pieces, meet other teens, or enjoy a quiet brain break.",2026-10-08 00:00:00,2026-10-08 23:59:00,Ropkins Library,Sports & Games | Family & Kids | Community & Volunteering,STEM | Community,upcoming,Free,Hartford Public Library,https://programs.hplct.org/events,https://hplct.libnet.info/event/17168078,Teens
hpl:16809854:2026-10-08 09:30:00,ESL Classes,English as a second language classes for adults. Registered students only. Please contact ESL@hplct.org for more information.,2026-10-08 09:30:00,2026-10-08 12:00:00,Downtown,Arts & Culture | Learning & Careers | Community & Volunteering,Reading & Writing | Language | Civic Engagement | Career,upcoming,Free,Hartford Public Library,https://programs.hplct.org/events,https://hplct.libnet.info/event/16809854,Adults
hpl:16809694:2026-10-08 09:30:00,ESL Classes,English as a second language classes for adults. Registered students only. Please contact ESL@hplct.org for more information.,2026-10-08 09:30:00,2026-10-08 12:00:00,Downtown,Arts & Culture | Learning & Careers | Community & Volunteering,Reading & Writing | Language | Civic Engagement | Career,upcoming,Free,Hartford Public Library,https://programs.hplct.org/events,https://hplct.libnet.info/event/16809694,Adults
hpl:16809584:2026-10-08 09:30:00,ESL Classes,English as a second language classes for adults. Registered students only. Please contact ESL@hplct.org for more information.,2026-10-08 09:30:00,2026-10-08 12:00:00,Downtown,Arts & Culture | Learning & Careers | Community & Volunteering,Reading & Writing | Language | Civic Engagement | Career,upcoming,Free,Hartford Public Library,https://programs.hplct.org/events,https://hplct.libnet.info/event/16809584,Adults
hpl:16809257:2026-10-08 09:30:00,ESL Classes,English as a second language classes. Registered students only. Please contact ESL@hplct.org for more information.,2026-10-08 09:30:00,2026-10-08 12:00:00,Downtown,Arts & Culture | Learning & Careers | Community & Volunteering,Reading & Writing | Language | Civic Engagement | Career,upcoming,Free,Hartford Public Library,https://programs.hplct.org/events,https://hplct.libnet.info/event/16809257,Adults
hpl:17455786:2026-10-08 11:00:00,Everyday Tech,"Are you interested in improving your basic computer skills, learning how to navigate tech tools or earning a Northstar Digital Certificate? If so, register for a Tech Help session.",2026-10-08 11:00:00,2026-10-08 12:00:00,Camp Field Library,Learning & Careers,Technology,upcoming,Free,Hartford Public Library,https://programs.hplct.org/events,https://hplct.libnet.info/event/17455786,Adults
hpl:17166302:2026-10-08 13:30:00,Teen Takeover,"Take a break, hang out with friends, and meet new people every Thursday! Enjoy a different activity each week—from games and crafts to creative challenges and more.",2026-10-08 13:30:00,2026-10-08 14:30:00,Ropkins Library,Sports & Games | Arts & Culture | Family & Kids | Learning & Careers,Technology | STEM | Arts,upcoming,Free,Hartford Public Library,https://programs.hplct.org/events,https://hplct.libnet.info/event/17166302,Teens
hpl:17486345:2026-10-08 14:00:00,Banned Book Scavenger Hunt,Search Dwight Library for information about banned books and win a prize!,2026-10-08 14:00:00,2026-10-08 15:00:00,Dwight Library,Arts & Culture,Reading & Writing,upcoming,Free,Hartford Public Library,https://programs.hplct.org/events,https://hplct.libnet.info/event/17486345,Adults
hpl:17491879:2026-10-08 14:30:00,English Learners Success,"This program supports high school English Learners through engaging, project-based instruction that strengthens English language proficiency, academic success, and college and career readiness.",2026-10-08 14:30:00,2026-10-08 16:30:00,Downtown,Arts & Culture | Family & Kids | Learning & Careers,TAP | STEM | Reading & Writing | Language,upcoming,Free,Hartford Public Library,https://programs.hplct.org/events,https://hplct.libnet.info/event/17491879,Teens
hpl:17251412:2026-10-08 15:00:00,Brick by Brick,"Learn LEGO building through hands-on creative challenges, individual projects, and team builds. Explore design, engineering, structure, and storytelling while developing problem-solving and teamwork.",2026-10-08 15:00:00,2026-10-08 17:00:00,Downtown,Family & Kids | Learning & Careers | Community & Volunteering,STEM | Community | Career | Arts,upcoming,Free,Hartford Public Library,https://programs.hplct.org/events,https://hplct.libnet.info/event/17251412,Teens
hpl:16839308:2026-10-08 15:00:00,Community Groceries,"Fresh food, friendly faces, and support for our community! Stop by Barbour Library to pick up free fresh produce and other nutritious groceries while supplies last.",2026-10-08 15:00:00,2026-10-08 16:00:00,Barbour Library,Food & Restaurants | Health & Wellness | Family & Kids | Community & Volunteering,Outreach | Health & Wellness | Family | Community | Civic Engagement,upcoming,Free,Hartford Public Library,https://programs.hplct.org/events,https://hplct.libnet.info/event/16839308,"Family, Adults"
hpl:17236459:2026-10-08 15:00:00,Creative Arts & Design,"Express creativity through painting, drawing, collage, origami, crafts, button making, and other hands-on art projects while exploring different artistic techniques and styles.",2026-10-08 15:00:00,2026-10-08 17:00:00,Albany Library,Arts & Culture | Community & Volunteering,Community | Arts,upcoming,Free,Hartford Public Library,https://programs.hplct.org/events,https://hplct.libnet.info/event/17236459,Teens
hpl:17236500:2026-10-08 15:00:00,Self Care Lab,"Learn the creative and practical side of personal care through hands-on projects such as making soaps, deodorants, body oils, hair-care products, and other self-care items.",2026-10-08 15:00:00,2026-10-08 17:00:00,Albany Library,Learning & Careers,Arts,upcoming,Free,Hartford Public Library,https://programs.hplct.org/events,https://hplct.libnet.info/event/17236500,Teens
hpl:17252487:2026-10-08 15:30:00,"Create, Sketch & Make @ YOUmedia","Unleash your creativity with hands-on art projects, crafts and sketching. Teens will have opportunities to create indoors and outdoors while exploring new ways to turn inspiration into art.",2026-10-08 15:30:00,2026-10-08 16:30:00,Downtown,Arts & Culture | Family & Kids | Learning & Careers | Outdoors & Nature,STEM | Career | Arts,upcoming,Free,Hartford Public Library,https://programs.hplct.org/events,https://hplct.libnet.info/event/17252487,Teens
hpl:17533843:2026-10-08 15:30:00,Homework Help,"Need a little extra support? Stop by after school for help with homework, reading, and school assignments in a welcoming environment. Children under 12 must be accompanied by a parent or caregiver",2026-10-08 15:30:00,2026-10-08 16:30:00,Downtown,Arts & Culture | Family & Kids | Learning & Careers | Outdoors & Nature,Family | Education | Education,upcoming,Free,Hartford Public Library,https://programs.hplct.org/events,https://hplct.libnet.info/event/17533843,"Youth, Family"
hpl:16387511:2026-10-08 16:00:00,Adult Tech Class,"Join us for hands-on computer basics lessons for adults. All experience levels welcomed, beginners encouraged! Registration is not necessary.",2026-10-08 16:00:00,2026-10-08 17:30:00,Downtown,Learning & Careers,Technology,upcoming,Free,Hartford Public Library,https://programs.hplct.org/events,https://hplct.libnet.info/event/16387511,Adults
hpl:17081742:2026-10-08 16:00:00,Thursday Fun Zone,Join us on Thursdays for a different themed activity or craft! For ages 6-12.,2026-10-08 16:00:00,2026-10-08 17:00:00,Camp Field Library,Arts & Culture,Arts,upcoming,Free,Hartford Public Library,https://programs.hplct.org/events,https://hplct.libnet.info/event/17081742,Youth
hpl:17497747:2026-10-08 17:30:00,ESL Classes,Adult Education English as a Second Language,2026-10-08 17:30:00,2026-10-08 19:30:00,Downtown,Arts & Culture | Learning & Careers,TAP | Reading & Writing,upcoming,Free,Hartford Public Library,https://programs.hplct.org/events,https://hplct.libnet.info/event/17497747,Adults
hpl:17458946:2026-10-08 18:00:00,The Librarians,"Hartford Public Library is pleased to bring ""The Librarians"" Oscar-nominated and Emmy-award winning Producer, Janique Robillard, to Connecticut for a special screening at HPL's Downtown Library!",2026-10-08 18:00:00,2026-10-08 20:00:00,Downtown,Community & Volunteering,Media | Community | Civic Engagement,upcoming,Free,Hartford Public Library,https://programs.hplct.org/events,https://hplct.libnet.info/event/17458946,Adults
hpl:16904872:2026-10-08 19:00:00,HPL Studios - Advanced Podcasting Workshop,HPL STUDIOS presents a class to level up your podcast content and learn about the business of podcasting.,2026-10-08 19:00:00,2026-10-08 20:30:00,Downtown,Learning & Careers,Technology | Media | Arts,upcoming,Free,Hartford Public Library,https://programs.hplct.org/events,https://hplct.libnet.info/event/16904872,"Teens, Adults"
eventbrite:2000451505303:2026-10-09,COMMUNE: Opening Night Art Exhibit,"Open the event listing for details, cost, time, and registration.",2026-10-09,2026-10-09,The Hue Gallery · 100 Trumbull ST,Arts & Culture,,upcoming,Check event listing,Eventbrite,https://www.eventbrite.com/d/ct--hartford/events/,https://www.eventbrite.com/e/commune-opening-night-art-exhibit-tickets-2000451505303,Check event listing
hartfordcom:106777:2026-10-09,Dracula,"Dracula at Hartford Stage. Open the event listing for description, cost, times, and registration.",2026-10-09,,Hartford Stage,Other & General,,upcoming,Check event listing,Hartford.com,https://hartford.com/events/,https://hartford.com/calendar/dracula/?occurrence=2026-10-09&time=1791574200,Check event listing
hpl:17210488:2026-10-09 10:00:00,Family Literacy PACT,Activities for families enrolled in ESL Family Literacy program,2026-10-09 10:00:00,2026-10-09 12:00:00,Downtown,Family & Kids | Learning & Careers,Language | Family,upcoming,Free,Hartford Public Library,https://programs.hplct.org/events,https://hplct.libnet.info/event/17210488,"Family, Adults"
hpl:17521152:2026-10-09 11:00:00,El Color de Mis Raices- Hispanic Heritage Celebration,"Join us in celebration of Hispanic Heritage month for a special art exhibition of paintings, that celebrate culture, heritage, and the beauty of our roots.",2026-10-09 11:00:00,2026-10-09 13:00:00,Park Street Library @ The Lyric,Arts & Culture,Arts,upcoming,Free,Hartford Public Library,https://programs.hplct.org/events,https://hplct.libnet.info/event/17521152,"Family, Adults"
hpl:17418025:2026-10-09 11:00:00,Funding Your Business,"Free workshop on how to prepare for small business loans. Covers the 5 C’s of capital, required documents, and loan types. Presented by CTSBDC at Hartford Public Library.",2026-10-09 11:00:00,2026-10-09 12:00:00,Downtown,Learning & Careers,Education | Education | Career | Business,upcoming,Free,Hartford Public Library,https://programs.hplct.org/events,https://hplct.libnet.info/event/17418025,Adults
hpl:17236518:2026-10-09 12:00:00,Community Challenge,"Wrap up the week with interactive Kahoot! trivia, team-building games, creative challenges, and group activities that encourage collaboration, communication, and fun.",2026-10-09 12:00:00,2026-10-09 15:00:00,Albany Library,Sports & Games | Community & Volunteering,Community,upcoming,Free,Hartford Public Library,https://programs.hplct.org/events,https://hplct.libnet.info/event/17236518,Teens
hpl:17236615:2026-10-09 12:00:00,Hear Me Out: Debate Club,"Hear Me Out provides students with a space to explore relevant topics, develop opinions, and practice expressing their ideas in a respectful and structured environment.",2026-10-09 12:00:00,2026-10-09 15:00:00,Albany Library,Community & Volunteering | Outdoors & Nature,Community | Civic Engagement,upcoming,Free,Hartford Public Library,https://programs.hplct.org/events,https://hplct.libnet.info/event/17236615,Teens
hpl:17236538:2026-10-09 13:00:00,Monster of the Week,"Join your friends, get your gear and roll the dice to defeat monsters using different storytelling games like Dungeons & Dragons, Fallout, Savage Worlds, and more!",2026-10-09 13:00:00,2026-10-09 16:00:00,Albany Library,Sports & Games | Community & Volunteering,Community,upcoming,Free,Hartford Public Library,https://programs.hplct.org/events,https://hplct.libnet.info/event/17236538,Teens
hpl:17252930:2026-10-09 14:00:00,Fidget Toy Workshop @ YOUmedia,"Explore a variety of 3D-printed fidget toys, discover how they work, and customize one to make it your own. Mix, match, experiment, and create a fidget that fits your style.",2026-10-09 14:00:00,2026-10-09 16:00:00,Downtown,Learning & Careers,Technology | STEM | Arts,upcoming,Free,Hartford Public Library,https://programs.hplct.org/events,https://hplct.libnet.info/event/17252930,Teens
hpl:17251764:2026-10-09 14:30:00,DJ Foundation Lab @ YOUmedia,"Learn the fundamentals of DJing through hands-on experience with professional equipment and software. Explore beatmatching, transitions, music selection, and performance skills.",2026-10-09 14:30:00,2026-10-09 16:30:00,Downtown,Music & Nightlife | Health & Wellness | Learning & Careers,Technology | STEM | Career | Arts,upcoming,Free,Hartford Public Library,https://programs.hplct.org/events,https://hplct.libnet.info/event/17251764,Teens
hpl:17531924:2026-10-09 15:30:00,Makerspace,Join us every Friday to use our makerspace materials to make something cool!,2026-10-09 15:30:00,2026-10-09 16:30:00,Albany Library,Other & General,Arts,upcoming,Free,Hartford Public Library,https://programs.hplct.org/events,https://hplct.libnet.info/event/17531924,Youth
hpl:17495214:2026-10-09 17:00:00,Manco Cápac,Manco Cápac (also known as Powerful Chief) is a 2020 Peruvian drama film directed by Henry Vallejo. Registration is appreciated but not required.,2026-10-09 17:00:00,2026-10-09 20:00:00,Downtown,Arts & Culture | Community & Volunteering,Media | Community | Arts,upcoming,Free,Hartford Public Library,https://programs.hplct.org/events,https://hplct.libnet.info/event/17495214,Adults
eventbrite:2002228471256:2026-10-10,CHUCKYY LIVE - TURNT UP HOMECOMING,"Open the event listing for details, cost, time, and registration.",2026-10-10,2026-10-11,United baquent hall · 2964 MAIN STREET,Other & General,,upcoming,Check event listing,Eventbrite,https://www.eventbrite.com/d/ct--hartford/events/,https://www.eventbrite.com/e/chuckyy-live-turnt-up-homecoming-tickets-2002228471256,Check event listing
hartfordcom:97192:2026-10-10,Eversource Hartford Marathon,"Eversource Hartford Marathon at Connecticut State Capitol. Open the event listing for description, cost, times, and registration.",2026-10-10,,Connecticut State Capitol,Sports & Games,,upcoming,Check event listing,Hartford.com,https://hartford.com/events/,https://hartford.com/calendar/eversource-hartford-marathon/?occurrence=2026-10-10,Check event listing
eventbrite:1995083891626:2026-10-10,Freedom Girls One Day,"Open the event listing for details, cost, time, and registration.",2026-10-10,2026-10-10,359 Washington St · 359 Washington Street,Other & General,,upcoming,Check event listing,Eventbrite,https://www.eventbrite.com/d/ct--hartford/events/,https://www.eventbrite.com/e/freedom-girls-one-day-tickets-1995083891626,Check event listing
hpl:16811406:2026-10-10 09:30:00,ESL Classes,English as a second language classes for adults. Registered students only. Please contact ESL@hplct.org for more information.,2026-10-10 09:30:00,2026-10-10 12:30:00,Downtown,Arts & Culture | Learning & Careers | Community & Volunteering,Reading & Writing | Language | Civic Engagement | Career,upcoming,Free,Hartford Public Library,https://programs.hplct.org/events,https://hplct.libnet.info/event/16811406,Adults
hpl:16810051:2026-10-10 09:30:00,ESL Classes,English as a second language classes for adults. Registered students only. Please contact ESL@hplct.org for more information.,2026-10-10 09:30:00,2026-10-10 12:30:00,Downtown,Arts & Culture | Learning & Careers | Community & Volunteering,Reading & Writing | Language | Civic Engagement | Career,upcoming,Free,Hartford Public Library,https://programs.hplct.org/events,https://hplct.libnet.info/event/16810051,Adults
hpl:16810116:2026-10-10 09:30:00,ESL Classes,English as a second language classes for adults. Registered students only. Please contact ESL@hplct.org for more information.,2026-10-10 09:30:00,2026-10-10 12:30:00,Downtown,Arts & Culture | Learning & Careers | Community & Volunteering,Reading & Writing | Language | Civic Engagement | Career,upcoming,Free,Hartford Public Library,https://programs.hplct.org/events,https://hplct.libnet.info/event/16810116,Adults
hpl:16810766:2026-10-10 09:30:00,ESL Classes,English as a second language classes for adults. Registered students only. Please contact ESL@hplct.org for more information.,2026-10-10 09:30:00,2026-10-10 12:30:00,Downtown,Arts & Culture | Learning & Careers | Community & Volunteering,Reading & Writing | Language | Civic Engagement | Career,upcoming,Free,Hartford Public Library,https://programs.hplct.org/events,https://hplct.libnet.info/event/16810766,Adults
hpl:17484092:2026-10-10 09:30:00,GED Learning Circles,"Instructor-led small group study support toward the Science, Social Studies, Mathematical Reasoning, and Language Arts GED subject tests, utilizing GED prep software provided by the Library.",2026-10-10 09:30:00,2026-10-10 11:00:00,Downtown,Arts & Culture | Learning & Careers,STEM | Reading & Writing,upcoming,Free,Hartford Public Library,https://programs.hplct.org/events,https://hplct.libnet.info/event/17484092,Adults
hpl:17484127:2026-10-10 11:00:00,GED Learning Circles,"Instructor-led small group study support toward the Science, Social Studies, Mathematical Reasoning, and Language Arts GED subject tests, utilizing GED prep software provided by the Library.",2026-10-10 11:00:00,2026-10-10 12:30:00,Downtown,Arts & Culture | Learning & Careers,STEM | Reading & Writing,upcoming,Free,Hartford Public Library,https://programs.hplct.org/events,https://hplct.libnet.info/event/17484127,Adults
hpl:16693295:2026-10-10 12:00:00,Pearson Test Center examinations,Testing in the Downtown Library's Pearson Test Center. By registration in advance only.,2026-10-10 12:00:00,2026-10-10 17:30:00,Downtown,Learning & Careers,Technology | Career,upcoming,Free,Hartford Public Library,https://programs.hplct.org/events,https://hplct.libnet.info/event/16693295,Adults
hpl:17484162:2026-10-10 12:30:00,Math Class,"Math classes offered in collaboration with Learn for Life, Inc. for adult students working to enhance workplace skills, prepare for the GED, or get ready for college",2026-10-10 12:30:00,2026-10-10 14:30:00,Downtown,Learning & Careers,STEM,upcoming,Free,Hartford Public Library,https://programs.hplct.org/events,https://hplct.libnet.info/event/17484162,Adults
hpl:17264460:2026-10-10 13:00:00,Citizenship Class,Classes for adult Green Card holders studying for the 128-question version of the civics test for U.S. citizenship and other key components of the naturalization interview.,2026-10-10 13:00:00,2026-10-10 16:00:00,Downtown,Arts & Culture | Learning & Careers | Community & Volunteering,Reading & Writing | Language | Civic Engagement,upcoming,Free,Hartford Public Library,https://programs.hplct.org/events,https://hplct.libnet.info/event/17264460,Adults
hpl:16812785:2026-10-10 13:15:00,ESL ServSafe,ServSafe training for registered ESL students only. Contact ESL@hplct.org for more information.,2026-10-10 13:15:00,2026-10-10 15:15:00,Downtown,Learning & Careers,Language | Career,upcoming,Free,Hartford Public Library,https://programs.hplct.org/events,https://hplct.libnet.info/event/16812785,Adults
hpl:17168079:2026-10-12 00:00:00,The Puzzle Place for Teens,"Take a break, unwind, and help complete our community puzzle! Drop in anytime to add a few pieces, meet other teens, or enjoy a quiet brain break.",2026-10-12 00:00:00,2026-10-12 23:59:00,Ropkins Library,Sports & Games | Family & Kids | Community & Volunteering,STEM | Community,upcoming,Free,Hartford Public Library,https://programs.hplct.org/events,https://hplct.libnet.info/event/17168079,Teens
hpl:16693201:2026-10-12 09:30:00,Pearson Test Center examination,Testing in the Downtown Library's Pearson Test Center. By registration in advance only.,2026-10-12 09:30:00,2026-10-12 15:30:00,Downtown,Learning & Careers,Technology | Career,upcoming,Free,Hartford Public Library,https://programs.hplct.org/events,https://hplct.libnet.info/event/16693201,Adults
hpl:17456235:2026-10-12 11:00:00,Author Book Launch with Albert Cavanna,"Meet author Albert Cavanna, as he shares the story of his Italian roots, his parents' struggle, childhood memories, and the life lessons shaped by hard work, discipline, and change.",2026-10-12 11:00:00,2026-10-12 12:30:00,Camp Field Library,Arts & Culture | Family & Kids | Community & Volunteering,Reading & Writing | Community,upcoming,Free,Hartford Public Library,https://programs.hplct.org/events,https://hplct.libnet.info/event/17456235,Adults
hpl:16841074:2026-10-12 11:00:00,Everyday Tech Help,"Need help with your phone, tablet, computer, or online services?",2026-10-12 11:00:00,2026-10-12 12:00:00,Barbour Library,Learning & Careers | Community & Volunteering,Technology | STEM | Media | Community,upcoming,Free,Hartford Public Library,https://programs.hplct.org/events,https://hplct.libnet.info/event/16841074,Adults
hpl:17483159:2026-10-12 12:30:00,Math Class,"Math classes offered in collaboration with Learn for Life, Inc. for adult students working to enhance workplace skills, prepare for the GED, or get ready for college",2026-10-12 12:30:00,2026-10-12 14:30:00,Downtown,Learning & Careers,STEM,upcoming,Free,Hartford Public Library,https://programs.hplct.org/events,https://hplct.libnet.info/event/17483159,Adults
hpl:17491054:2026-10-12 14:30:00,Next Steps for College for English Learners,"This program supports high school English Learners in grades 11-12 as they develop English language proficiency, achieve academic success, and prepare for college and career pathways.",2026-10-12 14:30:00,2026-10-12 16:30:00,Downtown,Arts & Culture | Family & Kids | Learning & Careers,STEM | Reading & Writing | Language,archived,Free,Hartford Public Library,https://programs.hplct.org/events,https://hplct.libnet.info/event/17491054,Teens
hpl:17251413:2026-10-12 15:00:00,Brick by Brick,"Learn LEGO building through hands-on creative challenges, individual projects, and team builds. Explore design, engineering, structure, and storytelling while developing problem-solving and teamwork.",2026-10-12 15:00:00,2026-10-12 17:00:00,Downtown,Family & Kids | Learning & Careers | Community & Volunteering,STEM | Community | Career | Arts,upcoming,Free,Hartford Public Library,https://programs.hplct.org/events,https://hplct.libnet.info/event/17251413,Teens
hpl:17201887:2026-10-12 15:00:00,Decorate Dwight: Rainbows & Rainclouds,"Patrons of the Dwight Library, make the children’s area your own and create a rainbow or raincloud for our blue sky wall.",2026-10-12 15:00:00,2026-10-12 16:00:00,Dwight Library,Family & Kids | Community & Volunteering,Community | Arts,upcoming,Free,Hartford Public Library,https://programs.hplct.org/events,https://hplct.libnet.info/event/17201887,Youth
hpl:17235898:2026-10-12 15:00:00,Hands-On Design,"Teens decorate and personalize their own t-shirts, hats, bags, and more using popular tools like Cricut machines, heat presses, and embroidery.",2026-10-12 15:00:00,2026-10-12 17:00:00,Albany Library,Family & Kids,STEM | Arts,upcoming,Free,Hartford Public Library,https://programs.hplct.org/events,https://hplct.libnet.info/event/17235898,Teens
hpl:17235939:2026-10-12 15:00:00,Make It Monday,"a hands-on creative arts program featuring small-scale projects such as zines, jewelry, paintings, collages, and other mini crafts.",2026-10-12 15:00:00,2026-10-12 17:00:00,Albany Library,Arts & Culture,Media | Arts,upcoming,Free,Hartford Public Library,https://programs.hplct.org/events,https://hplct.libnet.info/event/17235939,Teens
hpl:17235879:2026-10-12 15:00:00,STEAM & Maker Lab,"Teens explore hands-on STEM projects using technology, engineering, and creative problem-solving. Activities include 3D printing, coding, electronics, and collaborative maker challenges.",2026-10-12 15:00:00,2026-10-12 17:00:00,Albany Library,Family & Kids | Learning & Careers,Technology | STEM,upcoming,Free,Hartford Public Library,https://programs.hplct.org/events,https://hplct.libnet.info/event/17235879,Teens
hpl:17531841:2026-10-12 15:30:00,Brick Builders,Visit the library to build whatever you can think of with a variety of different building kits.,2026-10-12 15:30:00,2026-10-12 16:30:00,Albany Library,Other & General,STEM,upcoming,Free,Hartford Public Library,https://programs.hplct.org/events,https://hplct.libnet.info/event/17531841,"Youth, Family"
hpl:17531981:2026-10-12 15:30:00,Homework Club,Drop in Mondays to do your homework and help your peers.,2026-10-12 15:30:00,2026-10-12 16:30:00,Albany Library,Learning & Careers,Education | Education,upcoming,Free,Hartford Public Library,https://programs.hplct.org/events,https://hplct.libnet.info/event/17531981,Youth
hpl:17165170:2026-10-12 15:30:00,Homework Heroes,"Need a little extra support? Stop by after school for help with homework, reading, and school assignments in a welcoming environment. Children under 12 must be accompanied by a parent or caregiver.",2026-10-12 15:30:00,2026-10-12 16:00:00,Ropkins Library,Arts & Culture | Family & Kids | Outdoors & Nature,STEM | Reading & Writing,upcoming,Free,Hartford Public Library,https://programs.hplct.org/events,https://hplct.libnet.info/event/17165170,"Youth, Family"
hpl:17165280:2026-10-12 15:45:00,Fall Into Creativity,"Join Ms. Linda at the Ropkins Library every Monday to explore your creativity with a fun, hands-on craft. Enjoy a different project each week in a relaxed and welcoming environment.",2026-10-12 15:45:00,2026-10-12 16:15:00,Ropkins Library,Arts & Culture | Family & Kids | Outdoors & Nature,Family | Arts,upcoming,Free,Hartford Public Library,https://programs.hplct.org/events,https://hplct.libnet.info/event/17165280,"Youth, Family"
hpl:17517660:2026-10-12 16:00:00,Homework Hub,Need some extra help with homework? Stop by after school for support with assignments and studying. For ages 6-12.,2026-10-12 16:00:00,2026-10-12 17:00:00,Camp Field Library,Arts & Culture | Family & Kids,STEM | Reading & Writing,upcoming,Free,Hartford Public Library,https://programs.hplct.org/events,https://hplct.libnet.info/event/17517660,"Youth, Family"
hpl:16861104:2026-10-12 17:00:00,Math Class,"Math classes offered in collaboration with Learn for Life, Inc. for adult students working to enhance workplace skills, prepare for the GED, or get ready for college",2026-10-12 17:00:00,2026-10-12 19:00:00,Downtown,Learning & Careers,STEM | Career,upcoming,Free,Hartford Public Library,https://programs.hplct.org/events,https://hplct.libnet.info/event/16861104,Adults
hpl:17068365:2026-10-12 17:00:00,ServSafe Food Handler Certification,The ServSafe Food Handler certificate is a requirement for obtaining a Cottage Food Operator license in CT and can significantly enhance employment opportunities in the food service industry.,2026-10-12 17:00:00,2026-10-12 18:30:00,Albany Library,Food & Restaurants | Music & Nightlife | Learning & Careers,Career,upcoming,Free,Hartford Public Library,https://programs.hplct.org/events,https://hplct.libnet.info/event/17068365,Adults
hpl:17350939:2026-10-12 17:00:00,ServSafe Food Handler Certification (Albany),Earn your ServSafe Food Handler certification at no cost in this free course covering topics such as food safety and contamination prevention. Your path to food service employment starts here!,2026-10-12 17:00:00,2026-10-12 18:30:00,Albany Library,Food & Restaurants | Learning & Careers,Job Training | Career,upcoming,Free,Hartford Public Library,https://programs.hplct.org/events,https://hplct.libnet.info/event/17350939,Adults
hpl:17168080:2026-10-13 00:00:00,The Puzzle Place for Teens,"Take a break, unwind, and help complete our community puzzle! Drop in anytime to add a few pieces, meet other teens, or enjoy a quiet brain break.",2026-10-13 00:00:00,2026-10-13 23:59:00,Ropkins Library,Sports & Games | Family & Kids | Community & Volunteering,STEM | Community,upcoming,Free,Hartford Public Library,https://programs.hplct.org/events,https://hplct.libnet.info/event/17168080,Teens
hpl:16809905:2026-10-13 09:30:00,ESL Classes,English as a second language classes for adults. Registered students only. Please contact ESL@hplct.org for more information.,2026-10-13 09:30:00,2026-10-13 12:00:00,Downtown,Arts & Culture | Learning & Careers | Community & Volunteering,Reading & Writing | Language | Civic Engagement | Career,upcoming,Free,Hartford Public Library,https://programs.hplct.org/events,https://hplct.libnet.info/event/16809905,Adults
hpl:16809738:2026-10-13 09:30:00,ESL Classes,English as a second language classes for adults. Registered students only. Please contact ESL@hplct.org for more information.,2026-10-13 09:30:00,2026-10-13 12:00:00,Downtown,Arts & Culture | Learning & Careers | Community & Volunteering,Reading & Writing | Language | Civic Engagement | Career,upcoming,Free,Hartford Public Library,https://programs.hplct.org/events,https://hplct.libnet.info/event/16809738,Adults
hpl:16809585:2026-10-13 09:30:00,ESL Classes,English as a second language classes for adults. Registered students only. Please contact ESL@hplct.org for more information.,2026-10-13 09:30:00,2026-10-13 12:00:00,Downtown,Arts & Culture | Learning & Careers | Community & Volunteering,Reading & Writing | Language | Civic Engagement | Career,upcoming,Free,Hartford Public Library,https://programs.hplct.org/events,https://hplct.libnet.info/event/16809585,Adults
hpl:16809302:2026-10-13 09:30:00,ESL Classes,English as a second language classes. Registered students only. Please contact ESL@hplct.org for more information.,2026-10-13 09:30:00,2026-10-13 12:00:00,Downtown,Arts & Culture | Learning & Careers | Community & Volunteering,Reading & Writing | Language | Civic Engagement | Career,upcoming,Free,Hartford Public Library,https://programs.hplct.org/events,https://hplct.libnet.info/event/16809302,Adults
hpl:17486269:2026-10-13 14:00:00,Tie Dye,"Supplies are provided, or bring your own item to dye. Let your creativity shine and take home a colorful, one-of-a-kind creation.",2026-10-13 14:00:00,2026-10-13 15:00:00,Dwight Library,Other & General,Arts,upcoming,Free,Hartford Public Library,https://programs.hplct.org/events,https://hplct.libnet.info/event/17486269,Adults
hpl:17491688:2026-10-13 14:30:00,English Learners Success,"This program supports high school English Learners through engaging, project-based instruction that strengthens English language proficiency, academic success, and college and career readiness.",2026-10-13 14:30:00,2026-10-13 16:30:00,Downtown,Arts & Culture | Family & Kids | Learning & Careers,TAP | STEM | Reading & Writing | Language,upcoming,Free,Hartford Public Library,https://programs.hplct.org/events,https://hplct.libnet.info/event/17491688,Teens
hpl:17201922:2026-10-13 14:30:00,Hispanic Heritage DIY Drinks: Mexican Hot Chocolate,Spice up your hot chocolate with chili powder and cinnamon to make your own Mexican hot chocolate in celebration of Hispanic Heritage Month.,2026-10-13 14:30:00,2026-10-13 15:30:00,Dwight Library,Arts & Culture | Health & Wellness,Health & Wellness,upcoming,Free,Hartford Public Library,https://programs.hplct.org/events,https://hplct.libnet.info/event/17201922,Teens
hpl:17251765:2026-10-13 15:00:00,DJ Foundation Lab @ YOUmedia,"Learn the fundamentals of DJing through hands-on experience with professional equipment and software. Explore beatmatching, transitions, music selection, and performance skills.",2026-10-13 15:00:00,2026-10-13 17:00:00,Downtown,Music & Nightlife | Health & Wellness | Learning & Careers,Technology | STEM | Career | Arts,upcoming,Free,Hartford Public Library,https://programs.hplct.org/events,https://hplct.libnet.info/event/17251765,Teens
hpl:17236249:2026-10-13 15:00:00,Games & Strategy,"Build critical thinking and teamwork through friendly competition. Participants can play chess, dominoes, Ludo, Nintendo Switch games, and other strategy-based board and video games.",2026-10-13 15:00:00,2026-10-13 17:00:00,Albany Library,Sports & Games,Media,upcoming,Free,Hartford Public Library,https://programs.hplct.org/events,https://hplct.libnet.info/event/17236249,Teens
hpl:17337749:2026-10-13 15:00:00,Pearson Test Center testing,"Pearson testing in the West Middle test center (44 Niles Street). Registered testers only. If you have questions or require assistance the day of your testing appointment, please call (860) 331-9538.",2026-10-13 15:00:00,2026-10-13 20:00:00,West Middle School Branch,Outdoors & Nature,TAP,upcoming,Free,Hartford Public Library,https://programs.hplct.org/events,https://hplct.libnet.info/event/17337749,Adults
hpl:17236287:2026-10-13 15:00:00,Picture This,A photography-focused program taking students through the creative process from pre-production and shooting to editing and post-production.,2026-10-13 15:00:00,2026-10-13 17:00:00,Albany Library,Learning & Careers,Technology | Media | Arts,upcoming,Free,Hartford Public Library,https://programs.hplct.org/events,https://hplct.libnet.info/event/17236287,Teens
hpl:17236269:2026-10-13 15:00:00,Self Care Sesh,"Give yourself some room to breathe while participating in relaxing activities like journaling, DIY self-care products, drawing and painting.",2026-10-13 15:00:00,2026-10-13 17:00:00,Albany Library,Community & Volunteering,Community | Arts,upcoming,Free,Hartford Public Library,https://programs.hplct.org/events,https://hplct.libnet.info/event/17236269,Teens
hpl:17251496:2026-10-13 15:30:00,Characters in Motion,Bring your characters to life! Teens will explore comic art and animation while developing their visual story-telling skills.,2026-10-13 15:30:00,2026-10-13 16:30:00,Downtown,Arts & Culture | Family & Kids | Learning & Careers,Technology | STEM | Career | Arts,upcoming,Free,Hartford Public Library,https://programs.hplct.org/events,https://hplct.libnet.info/event/17251496,Teens
hpl:17531803:2026-10-13 15:30:00,Crafternoon,Bring out your inner artist with a fun craft! On 10/13 we will have a special craft for the end of Hispanic Heritage Month.,2026-10-13 15:30:00,2026-10-13 16:30:00,Albany Library,Arts & Culture,Media | Arts,upcoming,Free,Hartford Public Library,https://programs.hplct.org/events,https://hplct.libnet.info/event/17531803,"Youth, Family"
hpl:17165456:2026-10-13 15:30:00,Fall STEM Adventures,"Discover, build, and explore! Join us each week for hands-on STEM activities that encourage creativity, critical thinking, and problem-solving.",2026-10-13 15:30:00,2026-10-13 16:15:00,Ropkins Library,Other & General,STEM,upcoming,Free,Hartford Public Library,https://programs.hplct.org/events,https://hplct.libnet.info/event/17165456,"Youth, Family"
hpl:17165171:2026-10-13 15:30:00,Homework Heroes,"Need a little extra support? Stop by after school for help with homework, reading, and school assignments in a welcoming environment. Children under 12 must be accompanied by a parent or caregiver.",2026-10-13 15:30:00,2026-10-13 16:00:00,Ropkins Library,Arts & Culture | Family & Kids | Outdoors & Nature,STEM | Reading & Writing,upcoming,Free,Hartford Public Library,https://programs.hplct.org/events,https://hplct.libnet.info/event/17165171,"Youth, Family"
hpl:17077662:2026-10-13 16:00:00,Craft Corner,Get crafty at the Camp Field Library! Children ages 6-12 are invited to explore their creativity by making a fun craft every week.,2026-10-13 16:00:00,2026-10-13 17:00:00,Camp Field Library,Arts & Culture | Family & Kids,Arts,upcoming,Free,Hartford Public Library,https://programs.hplct.org/events,https://hplct.libnet.info/event/17077662,Youth
hpl:16671872:2026-10-13 16:00:00,GED Learning Circles,"Instructor-led small group study support toward the Science, Social Studies, Mathematical Reasoning, and Language Arts GED subject tests, utilizing GED prep software provided by the Library.",2026-10-13 16:00:00,2026-10-13 17:30:00,Downtown,Arts & Culture | Learning & Careers,Technology | STEM | Reading & Writing,upcoming,Free,Hartford Public Library,https://programs.hplct.org/events,https://hplct.libnet.info/event/16671872,Adults
hpl:16908989:2026-10-13 17:00:00,Financial Literacy: 1-on-1 Coaching,"One-on-one money management skills coaching at the Downtown Library in Spanish or in English, by appointment. For more information, call/text (860) 256-9856",2026-10-13 17:00:00,2026-10-13 18:00:00,Downtown,Learning & Careers | Community & Volunteering,Education | Education | Community | Civic Engagement,upcoming,Free,Hartford Public Library,https://programs.hplct.org/events,https://hplct.libnet.info/event/16908989,Adults
hpl:17497627:2026-10-13 17:30:00,ESL Classes,Adult Education English as a Second Language,2026-10-13 17:30:00,2026-10-13 19:30:00,Downtown,Arts & Culture | Learning & Careers,TAP | Reading & Writing,upcoming,Free,Hartford Public Library,https://programs.hplct.org/events,https://hplct.libnet.info/event/17497627,Adults
hpl:16671933:2026-10-13 17:30:00,GED Learning Circles,"Instructor-led small group study support toward the Science, Social Studies, Mathematical Reasoning, and Language Arts GED subject tests, utilizing GED prep software provided by the Library.",2026-10-13 17:30:00,2026-10-13 19:00:00,Downtown,Arts & Culture | Learning & Careers,Technology | STEM | Reading & Writing,upcoming,Free,Hartford Public Library,https://programs.hplct.org/events,https://hplct.libnet.info/event/16671933,Adults
hpl:17350431:2026-10-13 17:30:00,ServSafe Food Handler Certification,Earn your ServSafe Food Handler certification at no cost in this free course covering topics such as food safety and contamination prevention. Your path to food service employment starts here!,2026-10-13 17:30:00,2026-10-13 19:30:00,Downtown,Food & Restaurants | Learning & Careers,Job Training | Career,upcoming,Free,Hartford Public Library,https://programs.hplct.org/events,https://hplct.libnet.info/event/17350431,Adults
eventbrite:1993496825669:2026-10-14,Connect & Catalyze: Environmental Justice Resource Exchange,"Open the event listing for details, cost, time, and registration.",2026-10-14,2026-10-14,The 224 Ecospace · 224 Farmington Avenue,Health & Wellness | Outdoors & Nature,,upcoming,Check event listing,Eventbrite,https://www.eventbrite.com/d/ct--hartford/events/,https://www.eventbrite.com/e/connect-catalyze-environmental-justice-resource-exchange-tickets-1993496825669,Check event listing
hpl:17168081:2026-10-14 00:00:00,The Puzzle Place for Teens,"Take a break, unwind, and help complete our community puzzle! Drop in anytime to add a few pieces, meet other teens, or enjoy a quiet brain break.",2026-10-14 00:00:00,2026-10-14 23:59:00,Ropkins Library,Sports & Games | Family & Kids | Community & Volunteering,STEM | Community,upcoming,Free,Hartford Public Library,https://programs.hplct.org/events,https://hplct.libnet.info/event/17168081,Teens
hpl:17388190:2026-10-14 09:30:00,CASAS Testing,CASAS testing for enrolled students in TAP programs,2026-10-14 09:30:00,2026-10-14 12:00:00,Downtown,Arts & Culture | Learning & Careers,TAP | Reading & Writing | Language,upcoming,Free,Hartford Public Library,https://programs.hplct.org/events,https://hplct.libnet.info/event/17388190,Adults
hpl:16806802:2026-10-14 09:30:00,English for All,Guided online learning for English as a second language,2026-10-14 09:30:00,2026-10-14 12:00:00,Downtown,Arts & Culture | Learning & Careers,Reading & Writing | Language,upcoming,Free,Hartford Public Library,https://programs.hplct.org/events,https://hplct.libnet.info/event/16806802,Adults
hpl:16812347:2026-10-14 09:30:00,ESL ServSafe,ServSafe training for registered ESL students only. Contact ESL@hplct.org for more information. Description,2026-10-14 09:30:00,2026-10-14 12:00:00,Downtown,Learning & Careers,Language | Career,upcoming,Free,Hartford Public Library,https://programs.hplct.org/events,https://hplct.libnet.info/event/16812347,Adults
hpl:17484335:2026-10-14 09:30:00,GED Learning Circles,"Instructor-led small group study support toward the Science, Social Studies, Mathematical Reasoning, and Language Arts GED subject tests, utilizing GED prep software provided by the Library.",2026-10-14 09:30:00,2026-10-14 11:00:00,Downtown,Arts & Culture | Learning & Careers,STEM | Reading & Writing,upcoming,Free,Hartford Public Library,https://programs.hplct.org/events,https://hplct.libnet.info/event/17484335,Adults
hpl:16929688:2026-10-14 10:00:00,Sound Healing,"Immerse yourself in therapeutic sounds that calm the mind, heal the body, and uplift the spirit. Registration suggested.",2026-10-14 10:00:00,2026-10-14 11:00:00,Downtown,Health & Wellness,Health & Wellness,upcoming,Free,Hartford Public Library,https://programs.hplct.org/events,https://hplct.libnet.info/event/16929688,Adults
hpl:17484352:2026-10-14 11:00:00,GED Learning Circles,"Instructor-led small group study support toward the Science, Social Studies, Mathematical Reasoning, and Language Arts GED subject tests, utilizing GED prep software provided by the Library.",2026-10-14 11:00:00,2026-10-14 12:30:00,Downtown,Arts & Culture | Learning & Careers,STEM | Reading & Writing,upcoming,Free,Hartford Public Library,https://programs.hplct.org/events,https://hplct.libnet.info/event/17484352,Adults
hpl:17484466:2026-10-14 12:30:00,Math Class,"Math classes offered in collaboration with Learn for Life, Inc. for adult students working to enhance workplace skills, prepare for the GED, or get ready for college",2026-10-14 12:30:00,2026-10-14 14:30:00,Downtown,Learning & Careers,STEM,upcoming,Free,Hartford Public Library,https://programs.hplct.org/events,https://hplct.libnet.info/event/17484466,Adults
hpl:17491398:2026-10-14 14:30:00,Next Steps for College for English Learners,"This program supports high school English Learners in grades 11-12 as they develop English language proficiency, achieve academic success, and prepare for college and career pathways.",2026-10-14 14:30:00,2026-10-14 16:30:00,Downtown,Arts & Culture | Family & Kids | Learning & Careers,TAP | STEM | Reading & Writing | Language,upcoming,Free,Hartford Public Library,https://programs.hplct.org/events,https://hplct.libnet.info/event/17491398,Teens
hpl:17242173:2026-10-14 14:30:00,Next Steps for College for English Learners,"This program supports high school English Learners in grades 11-12 as they develop English language proficiency, achieve academic success, and prepare for college and career pathways.",2026-10-14 14:30:00,2026-10-14 17:00:00,Downtown,Arts & Culture | Family & Kids | Learning & Careers,STEM | Reading & Writing | Language,archived,Free,Hartford Public Library,https://programs.hplct.org/events,https://hplct.libnet.info/event/17242173,Teens
hpl:17236383:2026-10-14 15:00:00,Creative Writing 101,"Learn skills like character and narrative design, world building, and writing real dialogue to bring your stories to life.",2026-10-14 15:00:00,2026-10-14 17:00:00,Albany Library,Arts & Culture | Learning & Careers | Community & Volunteering,Reading & Writing | Community | Arts,upcoming,Free,Hartford Public Library,https://programs.hplct.org/events,https://hplct.libnet.info/event/17236383,Teens
hpl:17236369:2026-10-14 15:00:00,Film & Digital Media,"Learn the fundamentals of filmmaking, photography, editing, animation, and visual effects. Teens will create short films, experiment with cameras and editing software, and develop storytelling skills.",2026-10-14 15:00:00,2026-10-14 17:00:00,Albany Library,Arts & Culture | Health & Wellness | Family & Kids | Learning & Careers,Technology | Media | Arts,upcoming,Free,Hartford Public Library,https://programs.hplct.org/events,https://hplct.libnet.info/event/17236369,Teens
hpl:17252363:2026-10-14 15:00:00,Game Design @ YOUmedia,"We’re continuing to create games for the PC and VR. Join in, add your inspiration and learn some new skills! We’ll be using the Unity Game engine.",2026-10-14 15:00:00,2026-10-14 17:00:00,Downtown,Sports & Games | Learning & Careers,Technology | STEM | Media | Career | Arts,upcoming,Free,Hartford Public Library,https://programs.hplct.org/events,https://hplct.libnet.info/event/17252363,Teens
hpl:17337750:2026-10-14 15:00:00,Pearson Test Center testing,"Pearson testing in the West Middle test center (44 Niles Street). Registered testers only. If you have questions or require assistance the day of your testing appointment, please call (860) 331-9538.",2026-10-14 15:00:00,2026-10-14 20:00:00,West Middle School Branch,Outdoors & Nature,TAP,upcoming,Free,Hartford Public Library,https://programs.hplct.org/events,https://hplct.libnet.info/event/17337750,Adults
hpl:17236400:2026-10-14 15:00:00,Wonder Wednesday,"This program gives students a fun and interactive space to test their knowledge through a variety of games, including throwback trivia, GeoGuessr, pop culture, music, history, and more.",2026-10-14 15:00:00,2026-10-14 17:00:00,Albany Library,Sports & Games | Music & Nightlife | Arts & Culture | Community & Volunteering,Media | Community,upcoming,Free,Hartford Public Library,https://programs.hplct.org/events,https://hplct.libnet.info/event/17236400,Teens
hpl:17252274:2026-10-14 15:30:00,Hands on Adobe,"Get creative with Adobe! Teens will learn the basics of popular Adobe creative programs while experimenting with digital art, graphic design, photo editing, and more.",2026-10-14 15:30:00,2026-10-14 16:30:00,Downtown,Arts & Culture | Family & Kids | Learning & Careers,Technology | STEM | Career | Arts,upcoming,Free,Hartford Public Library,https://programs.hplct.org/events,https://hplct.libnet.info/event/17252274,Teens
hpl:17165172:2026-10-14 15:30:00,Homework Heroes,"Need a little extra support? Stop by after school for help with homework, reading, and school assignments in a welcoming environment. Children under 12 must be accompanied by a parent or caregiver.",2026-10-14 15:30:00,2026-10-14 16:00:00,Ropkins Library,Arts & Culture | Family & Kids | Outdoors & Nature,STEM | Reading & Writing,upcoming,Free,Hartford Public Library,https://programs.hplct.org/events,https://hplct.libnet.info/event/17165172,"Youth, Family"
hpl:17531670:2026-10-14 15:30:00,Quiet Coloring,Join us for a relaxing coloring program.,2026-10-14 15:30:00,2026-10-14 16:30:00,Albany Library,Other & General,Arts,upcoming,Free,Hartford Public Library,https://programs.hplct.org/events,https://hplct.libnet.info/event/17531670,"Youth, Family"
hpl:17165753:2026-10-14 15:30:00,"Think, Search & Solve!","Put your thinking skills to the test with fall-themed word searches, I Spy puzzles, mazes, and other fun brain-teasing activities.",2026-10-14 15:30:00,2026-10-14 16:15:00,Ropkins Library,Sports & Games | Family & Kids,STEM | Family,upcoming,Free,Hartford Public Library,https://programs.hplct.org/events,https://hplct.libnet.info/event/17165753,"Youth, Family"
hpl:17517661:2026-10-14 16:00:00,Homework Hub,Need some extra help with homework? Stop by after school for support with assignments and studying. For ages 6-12.,2026-10-14 16:00:00,2026-10-14 17:00:00,Camp Field Library,Arts & Culture | Family & Kids,STEM | Reading & Writing,upcoming,Free,Hartford Public Library,https://programs.hplct.org/events,https://hplct.libnet.info/event/17517661,"Youth, Family"
hpl:16909014:2026-10-14 17:00:00,Financial Literacy: 1-on-1 Coaching,"One-on-one money management skills coaching at the Downtown Library in Spanish or in English, by appointment. For more information, call/text (860) 256-9856",2026-10-14 17:00:00,2026-10-14 18:00:00,Downtown,Learning & Careers | Community & Volunteering,Education | Education | Community | Civic Engagement,upcoming,Free,Hartford Public Library,https://programs.hplct.org/events,https://hplct.libnet.info/event/16909014,Adults
hpl:16861128:2026-10-14 17:00:00,Math Class,"Math classes offered in collaboration with Learn for Life, Inc. for adult students working to enhance workplace skills, prepare for the GED, or get ready for college",2026-10-14 17:00:00,2026-10-14 19:00:00,Downtown,Learning & Careers,STEM | Career,upcoming,Free,Hartford Public Library,https://programs.hplct.org/events,https://hplct.libnet.info/event/16861128,Adults
hpl:17068366:2026-10-14 17:00:00,ServSafe Food Handler Certification,The ServSafe Food Handler certificate is a requirement for obtaining a Cottage Food Operator license in CT and can significantly enhance employment opportunities in the food service industry.,2026-10-14 17:00:00,2026-10-14 18:30:00,Albany Library,Food & Restaurants | Music & Nightlife | Learning & Careers,Career,upcoming,Free,Hartford Public Library,https://programs.hplct.org/events,https://hplct.libnet.info/event/17068366,Adults
hpl:17350940:2026-10-14 17:00:00,ServSafe Food Handler Certification (Albany),Earn your ServSafe Food Handler certification at no cost in this free course covering topics such as food safety and contamination prevention. Your path to food service employment starts here!,2026-10-14 17:00:00,2026-10-14 18:30:00,Albany Library,Food & Restaurants | Learning & Careers,Job Training | Career,upcoming,Free,Hartford Public Library,https://programs.hplct.org/events,https://hplct.libnet.info/event/17350940,Adults
hpl:16943132:2026-10-14 18:30:00,Intro to Mixing Workshop,This workshop is for participants who have completed the Intro to Studio Technology Workshop or have commensurate recording studio experience.,2026-10-14 18:30:00,2026-10-14 20:00:00,Downtown,Learning & Careers,Media | Arts,upcoming,Free,Hartford Public Library,https://programs.hplct.org/events,https://hplct.libnet.info/event/16943132,"Youth, Teens, Family, Adults"
eventbrite:1992297460335:2026-10-15,Hartford Urban Wood Showcase,"Open the event listing for details, cost, time, and registration.",2026-10-15,2026-10-15,351 Farmington Ave · 351 Farmington Avenue,Other & General,,upcoming,Check event listing,Eventbrite,https://www.eventbrite.com/d/ct--hartford/events/,https://www.eventbrite.com/e/hartford-urban-wood-showcase-tickets-1992297460335,Check event listing
eventbrite:2000537626895:2026-10-15,"Speed Dating Ages 21-30 in Hartford, CT at Pratt Street","Open the event listing for details, cost, time, and registration.",2026-10-15,2026-10-15,Pratt Street · Pratt Street,Outdoors & Nature,,upcoming,Check event listing,Eventbrite,https://www.eventbrite.com/d/ct--hartford/events/,https://www.eventbrite.com/e/speed-dating-ages-21-30-in-hartford-ct-at-pratt-street-tickets-2000537626895,Check event listing
hpl:17168082:2026-10-15 00:00:00,The Puzzle Place for Teens,"Take a break, unwind, and help complete our community puzzle! Drop in anytime to add a few pieces, meet other teens, or enjoy a quiet brain break.",2026-10-15 00:00:00,2026-10-15 23:59:00,Ropkins Library,Sports & Games | Family & Kids | Community & Volunteering,STEM | Community,upcoming,Free,Hartford Public Library,https://programs.hplct.org/events,https://hplct.libnet.info/event/17168082,Teens
hpl:16809855:2026-10-15 09:30:00,ESL Classes,English as a second language classes for adults. Registered students only. Please contact ESL@hplct.org for more information.,2026-10-15 09:30:00,2026-10-15 12:00:00,Downtown,Arts & Culture | Learning & Careers | Community & Volunteering,Reading & Writing | Language | Civic Engagement | Career,upcoming,Free,Hartford Public Library,https://programs.hplct.org/events,https://hplct.libnet.info/event/16809855,Adults
hpl:16809695:2026-10-15 09:30:00,ESL Classes,English as a second language classes for adults. Registered students only. Please contact ESL@hplct.org for more information.,2026-10-15 09:30:00,2026-10-15 12:00:00,Downtown,Arts & Culture | Learning & Careers | Community & Volunteering,Reading & Writing | Language | Civic Engagement | Career,upcoming,Free,Hartford Public Library,https://programs.hplct.org/events,https://hplct.libnet.info/event/16809695,Adults
hpl:16809258:2026-10-15 09:30:00,ESL Classes,English as a second language classes. Registered students only. Please contact ESL@hplct.org for more information.,2026-10-15 09:30:00,2026-10-15 12:00:00,Downtown,Arts & Culture | Learning & Careers | Community & Volunteering,Reading & Writing | Language | Civic Engagement | Career,upcoming,Free,Hartford Public Library,https://programs.hplct.org/events,https://hplct.libnet.info/event/16809258,Adults
hpl:16809586:2026-10-15 09:30:00,ESL Classes,English as a second language classes for adults. Registered students only. Please contact ESL@hplct.org for more information.,2026-10-15 09:30:00,2026-10-15 12:00:00,Downtown,Arts & Culture | Learning & Careers | Community & Volunteering,Reading & Writing | Language | Civic Engagement | Career,upcoming,Free,Hartford Public Library,https://programs.hplct.org/events,https://hplct.libnet.info/event/16809586,Adults
hpl:17478489:2026-10-15 11:00:00,Everyday Tech,"Are you interested in improving your basic computer skills, learning how to navigate tech tools or earning a Northstar Digital Certificate? If so, register for our small group tech assistance!",2026-10-15 11:00:00,2026-10-15 12:00:00,Albany Library,Learning & Careers,Technology | Career,upcoming,Free,Hartford Public Library,https://programs.hplct.org/events,https://hplct.libnet.info/event/17478489,Adults
hpl:17166303:2026-10-15 13:30:00,Teen Takeover,"Take a break, hang out with friends, and meet new people every Thursday! Enjoy a different activity each week—from games and crafts to creative challenges and more.",2026-10-15 13:30:00,2026-10-15 14:30:00,Ropkins Library,Sports & Games | Arts & Culture | Family & Kids | Learning & Careers,Technology | STEM | Arts,upcoming,Free,Hartford Public Library,https://programs.hplct.org/events,https://hplct.libnet.info/event/17166303,Teens
hpl:17491880:2026-10-15 14:30:00,English Learners Success,"This program supports high school English Learners through engaging, project-based instruction that strengthens English language proficiency, academic success, and college and career readiness.",2026-10-15 14:30:00,2026-10-15 16:30:00,Downtown,Arts & Culture | Family & Kids | Learning & Careers,TAP | STEM | Reading & Writing | Language,upcoming,Free,Hartford Public Library,https://programs.hplct.org/events,https://hplct.libnet.info/event/17491880,Teens
hpl:17251414:2026-10-15 15:00:00,Brick by Brick,"Learn LEGO building through hands-on creative challenges, individual projects, and team builds. Explore design, engineering, structure, and storytelling while developing problem-solving and teamwork.",2026-10-15 15:00:00,2026-10-15 17:00:00,Downtown,Family & Kids | Learning & Careers | Community & Volunteering,STEM | Community | Career | Arts,upcoming,Free,Hartford Public Library,https://programs.hplct.org/events,https://hplct.libnet.info/event/17251414,Teens
hpl:17236460:2026-10-15 15:00:00,Creative Arts & Design,"Express creativity through painting, drawing, collage, origami, crafts, button making, and other hands-on art projects while exploring different artistic techniques and styles.",2026-10-15 15:00:00,2026-10-15 17:00:00,Albany Library,Arts & Culture | Community & Volunteering,Community | Arts,upcoming,Free,Hartford Public Library,https://programs.hplct.org/events,https://hplct.libnet.info/event/17236460,Teens
hpl:17236501:2026-10-15 15:00:00,Self Care Lab,"Learn the creative and practical side of personal care through hands-on projects such as making soaps, deodorants, body oils, hair-care products, and other self-care items.",2026-10-15 15:00:00,2026-10-15 17:00:00,Albany Library,Learning & Careers,Arts,upcoming,Free,Hartford Public Library,https://programs.hplct.org/events,https://hplct.libnet.info/event/17236501,Teens
hpl:17532030:2026-10-15 15:30:00,Activities with Q+,Visit for a fun craft or activity with Norm from Q+.,2026-10-15 15:30:00,2026-10-15 16:30:00,Albany Library,Arts & Culture,Arts,upcoming,Free,Hartford Public Library,https://programs.hplct.org/events,https://hplct.libnet.info/event/17532030,Youth
hpl:17252488:2026-10-15 15:30:00,"Create, Sketch & Make @ YOUmedia","Unleash your creativity with hands-on art projects, crafts and sketching. Teens will have opportunities to create indoors and outdoors while exploring new ways to turn inspiration into art.",2026-10-15 15:30:00,2026-10-15 16:30:00,Downtown,Arts & Culture | Family & Kids | Learning & Careers | Outdoors & Nature,STEM | Career | Arts,upcoming,Free,Hartford Public Library,https://programs.hplct.org/events,https://hplct.libnet.info/event/17252488,Teens
hpl:17081743:2026-10-15 16:00:00,Thursday Fun Zone,Join us on Thursdays for a different themed activity or craft! For ages 6-12.,2026-10-15 16:00:00,2026-10-15 17:00:00,Camp Field Library,Arts & Culture,Arts,upcoming,Free,Hartford Public Library,https://programs.hplct.org/events,https://hplct.libnet.info/event/17081743,Youth
hpl:17478735:2026-10-15 17:00:00,YOGA,"Join us for a relaxing yoga session designed to improve flexibility, balance, strength, and mindfulness. All experience levels are welcome. Registration not required.",2026-10-15 17:00:00,2026-10-15 18:00:00,Park Street Library @ The Lyric,Sports & Games | Health & Wellness,Health & Wellness,upcoming,Free,Hartford Public Library,https://programs.hplct.org/events,https://hplct.libnet.info/event/17478735,Adults
hpl:17497748:2026-10-15 17:30:00,ESL Classes,Adult Education English as a Second Language,2026-10-15 17:30:00,2026-10-15 19:30:00,Downtown,Arts & Culture | Learning & Careers,TAP | Reading & Writing,upcoming,Free,Hartford Public Library,https://programs.hplct.org/events,https://hplct.libnet.info/event/17497748,Adults
hpl:17350433:2026-10-15 17:30:00,ServSafe Food Handler Certification,Earn your ServSafe Food Handler certification at no cost in this free course covering topics such as food safety and contamination prevention. Your path to food service employment starts here!,2026-10-15 17:30:00,2026-10-15 19:30:00,Downtown,Food & Restaurants | Learning & Careers,Job Training | Career,upcoming,Free,Hartford Public Library,https://programs.hplct.org/events,https://hplct.libnet.info/event/17350433,Adults
hpl:16904873:2026-10-15 19:00:00,HPL Studios - Advanced Podcasting Workshop,HPL STUDIOS presents a class to level up your podcast content and learn about the business of podcasting.,2026-10-15 19:00:00,2026-10-15 20:30:00,Downtown,Learning & Careers,Technology | Media | Arts,upcoming,Free,Hartford Public Library,https://programs.hplct.org/events,https://hplct.libnet.info/event/16904873,"Teens, Adults"
hartfordcom:92923:2026-10-16,90s Con,"90s Con at Connecticut Convention Center. Open the event listing for description, cost, times, and registration.",2026-10-16,,Connecticut Convention Center,Other & General,,upcoming,Check event listing,Hartford.com,https://hartford.com/events/,https://hartford.com/calendar/90s-con-2/?occurrence=2026-10-16,Check event listing
eventbrite:1981556192915:2026-10-16,Community Birthday Friday - OCTOBER BORN,"Open the event listing for details, cost, time, and registration.",2026-10-16,2026-10-17,"West Indian Social Club of Hartford, Inc · 3340 Main Street",Community & Volunteering,,upcoming,Check event listing,Eventbrite,https://www.eventbrite.com/d/ct--hartford/events/,https://www.eventbrite.com/e/community-birthday-friday-october-born-tickets-1981556192915,Check event listing
eventbrite:1999934325404:2026-10-16,THE COLD ROMANTICS & THE YEAR WITHOUT A SUMMER: immersive gothic horror,"Open the event listing for details, cost, time, and registration.",2026-10-16,2026-10-16,Isham-Terry House · 211 High Street,Other & General,,upcoming,Check event listing,Eventbrite,https://www.eventbrite.com/d/ct--hartford/events/,https://www.eventbrite.com/e/the-cold-romantics-the-year-without-a-summer-immersive-gothic-horror-tickets-1999934325404,Check event listing
hpl:17210489:2026-10-16 10:00:00,Family Literacy PACT,Activities for families enrolled in ESL Family Literacy program,2026-10-16 10:00:00,2026-10-16 12:00:00,Downtown,Family & Kids | Learning & Careers,Language | Family,upcoming,Free,Hartford Public Library,https://programs.hplct.org/events,https://hplct.libnet.info/event/17210489,"Family, Adults"
hpl:17236519:2026-10-16 12:00:00,Community Challenge,"Wrap up the week with interactive Kahoot! trivia, team-building games, creative challenges, and group activities that encourage collaboration, communication, and fun.",2026-10-16 12:00:00,2026-10-16 15:00:00,Albany Library,Sports & Games | Community & Volunteering,Community,upcoming,Free,Hartford Public Library,https://programs.hplct.org/events,https://hplct.libnet.info/event/17236519,Teens
hpl:17236616:2026-10-16 12:00:00,Hear Me Out: Debate Club,"Hear Me Out provides students with a space to explore relevant topics, develop opinions, and practice expressing their ideas in a respectful and structured environment.",2026-10-16 12:00:00,2026-10-16 15:00:00,Albany Library,Community & Volunteering | Outdoors & Nature,Community | Civic Engagement,upcoming,Free,Hartford Public Library,https://programs.hplct.org/events,https://hplct.libnet.info/event/17236616,Teens
hpl:17236539:2026-10-16 13:00:00,Monster of the Week,"Join your friends, get your gear and roll the dice to defeat monsters using different storytelling games like Dungeons & Dragons, Fallout, Savage Worlds, and more!",2026-10-16 13:00:00,2026-10-16 16:00:00,Albany Library,Sports & Games | Community & Volunteering,Community,upcoming,Free,Hartford Public Library,https://programs.hplct.org/events,https://hplct.libnet.info/event/17236539,Teens
hpl:17252931:2026-10-16 14:00:00,Fidget Toy Workshop @ YOUmedia,"Explore a variety of 3D-printed fidget toys, discover how they work, and customize one to make it your own. Mix, match, experiment, and create a fidget that fits your style.",2026-10-16 14:00:00,2026-10-16 16:00:00,Downtown,Learning & Careers,Technology | STEM | Arts,upcoming,Free,Hartford Public Library,https://programs.hplct.org/events,https://hplct.libnet.info/event/17252931,Teens
hpl:17251766:2026-10-16 14:30:00,DJ Foundation Lab @ YOUmedia,"Learn the fundamentals of DJing through hands-on experience with professional equipment and software. Explore beatmatching, transitions, music selection, and performance skills.",2026-10-16 14:30:00,2026-10-16 16:30:00,Downtown,Music & Nightlife | Health & Wellness | Learning & Careers,Technology | STEM | Career | Arts,upcoming,Free,Hartford Public Library,https://programs.hplct.org/events,https://hplct.libnet.info/event/17251766,Teens
hpl:17531925:2026-10-16 15:30:00,Makerspace,Join us every Friday to use our makerspace materials to make something cool!,2026-10-16 15:30:00,2026-10-16 16:30:00,Albany Library,Other & General,Arts,upcoming,Free,Hartford Public Library,https://programs.hplct.org/events,https://hplct.libnet.info/event/17531925,Youth
eventbrite:2002426898758:2026-10-17,Navaratri Natyarpanam,"Open the event listing for details, cost, time, and registration.",2026-10-17,2026-10-17,The Theater of the Performing Arts · 359 Washington Street,Other & General,,upcoming,Check event listing,Eventbrite,https://www.eventbrite.com/d/ct--hartford/events/,https://www.eventbrite.com/e/navaratri-natyarpanam-tickets-2002426898758,Check event listing
eventbrite:2001094249769:2026-10-17,Noche de los Muertos,"Open the event listing for details, cost, time, and registration.",2026-10-17,2026-10-17,The Lady · 191 Ann Uccello Street,Other & General,,upcoming,Check event listing,Eventbrite,https://www.eventbrite.com/d/ct--hartford/events/,https://www.eventbrite.com/e/noche-de-los-muertos-tickets-2001094249769,Check event listing
eventbrite:2000233267548:2026-10-17,Solo: A Show About Friendship - Written & Performed by Gabe Mollica,"Open the event listing for details, cost, time, and registration.",2026-10-17,2026-10-17,Sea Tea Comedy Theater · 15 Asylum Street,Other & General,,upcoming,Check event listing,Eventbrite,https://www.eventbrite.com/d/ct--hartford/events/,https://www.eventbrite.com/e/solo-a-show-about-friendship-written-performed-by-gabe-mollica-tickets-2000233267548,Check event listing
city:horizons-westminster-community-cleanup:2026-10-17,Horizons at Westminster High School Program Community Cleanup,"Community cleanup listed by the City of Hartford. Saturday, October 17, 2026, 9:00 AM–12:00 PM. Confirm details with the city before attending.",2026-10-17 09:00,2026-10-17 12:00,"Forster Heights Playground, Hartford",Community & Volunteering | Outdoors & Nature,Community Event,upcoming,Check event listing,City of Hartford,https://www.hartfordct.gov/Events-directory,https://www.hartfordct.gov/Government/Departments/Mayor-Arulampalam/Community-Engagement/Trailer-for-101726,Community members
hpl:16810052:2026-10-17 09:30:00,ESL Classes,English as a second language classes for adults. Registered students only. Please contact ESL@hplct.org for more information.,2026-10-17 09:30:00,2026-10-17 12:30:00,Downtown,Arts & Culture | Learning & Careers | Community & Volunteering,Reading & Writing | Language | Civic Engagement | Career,upcoming,Free,Hartford Public Library,https://programs.hplct.org/events,https://hplct.libnet.info/event/16810052,Adults
hpl:16810117:2026-10-17 09:30:00,ESL Classes,English as a second language classes for adults. Registered students only. Please contact ESL@hplct.org for more information.,2026-10-17 09:30:00,2026-10-17 12:30:00,Downtown,Arts & Culture | Learning & Careers | Community & Volunteering,Reading & Writing | Language | Civic Engagement | Career,upcoming,Free,Hartford Public Library,https://programs.hplct.org/events,https://hplct.libnet.info/event/16810117,Adults
hpl:16811407:2026-10-17 09:30:00,ESL Classes,English as a second language classes for adults. Registered students only. Please contact ESL@hplct.org for more information.,2026-10-17 09:30:00,2026-10-17 12:30:00,Downtown,Arts & Culture | Learning & Careers | Community & Volunteering,Reading & Writing | Language | Civic Engagement | Career,upcoming,Free,Hartford Public Library,https://programs.hplct.org/events,https://hplct.libnet.info/event/16811407,Adults
hpl:16810767:2026-10-17 09:30:00,ESL Classes,English as a second language classes for adults. Registered students only. Please contact ESL@hplct.org for more information.,2026-10-17 09:30:00,2026-10-17 12:30:00,Downtown,Arts & Culture | Learning & Careers | Community & Volunteering,Reading & Writing | Language | Civic Engagement | Career,upcoming,Free,Hartford Public Library,https://programs.hplct.org/events,https://hplct.libnet.info/event/16810767,Adults
hpl:17484093:2026-10-17 09:30:00,GED Learning Circles,"Instructor-led small group study support toward the Science, Social Studies, Mathematical Reasoning, and Language Arts GED subject tests, utilizing GED prep software provided by the Library.",2026-10-17 09:30:00,2026-10-17 11:00:00,Downtown,Arts & Culture | Learning & Careers,STEM | Reading & Writing,upcoming,Free,Hartford Public Library,https://programs.hplct.org/events,https://hplct.libnet.info/event/17484093,Adults
hpl:17484128:2026-10-17 11:00:00,GED Learning Circles,"Instructor-led small group study support toward the Science, Social Studies, Mathematical Reasoning, and Language Arts GED subject tests, utilizing GED prep software provided by the Library.",2026-10-17 11:00:00,2026-10-17 12:30:00,Downtown,Arts & Culture | Learning & Careers,STEM | Reading & Writing,upcoming,Free,Hartford Public Library,https://programs.hplct.org/events,https://hplct.libnet.info/event/17484128,Adults
hpl:16693296:2026-10-17 12:00:00,Pearson Test Center examinations,Testing in the Downtown Library's Pearson Test Center. By registration in advance only.,2026-10-17 12:00:00,2026-10-17 17:30:00,Downtown,Learning & Careers,Technology | Career,upcoming,Free,Hartford Public Library,https://programs.hplct.org/events,https://hplct.libnet.info/event/16693296,Adults
hpl:17484163:2026-10-17 12:30:00,Math Class,"Math classes offered in collaboration with Learn for Life, Inc. for adult students working to enhance workplace skills, prepare for the GED, or get ready for college",2026-10-17 12:30:00,2026-10-17 14:30:00,Downtown,Learning & Careers,STEM,upcoming,Free,Hartford Public Library,https://programs.hplct.org/events,https://hplct.libnet.info/event/17484163,Adults
hpl:17264461:2026-10-17 13:00:00,Citizenship Class,Classes for adult Green Card holders studying for the 128-question version of the civics test for U.S. citizenship and other key components of the naturalization interview.,2026-10-17 13:00:00,2026-10-17 16:00:00,Downtown,Arts & Culture | Learning & Careers | Community & Volunteering,Reading & Writing | Language | Civic Engagement,upcoming,Free,Hartford Public Library,https://programs.hplct.org/events,https://hplct.libnet.info/event/17264461,Adults
hpl:16752021:2026-10-17 13:00:00,Single Mom's Club,"This is a safe space for single mothers to connect, build relationships and access resources. We empower mothers as they navigate motherhood, their career and personal lives. All mothers are welcome.",2026-10-17 13:00:00,2026-10-17 14:30:00,Albany Library,Health & Wellness | Family & Kids | Learning & Careers | Community & Volunteering,Health & Wellness | Family | Community | Civic Engagement,upcoming,Free,Hartford Public Library,https://programs.hplct.org/events,https://hplct.libnet.info/event/16752021,"Family, Adults"
hpl:16812786:2026-10-17 13:15:00,ESL ServSafe,ServSafe training for registered ESL students only. Contact ESL@hplct.org for more information.,2026-10-17 13:15:00,2026-10-17 15:15:00,Downtown,Learning & Careers,Language | Career,upcoming,Free,Hartford Public Library,https://programs.hplct.org/events,https://hplct.libnet.info/event/16812786,Adults
hpl:17478507:2026-10-17 15:00:00,DIY Bag Charm Bar,"Get creative and design your own unique bag charm! Choose from a variety of charms, beads, and accessories to create a fun personalized decoration for your bag, backpack, or keys. While supplies last.",2026-10-17 15:00:00,2026-10-17 16:00:00,Albany Library,Other & General,Arts,upcoming,Free,Hartford Public Library,https://programs.hplct.org/events,https://hplct.libnet.info/event/17478507,"Teens, Adults"
eventbrite:2001775618762:2026-10-18,[Workshop] Feeling the Beats with Casey Grambo,"Open the event listing for details, cost, time, and registration.",2026-10-18,2026-10-18,Sea Tea Improv Studios · 11 Asylum St,Learning & Careers,,upcoming,Check event listing,Eventbrite,https://www.eventbrite.com/d/ct--hartford/events/,https://www.eventbrite.com/e/workshop-feeling-the-beats-with-casey-grambo-registration-2001775618762,Check event listing
eventbrite:1989107461964:2026-10-18,"REHASH - Hartford, CT","Open the event listing for details, cost, time, and registration.",2026-10-18,2026-10-18,The Webster · 31 Webster St,Other & General,,upcoming,Check event listing,Eventbrite,https://www.eventbrite.com/d/ct--hartford/events/,https://www.eventbrite.com/e/rehash-hartford-ct-tickets-1989107461964,Check event listing
hpl:17168083:2026-10-19 00:00:00,The Puzzle Place for Teens,"Take a break, unwind, and help complete our community puzzle! Drop in anytime to add a few pieces, meet other teens, or enjoy a quiet brain break.",2026-10-19 00:00:00,2026-10-19 23:59:00,Ropkins Library,Sports & Games | Family & Kids | Community & Volunteering,STEM | Community,upcoming,Free,Hartford Public Library,https://programs.hplct.org/events,https://hplct.libnet.info/event/17168083,Teens
hpl:16693202:2026-10-19 09:30:00,Pearson Test Center examination,Testing in the Downtown Library's Pearson Test Center. By registration in advance only.,2026-10-19 09:30:00,2026-10-19 15:30:00,Downtown,Learning & Careers,Technology | Career,upcoming,Free,Hartford Public Library,https://programs.hplct.org/events,https://hplct.libnet.info/event/16693202,Adults
hpl:16841075:2026-10-19 11:00:00,Everyday Tech Help,"Need help with your phone, tablet, computer, or online services?",2026-10-19 11:00:00,2026-10-19 12:00:00,Barbour Library,Learning & Careers | Community & Volunteering,Technology | STEM | Media | Community,upcoming,Free,Hartford Public Library,https://programs.hplct.org/events,https://hplct.libnet.info/event/16841075,Adults
hpl:17139477:2026-10-19 11:00:00,First Steps in Music,This joyful early childhood experience ignites a spark for a lifetime of learning and musical appreciation.,2026-10-19 11:00:00,2026-10-19 12:00:00,HPL: Downtown Library,Music & Nightlife | Learning & Careers | Outdoors & Nature,Leap into Learning | Arts,upcoming,Free,Hartford Public Library,https://programs.hplct.org/events,https://hplct.libnet.info/event/17139477,Family
hpl:17483160:2026-10-19 12:30:00,Math Class,"Math classes offered in collaboration with Learn for Life, Inc. for adult students working to enhance workplace skills, prepare for the GED, or get ready for college",2026-10-19 12:30:00,2026-10-19 14:30:00,Downtown,Learning & Careers,STEM,upcoming,Free,Hartford Public Library,https://programs.hplct.org/events,https://hplct.libnet.info/event/17483160,Adults
hpl:17491055:2026-10-19 14:30:00,Next Steps for College for English Learners,"This program supports high school English Learners in grades 11-12 as they develop English language proficiency, achieve academic success, and prepare for college and career pathways.",2026-10-19 14:30:00,2026-10-19 16:30:00,Downtown,Arts & Culture | Family & Kids | Learning & Careers,STEM | Reading & Writing | Language,archived,Free,Hartford Public Library,https://programs.hplct.org/events,https://hplct.libnet.info/event/17491055,Teens
hpl:17491226:2026-10-19 14:30:00,Next Steps for College for English Learners,"This program supports high school English Learners in grades 11-12 as they develop English language proficiency, achieve academic success, and prepare for college and career pathways.",2026-10-19 14:30:00,2026-10-19 16:30:00,Downtown,Arts & Culture | Family & Kids | Learning & Careers,TAP | STEM | Reading & Writing | Language,upcoming,Free,Hartford Public Library,https://programs.hplct.org/events,https://hplct.libnet.info/event/17491226,Teens
hpl:17251415:2026-10-19 15:00:00,Brick by Brick,"Learn LEGO building through hands-on creative challenges, individual projects, and team builds. Explore design, engineering, structure, and storytelling while developing problem-solving and teamwork.",2026-10-19 15:00:00,2026-10-19 17:00:00,Downtown,Family & Kids | Learning & Careers | Community & Volunteering,STEM | Community | Career | Arts,upcoming,Free,Hartford Public Library,https://programs.hplct.org/events,https://hplct.libnet.info/event/17251415,Teens
hpl:17235900:2026-10-19 15:00:00,Hands-On Design,"Teens decorate and personalize their own t-shirts, hats, bags, and more using popular tools like Cricut machines, heat presses, and embroidery.",2026-10-19 15:00:00,2026-10-19 17:00:00,Albany Library,Family & Kids,STEM | Arts,upcoming,Free,Hartford Public Library,https://programs.hplct.org/events,https://hplct.libnet.info/event/17235900,Teens
hpl:17235940:2026-10-19 15:00:00,Make It Monday,"a hands-on creative arts program featuring small-scale projects such as zines, jewelry, paintings, collages, and other mini crafts.",2026-10-19 15:00:00,2026-10-19 17:00:00,Albany Library,Arts & Culture,Media | Arts,upcoming,Free,Hartford Public Library,https://programs.hplct.org/events,https://hplct.libnet.info/event/17235940,Teens
hpl:17201944:2026-10-19 15:00:00,Spooky Nails,Get in the spirit of the season and paint your nails for Halloween! All supplies provided.,2026-10-19 15:00:00,2026-10-19 16:00:00,Dwight Library,Other & General,Arts,upcoming,Free,Hartford Public Library,https://programs.hplct.org/events,https://hplct.libnet.info/event/17201944,Teens
hpl:17235880:2026-10-19 15:00:00,STEAM & Maker Lab,"Teens explore hands-on STEM projects using technology, engineering, and creative problem-solving. Activities include 3D printing, coding, electronics, and collaborative maker challenges.",2026-10-19 15:00:00,2026-10-19 17:00:00,Albany Library,Family & Kids | Learning & Careers,Technology | STEM,upcoming,Free,Hartford Public Library,https://programs.hplct.org/events,https://hplct.libnet.info/event/17235880,Teens
hpl:17531842:2026-10-19 15:30:00,Brick Builders,Visit the library to build whatever you can think of with a variety of different building kits.,2026-10-19 15:30:00,2026-10-19 16:30:00,Albany Library,Other & General,STEM,upcoming,Free,Hartford Public Library,https://programs.hplct.org/events,https://hplct.libnet.info/event/17531842,"Youth, Family"
hpl:17531982:2026-10-19 15:30:00,Homework Club,Drop in Mondays to do your homework and help your peers.,2026-10-19 15:30:00,2026-10-19 16:30:00,Albany Library,Learning & Careers,Education | Education,upcoming,Free,Hartford Public Library,https://programs.hplct.org/events,https://hplct.libnet.info/event/17531982,Youth
hpl:17165173:2026-10-19 15:30:00,Homework Heroes,"Need a little extra support? Stop by after school for help with homework, reading, and school assignments in a welcoming environment. Children under 12 must be accompanied by a parent or caregiver.",2026-10-19 15:30:00,2026-10-19 16:00:00,Ropkins Library,Arts & Culture | Family & Kids | Outdoors & Nature,STEM | Reading & Writing,upcoming,Free,Hartford Public Library,https://programs.hplct.org/events,https://hplct.libnet.info/event/17165173,"Youth, Family"
hpl:17165281:2026-10-19 15:45:00,Fall Into Creativity,"Join Ms. Linda at the Ropkins Library every Monday to explore your creativity with a fun, hands-on craft. Enjoy a different project each week in a relaxed and welcoming environment.",2026-10-19 15:45:00,2026-10-19 16:15:00,Ropkins Library,Arts & Culture | Family & Kids | Outdoors & Nature,Family | Arts,upcoming,Free,Hartford Public Library,https://programs.hplct.org/events,https://hplct.libnet.info/event/17165281,"Youth, Family"
hpl:17517662:2026-10-19 16:00:00,Homework Hub,Need some extra help with homework? Stop by after school for support with assignments and studying. For ages 6-12.,2026-10-19 16:00:00,2026-10-19 17:00:00,Camp Field Library,Arts & Culture | Family & Kids,STEM | Reading & Writing,upcoming,Free,Hartford Public Library,https://programs.hplct.org/events,https://hplct.libnet.info/event/17517662,"Youth, Family"
hpl:16861105:2026-10-19 17:00:00,Math Class,"Math classes offered in collaboration with Learn for Life, Inc. for adult students working to enhance workplace skills, prepare for the GED, or get ready for college",2026-10-19 17:00:00,2026-10-19 19:00:00,Downtown,Learning & Careers,STEM | Career,upcoming,Free,Hartford Public Library,https://programs.hplct.org/events,https://hplct.libnet.info/event/16861105,Adults
hpl:17068367:2026-10-19 17:00:00,ServSafe Food Handler Certification,The ServSafe Food Handler certificate is a requirement for obtaining a Cottage Food Operator license in CT and can significantly enhance employment opportunities in the food service industry.,2026-10-19 17:00:00,2026-10-19 18:30:00,Albany Library,Food & Restaurants | Music & Nightlife | Learning & Careers,Career,upcoming,Free,Hartford Public Library,https://programs.hplct.org/events,https://hplct.libnet.info/event/17068367,Adults
hpl:17350941:2026-10-19 17:00:00,ServSafe Food Handler Certification (Albany),Earn your ServSafe Food Handler certification at no cost in this free course covering topics such as food safety and contamination prevention. Your path to food service employment starts here!,2026-10-19 17:00:00,2026-10-19 18:30:00,Albany Library,Food & Restaurants | Learning & Careers,Job Training | Career,upcoming,Free,Hartford Public Library,https://programs.hplct.org/events,https://hplct.libnet.info/event/17350941,Adults
hpl:17536146:2026-10-19 18:30:00,Intro to Podcasting with DJ B Davis,Intro to Podcasting Workshop through HPL Studios with B Davis,2026-10-19 18:30:00,2026-10-19 20:00:00,Downtown,Music & Nightlife | Learning & Careers,Technology | Media | Arts,upcoming,Free,Hartford Public Library,https://programs.hplct.org/events,https://hplct.libnet.info/event/17536146,"Teens, Adults"
hpl:17168084:2026-10-20 00:00:00,The Puzzle Place for Teens,"Take a break, unwind, and help complete our community puzzle! Drop in anytime to add a few pieces, meet other teens, or enjoy a quiet brain break.",2026-10-20 00:00:00,2026-10-20 23:59:00,Ropkins Library,Sports & Games | Family & Kids | Community & Volunteering,STEM | Community,upcoming,Free,Hartford Public Library,https://programs.hplct.org/events,https://hplct.libnet.info/event/17168084,Teens
hpl:17478781:2026-10-20 09:30:00,DSS: Department of Social Service,Do you have questions about your DSS account? The Connecticut Department of Social Services is available to assist you. No appointments required.,2026-10-20 09:30:00,2026-10-20 14:00:00,Park Street Library @ The Lyric,Health & Wellness,Health & Wellness,upcoming,Free,Hartford Public Library,https://programs.hplct.org/events,https://hplct.libnet.info/event/17478781,Adults
hpl:16809739:2026-10-20 09:30:00,ESL Classes,English as a second language classes for adults. Registered students only. Please contact ESL@hplct.org for more information.,2026-10-20 09:30:00,2026-10-20 12:00:00,Downtown,Arts & Culture | Learning & Careers | Community & Volunteering,Reading & Writing | Language | Civic Engagement | Career,upcoming,Free,Hartford Public Library,https://programs.hplct.org/events,https://hplct.libnet.info/event/16809739,Adults
hpl:16809907:2026-10-20 09:30:00,ESL Classes,English as a second language classes for adults. Registered students only. Please contact ESL@hplct.org for more information.,2026-10-20 09:30:00,2026-10-20 12:00:00,Downtown,Arts & Culture | Learning & Careers | Community & Volunteering,Reading & Writing | Language | Civic Engagement | Career,upcoming,Free,Hartford Public Library,https://programs.hplct.org/events,https://hplct.libnet.info/event/16809907,Adults
hpl:16809587:2026-10-20 09:30:00,ESL Classes,English as a second language classes for adults. Registered students only. Please contact ESL@hplct.org for more information.,2026-10-20 09:30:00,2026-10-20 12:00:00,Downtown,Arts & Culture | Learning & Careers | Community & Volunteering,Reading & Writing | Language | Civic Engagement | Career,upcoming,Free,Hartford Public Library,https://programs.hplct.org/events,https://hplct.libnet.info/event/16809587,Adults
hpl:16809303:2026-10-20 09:30:00,ESL Classes,English as a second language classes. Registered students only. Please contact ESL@hplct.org for more information.,2026-10-20 09:30:00,2026-10-20 12:00:00,Downtown,Arts & Culture | Learning & Careers | Community & Volunteering,Reading & Writing | Language | Civic Engagement | Career,upcoming,Free,Hartford Public Library,https://programs.hplct.org/events,https://hplct.libnet.info/event/16809303,Adults
hpl:17463657:2026-10-20 10:00:00,Everyday Tech,Are you looking to finally understand your device or boost your computer skills for work?,2026-10-20 10:00:00,2026-10-20 11:00:00,Dwight Library,Learning & Careers,Technology,upcoming,Free,Hartford Public Library,https://programs.hplct.org/events,https://hplct.libnet.info/event/17463657,Adults
hpl:17201955:2026-10-20 10:00:00,Sensory Storytime,"Children and families of all abilities and sensory needs, join us at the library for an adapted storytime with a bubbletime and sensory playtime grand finale",2026-10-20 10:00:00,2026-10-20 10:30:00,Dwight Library,Arts & Culture | Family & Kids | Learning & Careers,Storytime | Reading & Writing | Leap into Learning,upcoming,Free,Hartford Public Library,https://programs.hplct.org/events,https://hplct.libnet.info/event/17201955,Family
hpl:17454311:2026-10-20 11:00:00,"Bingo, Books & Brews","This monthly series combines the excitement of bingo with the sophistication of a curated tea tasting, offering a perfect blend of fun and relaxation.",2026-10-20 11:00:00,2026-10-20 12:00:00,Albany Library,Food & Restaurants | Arts & Culture | Community & Volunteering,Civic Engagement,upcoming,Free,Hartford Public Library,https://programs.hplct.org/events,https://hplct.libnet.info/event/17454311,Adults
hpl:17537813:2026-10-20 11:00:00,Potholder Glasses Case,"Turn an ordinary potholder into a stylish eyeglass case. Embellish with fabric flowers, buttons, and charms using basic sewing techniques. Registration required.",2026-10-20 11:00:00,2026-10-20 12:00:00,Camp Field Library,Other & General,Arts,upcoming,Free,Hartford Public Library,https://programs.hplct.org/events,https://hplct.libnet.info/event/17537813,Adults
hpl:17243713:2026-10-20 11:00:00,Resource Day,"Join us on every 3rd Tuesday of the month for our resource day, featuring partnering organizations throughout the city of Hartford. It's a one stop hub!",2026-10-20 11:00:00,2026-10-20 14:00:00,Park Street Library @ The Lyric,Health & Wellness | Learning & Careers | Community & Volunteering,Health & Wellness | Community | Career,upcoming,Free,Hartford Public Library,https://programs.hplct.org/events,https://hplct.libnet.info/event/17243713,Adults
hpl:17077424:2026-10-20 11:00:00,Story Time,"Come to the library for stories, songs, and fingerplays! For children ages birth through five with caregiver.",2026-10-20 11:00:00,2026-10-20 11:45:00,Camp Field Library,Family & Kids,Storytime,upcoming,Free,Hartford Public Library,https://programs.hplct.org/events,https://hplct.libnet.info/event/17077424,"Youth, Family"
hpl:17463658:2026-10-20 14:00:00,Everyday Tech,Are you looking to finally understand your device or boost your computer skills for work?,2026-10-20 14:00:00,2026-10-20 15:00:00,Dwight Library,Learning & Careers,Technology,upcoming,Free,Hartford Public Library,https://programs.hplct.org/events,https://hplct.libnet.info/event/17463658,Adults
hpl:17491689:2026-10-20 14:30:00,English Learners Success,"This program supports high school English Learners through engaging, project-based instruction that strengthens English language proficiency, academic success, and college and career readiness.",2026-10-20 14:30:00,2026-10-20 16:30:00,Downtown,Arts & Culture | Family & Kids | Learning & Careers,TAP | STEM | Reading & Writing | Language,upcoming,Free,Hartford Public Library,https://programs.hplct.org/events,https://hplct.libnet.info/event/17491689,Teens
hpl:17251767:2026-10-20 15:00:00,DJ Foundation Lab @ YOUmedia,"Learn the fundamentals of DJing through hands-on experience with professional equipment and software. Explore beatmatching, transitions, music selection, and performance skills.",2026-10-20 15:00:00,2026-10-20 17:00:00,Downtown,Music & Nightlife | Health & Wellness | Learning & Careers,Technology | STEM | Career | Arts,upcoming,Free,Hartford Public Library,https://programs.hplct.org/events,https://hplct.libnet.info/event/17251767,Teens
hpl:17236250:2026-10-20 15:00:00,Games & Strategy,"Build critical thinking and teamwork through friendly competition. Participants can play chess, dominoes, Ludo, Nintendo Switch games, and other strategy-based board and video games.",2026-10-20 15:00:00,2026-10-20 17:00:00,Albany Library,Sports & Games,Media,upcoming,Free,Hartford Public Library,https://programs.hplct.org/events,https://hplct.libnet.info/event/17236250,Teens
hpl:17108062:2026-10-20 15:00:00,Getting Started with Hispanic Genealogy,"Learn the foundations of researching Hispanic ancestry, including how naming conventions geography, and historical context impact family history research.",2026-10-20 15:00:00,2026-10-20 16:30:00,Park Street Library @ The Lyric,Arts & Culture | Family & Kids | Learning & Careers | Community & Volunteering,Family | Community,upcoming,Free,Hartford Public Library,https://programs.hplct.org/events,https://hplct.libnet.info/event/17108062,Adults
hpl:17337751:2026-10-20 15:00:00,Pearson Test Center testing,"Pearson testing in the West Middle test center (44 Niles Street). Registered testers only. If you have questions or require assistance the day of your testing appointment, please call (860) 331-9538.",2026-10-20 15:00:00,2026-10-20 20:00:00,West Middle School Branch,Outdoors & Nature,TAP,upcoming,Free,Hartford Public Library,https://programs.hplct.org/events,https://hplct.libnet.info/event/17337751,Adults
hpl:17236288:2026-10-20 15:00:00,Picture This,A photography-focused program taking students through the creative process from pre-production and shooting to editing and post-production.,2026-10-20 15:00:00,2026-10-20 17:00:00,Albany Library,Learning & Careers,Technology | Media | Arts,upcoming,Free,Hartford Public Library,https://programs.hplct.org/events,https://hplct.libnet.info/event/17236288,Teens
hpl:17236270:2026-10-20 15:00:00,Self Care Sesh,"Give yourself some room to breathe while participating in relaxing activities like journaling, DIY self-care products, drawing and painting.",2026-10-20 15:00:00,2026-10-20 17:00:00,Albany Library,Community & Volunteering,Community | Arts,upcoming,Free,Hartford Public Library,https://programs.hplct.org/events,https://hplct.libnet.info/event/17236270,Teens
hpl:17251497:2026-10-20 15:30:00,Characters in Motion,Bring your characters to life! Teens will explore comic art and animation while developing their visual story-telling skills.,2026-10-20 15:30:00,2026-10-20 16:30:00,Downtown,Arts & Culture | Family & Kids | Learning & Careers,Technology | STEM | Career | Arts,upcoming,Free,Hartford Public Library,https://programs.hplct.org/events,https://hplct.libnet.info/event/17251497,Teens
hpl:17531804:2026-10-20 15:30:00,Crafternoon,Bring out your inner artist with a fun craft! On 10/13 we will have a special craft for the end of Hispanic Heritage Month.,2026-10-20 15:30:00,2026-10-20 16:30:00,Albany Library,Arts & Culture,Media | Arts,upcoming,Free,Hartford Public Library,https://programs.hplct.org/events,https://hplct.libnet.info/event/17531804,"Youth, Family"
hpl:17165457:2026-10-20 15:30:00,Fall STEM Adventures,"Discover, build, and explore! Join us each week for hands-on STEM activities that encourage creativity, critical thinking, and problem-solving.",2026-10-20 15:30:00,2026-10-20 16:15:00,Ropkins Library,Other & General,STEM,upcoming,Free,Hartford Public Library,https://programs.hplct.org/events,https://hplct.libnet.info/event/17165457,"Youth, Family"
hpl:17165174:2026-10-20 15:30:00,Homework Heroes,"Need a little extra support? Stop by after school for help with homework, reading, and school assignments in a welcoming environment. Children under 12 must be accompanied by a parent or caregiver.",2026-10-20 15:30:00,2026-10-20 16:00:00,Ropkins Library,Arts & Culture | Family & Kids | Outdoors & Nature,STEM | Reading & Writing,upcoming,Free,Hartford Public Library,https://programs.hplct.org/events,https://hplct.libnet.info/event/17165174,"Youth, Family"
hpl:17077663:2026-10-20 16:00:00,Craft Corner,Get crafty at the Camp Field Library! Children ages 6-12 are invited to explore their creativity by making a fun craft every week.,2026-10-20 16:00:00,2026-10-20 17:00:00,Camp Field Library,Arts & Culture | Family & Kids,Arts,upcoming,Free,Hartford Public Library,https://programs.hplct.org/events,https://hplct.libnet.info/event/17077663,Youth
hpl:16671873:2026-10-20 16:00:00,GED Learning Circles,"Instructor-led small group study support toward the Science, Social Studies, Mathematical Reasoning, and Language Arts GED subject tests, utilizing GED prep software provided by the Library.",2026-10-20 16:00:00,2026-10-20 17:30:00,Downtown,Arts & Culture | Learning & Careers,Technology | STEM | Reading & Writing,upcoming,Free,Hartford Public Library,https://programs.hplct.org/events,https://hplct.libnet.info/event/16671873,Adults
hpl:16908990:2026-10-20 17:00:00,Financial Literacy: 1-on-1 Coaching,"One-on-one money management skills coaching at the Downtown Library in Spanish or in English, by appointment. For more information, call/text (860) 256-9856",2026-10-20 17:00:00,2026-10-20 18:00:00,Downtown,Learning & Careers | Community & Volunteering,Education | Education | Community | Civic Engagement,upcoming,Free,Hartford Public Library,https://programs.hplct.org/events,https://hplct.libnet.info/event/16908990,Adults
hpl:17497628:2026-10-20 17:30:00,ESL Classes,Adult Education English as a Second Language,2026-10-20 17:30:00,2026-10-20 19:30:00,Downtown,Arts & Culture | Learning & Careers,TAP | Reading & Writing,upcoming,Free,Hartford Public Library,https://programs.hplct.org/events,https://hplct.libnet.info/event/17497628,Adults
hpl:16671934:2026-10-20 17:30:00,GED Learning Circles,"Instructor-led small group study support toward the Science, Social Studies, Mathematical Reasoning, and Language Arts GED subject tests, utilizing GED prep software provided by the Library.",2026-10-20 17:30:00,2026-10-20 19:00:00,Downtown,Arts & Culture | Learning & Careers,Technology | STEM | Reading & Writing,upcoming,Free,Hartford Public Library,https://programs.hplct.org/events,https://hplct.libnet.info/event/16671934,Adults
hpl:17350432:2026-10-20 17:30:00,ServSafe Food Handler Certification,Earn your ServSafe Food Handler certification at no cost in this free course covering topics such as food safety and contamination prevention. Your path to food service employment starts here!,2026-10-20 17:30:00,2026-10-20 19:30:00,Downtown,Food & Restaurants | Learning & Careers,Job Training | Career,upcoming,Free,Hartford Public Library,https://programs.hplct.org/events,https://hplct.libnet.info/event/17350432,Adults
hpl:16904694:2026-10-20 19:00:00,HPL Scriptwriters' Circle,"HPL STUDIOS presents a roundtable for writers to share ideas and material from their feature, short film, web series, sketch or scripted audio project with peers.",2026-10-20 19:00:00,2026-10-20 20:30:00,Downtown,Arts & Culture,Reading & Writing | Media | Arts,upcoming,Free,Hartford Public Library,https://programs.hplct.org/events,https://hplct.libnet.info/event/16904694,Adults
eventbrite:1994585927201:2026-10-21,Blockchain and Business Networking | Elevating Your Potential - Hartford,"Open the event listing for details, cost, time, and registration.",2026-10-21,2026-10-21,Black-Eyed Sally's Southern Kitchen & Bar · 350 Asylum Street,Learning & Careers | Community & Volunteering,,upcoming,Check event listing,Eventbrite,https://www.eventbrite.com/d/ct--hartford/events/,https://www.eventbrite.com/e/blockchain-and-business-networking-elevating-your-potential-hartford-tickets-1994585927201,Check event listing
hpl:17168085:2026-10-21 00:00:00,The Puzzle Place for Teens,"Take a break, unwind, and help complete our community puzzle! Drop in anytime to add a few pieces, meet other teens, or enjoy a quiet brain break.",2026-10-21 00:00:00,2026-10-21 23:59:00,Ropkins Library,Sports & Games | Family & Kids | Community & Volunteering,STEM | Community,upcoming,Free,Hartford Public Library,https://programs.hplct.org/events,https://hplct.libnet.info/event/17168085,Teens
hpl:17388191:2026-10-21 09:30:00,CASAS Testing,CASAS testing for enrolled students in TAP programs,2026-10-21 09:30:00,2026-10-21 12:00:00,Downtown,Arts & Culture | Learning & Careers,TAP | Reading & Writing | Language,upcoming,Free,Hartford Public Library,https://programs.hplct.org/events,https://hplct.libnet.info/event/17388191,Adults
hpl:16806803:2026-10-21 09:30:00,English for All,Guided online learning for English as a second language,2026-10-21 09:30:00,2026-10-21 12:00:00,Downtown,Arts & Culture | Learning & Careers,Reading & Writing | Language,upcoming,Free,Hartford Public Library,https://programs.hplct.org/events,https://hplct.libnet.info/event/16806803,Adults
hpl:16812348:2026-10-21 09:30:00,ESL ServSafe,ServSafe training for registered ESL students only. Contact ESL@hplct.org for more information. Description,2026-10-21 09:30:00,2026-10-21 12:00:00,Downtown,Learning & Careers,Language | Career,upcoming,Free,Hartford Public Library,https://programs.hplct.org/events,https://hplct.libnet.info/event/16812348,Adults
hpl:17484336:2026-10-21 09:30:00,GED Learning Circles,"Instructor-led small group study support toward the Science, Social Studies, Mathematical Reasoning, and Language Arts GED subject tests, utilizing GED prep software provided by the Library.",2026-10-21 09:30:00,2026-10-21 11:00:00,Downtown,Arts & Culture | Learning & Careers,STEM | Reading & Writing,upcoming,Free,Hartford Public Library,https://programs.hplct.org/events,https://hplct.libnet.info/event/17484336,Adults
hpl:17484353:2026-10-21 11:00:00,GED Learning Circles,"Instructor-led small group study support toward the Science, Social Studies, Mathematical Reasoning, and Language Arts GED subject tests, utilizing GED prep software provided by the Library.",2026-10-21 11:00:00,2026-10-21 12:30:00,Downtown,Arts & Culture | Learning & Careers,STEM | Reading & Writing,upcoming,Free,Hartford Public Library,https://programs.hplct.org/events,https://hplct.libnet.info/event/17484353,Adults
hpl:17484467:2026-10-21 12:30:00,Math Class,"Math classes offered in collaboration with Learn for Life, Inc. for adult students working to enhance workplace skills, prepare for the GED, or get ready for college",2026-10-21 12:30:00,2026-10-21 14:30:00,Downtown,Learning & Careers,STEM,upcoming,Free,Hartford Public Library,https://programs.hplct.org/events,https://hplct.libnet.info/event/17484467,Adults
hpl:17491399:2026-10-21 14:30:00,Next Steps for College for English Learners,"This program supports high school English Learners in grades 11-12 as they develop English language proficiency, achieve academic success, and prepare for college and career pathways.",2026-10-21 14:30:00,2026-10-21 16:30:00,Downtown,Arts & Culture | Family & Kids | Learning & Careers,TAP | STEM | Reading & Writing | Language,upcoming,Free,Hartford Public Library,https://programs.hplct.org/events,https://hplct.libnet.info/event/17491399,Teens
hpl:17242174:2026-10-21 14:30:00,Next Steps for College for English Learners,"This program supports high school English Learners in grades 11-12 as they develop English language proficiency, achieve academic success, and prepare for college and career pathways.",2026-10-21 14:30:00,2026-10-21 17:00:00,Downtown,Arts & Culture | Family & Kids | Learning & Careers,STEM | Reading & Writing | Language,archived,Free,Hartford Public Library,https://programs.hplct.org/events,https://hplct.libnet.info/event/17242174,Teens
hpl:17236384:2026-10-21 15:00:00,Creative Writing 101,"Learn skills like character and narrative design, world building, and writing real dialogue to bring your stories to life.",2026-10-21 15:00:00,2026-10-21 17:00:00,Albany Library,Arts & Culture | Learning & Careers | Community & Volunteering,Reading & Writing | Community | Arts,upcoming,Free,Hartford Public Library,https://programs.hplct.org/events,https://hplct.libnet.info/event/17236384,Teens
hpl:17236370:2026-10-21 15:00:00,Film & Digital Media,"Learn the fundamentals of filmmaking, photography, editing, animation, and visual effects. Teens will create short films, experiment with cameras and editing software, and develop storytelling skills.",2026-10-21 15:00:00,2026-10-21 17:00:00,Albany Library,Arts & Culture | Health & Wellness | Family & Kids | Learning & Careers,Technology | Media | Arts,upcoming,Free,Hartford Public Library,https://programs.hplct.org/events,https://hplct.libnet.info/event/17236370,Teens
hpl:17252364:2026-10-21 15:00:00,Game Design @ YOUmedia,"We’re continuing to create games for the PC and VR. Join in, add your inspiration and learn some new skills! We’ll be using the Unity Game engine.",2026-10-21 15:00:00,2026-10-21 17:00:00,Downtown,Sports & Games | Learning & Careers,Technology | STEM | Media | Career | Arts,upcoming,Free,Hartford Public Library,https://programs.hplct.org/events,https://hplct.libnet.info/event/17252364,Teens
hpl:17337752:2026-10-21 15:00:00,Pearson Test Center testing,"Pearson testing in the West Middle test center (44 Niles Street). Registered testers only. If you have questions or require assistance the day of your testing appointment, please call (860) 331-9538.",2026-10-21 15:00:00,2026-10-21 20:00:00,West Middle School Branch,Outdoors & Nature,TAP,upcoming,Free,Hartford Public Library,https://programs.hplct.org/events,https://hplct.libnet.info/event/17337752,Adults
hpl:17236401:2026-10-21 15:00:00,Wonder Wednesday,"This program gives students a fun and interactive space to test their knowledge through a variety of games, including throwback trivia, GeoGuessr, pop culture, music, history, and more.",2026-10-21 15:00:00,2026-10-21 17:00:00,Albany Library,Sports & Games | Music & Nightlife | Arts & Culture | Community & Volunteering,Media | Community,upcoming,Free,Hartford Public Library,https://programs.hplct.org/events,https://hplct.libnet.info/event/17236401,Teens
hpl:17252275:2026-10-21 15:30:00,Hands on Adobe,"Get creative with Adobe! Teens will learn the basics of popular Adobe creative programs while experimenting with digital art, graphic design, photo editing, and more.",2026-10-21 15:30:00,2026-10-21 16:30:00,Downtown,Arts & Culture | Family & Kids | Learning & Careers,Technology | STEM | Career | Arts,upcoming,Free,Hartford Public Library,https://programs.hplct.org/events,https://hplct.libnet.info/event/17252275,Teens
hpl:17165175:2026-10-21 15:30:00,Homework Heroes,"Need a little extra support? Stop by after school for help with homework, reading, and school assignments in a welcoming environment. Children under 12 must be accompanied by a parent or caregiver.",2026-10-21 15:30:00,2026-10-21 16:00:00,Ropkins Library,Arts & Culture | Family & Kids | Outdoors & Nature,STEM | Reading & Writing,upcoming,Free,Hartford Public Library,https://programs.hplct.org/events,https://hplct.libnet.info/event/17165175,"Youth, Family"
hpl:17531671:2026-10-21 15:30:00,Quiet Coloring,Join us for a relaxing coloring program.,2026-10-21 15:30:00,2026-10-21 16:30:00,Albany Library,Other & General,Arts,upcoming,Free,Hartford Public Library,https://programs.hplct.org/events,https://hplct.libnet.info/event/17531671,"Youth, Family"
hpl:17165754:2026-10-21 15:30:00,"Think, Search & Solve!","Put your thinking skills to the test with fall-themed word searches, I Spy puzzles, mazes, and other fun brain-teasing activities.",2026-10-21 15:30:00,2026-10-21 16:15:00,Ropkins Library,Sports & Games | Family & Kids,STEM | Family,upcoming,Free,Hartford Public Library,https://programs.hplct.org/events,https://hplct.libnet.info/event/17165754,"Youth, Family"
hpl:17207278:2026-10-21 16:00:00,Crafternoon,"Drop in for Crafternoon, a hands-on art program where kids can explore seasonal crafts, recycled art, and creative building projects. Please RSVP; supplies are limited.",2026-10-21 16:00:00,2026-10-21 17:00:00,Downtown,Arts & Culture | Family & Kids,Arts,upcoming,Free,Hartford Public Library,https://programs.hplct.org/events,https://hplct.libnet.info/event/17207278,"Youth, Family"
hpl:17517663:2026-10-21 16:00:00,Homework Hub,Need some extra help with homework? Stop by after school for support with assignments and studying. For ages 6-12.,2026-10-21 16:00:00,2026-10-21 17:00:00,Camp Field Library,Arts & Culture | Family & Kids,STEM | Reading & Writing,upcoming,Free,Hartford Public Library,https://programs.hplct.org/events,https://hplct.libnet.info/event/17517663,"Youth, Family"
hpl:17082002:2026-10-21 16:00:00,Teen Scene Craft,Teens are welcome to come to the library to make a cool craft or do a fun activity!,2026-10-21 16:00:00,2026-10-21 17:00:00,Camp Field Library,Arts & Culture | Family & Kids,Arts,upcoming,Free,Hartford Public Library,https://programs.hplct.org/events,https://hplct.libnet.info/event/17082002,Teens
hpl:16909015:2026-10-21 17:00:00,Financial Literacy: 1-on-1 Coaching,"One-on-one money management skills coaching at the Downtown Library in Spanish or in English, by appointment. For more information, call/text (860) 256-9856",2026-10-21 17:00:00,2026-10-21 18:00:00,Downtown,Learning & Careers | Community & Volunteering,Education | Education | Community | Civic Engagement,upcoming,Free,Hartford Public Library,https://programs.hplct.org/events,https://hplct.libnet.info/event/16909015,Adults
hpl:16861129:2026-10-21 17:00:00,Math Class,"Math classes offered in collaboration with Learn for Life, Inc. for adult students working to enhance workplace skills, prepare for the GED, or get ready for college",2026-10-21 17:00:00,2026-10-21 19:00:00,Downtown,Learning & Careers,STEM | Career,upcoming,Free,Hartford Public Library,https://programs.hplct.org/events,https://hplct.libnet.info/event/16861129,Adults
hpl:17068368:2026-10-21 17:00:00,ServSafe Food Handler Certification,The ServSafe Food Handler certificate is a requirement for obtaining a Cottage Food Operator license in CT and can significantly enhance employment opportunities in the food service industry.,2026-10-21 17:00:00,2026-10-21 18:30:00,Albany Library,Food & Restaurants | Music & Nightlife | Learning & Careers,Career,upcoming,Free,Hartford Public Library,https://programs.hplct.org/events,https://hplct.libnet.info/event/17068368,Adults
hpl:17350942:2026-10-21 17:00:00,ServSafe Food Handler Certification (Albany),Earn your ServSafe Food Handler certification at no cost in this free course covering topics such as food safety and contamination prevention. Your path to food service employment starts here!,2026-10-21 17:00:00,2026-10-21 18:30:00,Albany Library,Food & Restaurants | Learning & Careers,Job Training | Career,upcoming,Free,Hartford Public Library,https://programs.hplct.org/events,https://hplct.libnet.info/event/17350942,Adults
hpl:16943133:2026-10-21 18:30:00,Intro to Mixing Workshop,This workshop is for participants who have completed the Intro to Studio Technology Workshop or have commensurate recording studio experience.,2026-10-21 18:30:00,2026-10-21 20:00:00,Downtown,Learning & Careers,Media | Arts,upcoming,Free,Hartford Public Library,https://programs.hplct.org/events,https://hplct.libnet.info/event/16943133,"Youth, Teens, Family, Adults"
hpl:17505233:2026-10-21 18:30:00,Line Dancing w/ Passion Dance Studio,Join us to learn the latest line dances.,2026-10-21 18:30:00,2026-10-21 19:30:00,Downtown,Music & Nightlife | Health & Wellness | Learning & Careers | Community & Volunteering,Health & Wellness | Community | Arts,upcoming,Free,Hartford Public Library,https://programs.hplct.org/events,https://hplct.libnet.info/event/17505233,Adults
eventbrite:2001008744019:2026-10-22,Conversations In Color | Opening Reception,"Open the event listing for details, cost, time, and registration.",2026-10-22,2026-10-22,The 224 Ecospace · 224 Farmington Avenue,Other & General,,upcoming,Check event listing,Eventbrite,https://www.eventbrite.com/d/ct--hartford/events/,https://www.eventbrite.com/e/conversations-in-color-opening-reception-tickets-2001008744019,Check event listing
hpl:17168086:2026-10-22 00:00:00,The Puzzle Place for Teens,"Take a break, unwind, and help complete our community puzzle! Drop in anytime to add a few pieces, meet other teens, or enjoy a quiet brain break.",2026-10-22 00:00:00,2026-10-22 23:59:00,Ropkins Library,Sports & Games | Family & Kids | Community & Volunteering,STEM | Community,upcoming,Free,Hartford Public Library,https://programs.hplct.org/events,https://hplct.libnet.info/event/17168086,Teens
hpl:16809856:2026-10-22 09:30:00,ESL Classes,English as a second language classes for adults. Registered students only. Please contact ESL@hplct.org for more information.,2026-10-22 09:30:00,2026-10-22 12:00:00,Downtown,Arts & Culture | Learning & Careers | Community & Volunteering,Reading & Writing | Language | Civic Engagement | Career,upcoming,Free,Hartford Public Library,https://programs.hplct.org/events,https://hplct.libnet.info/event/16809856,Adults
hpl:16809589:2026-10-22 09:30:00,ESL Classes,English as a second language classes for adults. Registered students only. Please contact ESL@hplct.org for more information.,2026-10-22 09:30:00,2026-10-22 12:00:00,Downtown,Arts & Culture | Learning & Careers | Community & Volunteering,Reading & Writing | Language | Civic Engagement | Career,upcoming,Free,Hartford Public Library,https://programs.hplct.org/events,https://hplct.libnet.info/event/16809589,Adults
hpl:16809259:2026-10-22 09:30:00,ESL Classes,English as a second language classes. Registered students only. Please contact ESL@hplct.org for more information.,2026-10-22 09:30:00,2026-10-22 12:00:00,Downtown,Arts & Culture | Learning & Careers | Community & Volunteering,Reading & Writing | Language | Civic Engagement | Career,upcoming,Free,Hartford Public Library,https://programs.hplct.org/events,https://hplct.libnet.info/event/16809259,Adults
hpl:16809696:2026-10-22 09:30:00,ESL Classes,English as a second language classes for adults. Registered students only. Please contact ESL@hplct.org for more information.,2026-10-22 09:30:00,2026-10-22 12:00:00,Downtown,Arts & Culture | Learning & Careers | Community & Volunteering,Reading & Writing | Language | Civic Engagement | Career,upcoming,Free,Hartford Public Library,https://programs.hplct.org/events,https://hplct.libnet.info/event/16809696,Adults
hpl:17166304:2026-10-22 13:30:00,Teen Takeover,"Take a break, hang out with friends, and meet new people every Thursday! Enjoy a different activity each week—from games and crafts to creative challenges and more.",2026-10-22 13:30:00,2026-10-22 14:30:00,Ropkins Library,Sports & Games | Arts & Culture | Family & Kids | Learning & Careers,Technology | STEM | Arts,upcoming,Free,Hartford Public Library,https://programs.hplct.org/events,https://hplct.libnet.info/event/17166304,Teens
hpl:17491881:2026-10-22 14:30:00,English Learners Success,"This program supports high school English Learners through engaging, project-based instruction that strengthens English language proficiency, academic success, and college and career readiness.",2026-10-22 14:30:00,2026-10-22 16:30:00,Downtown,Arts & Culture | Family & Kids | Learning & Careers,TAP | STEM | Reading & Writing | Language,upcoming,Free,Hartford Public Library,https://programs.hplct.org/events,https://hplct.libnet.info/event/17491881,Teens
hpl:17251416:2026-10-22 15:00:00,Brick by Brick,"Learn LEGO building through hands-on creative challenges, individual projects, and team builds. Explore design, engineering, structure, and storytelling while developing problem-solving and teamwork.",2026-10-22 15:00:00,2026-10-22 17:00:00,Downtown,Family & Kids | Learning & Careers | Community & Volunteering,STEM | Community | Career | Arts,upcoming,Free,Hartford Public Library,https://programs.hplct.org/events,https://hplct.libnet.info/event/17251416,Teens
hpl:17236461:2026-10-22 15:00:00,Creative Arts & Design,"Express creativity through painting, drawing, collage, origami, crafts, button making, and other hands-on art projects while exploring different artistic techniques and styles.",2026-10-22 15:00:00,2026-10-22 17:00:00,Albany Library,Arts & Culture | Community & Volunteering,Community | Arts,upcoming,Free,Hartford Public Library,https://programs.hplct.org/events,https://hplct.libnet.info/event/17236461,Teens
hpl:17236502:2026-10-22 15:00:00,Self Care Lab,"Learn the creative and practical side of personal care through hands-on projects such as making soaps, deodorants, body oils, hair-care products, and other self-care items.",2026-10-22 15:00:00,2026-10-22 17:00:00,Albany Library,Learning & Careers,Arts,upcoming,Free,Hartford Public Library,https://programs.hplct.org/events,https://hplct.libnet.info/event/17236502,Teens
hpl:17252489:2026-10-22 15:30:00,"Create, Sketch & Make @ YOUmedia","Unleash your creativity with hands-on art projects, crafts and sketching. Teens will have opportunities to create indoors and outdoors while exploring new ways to turn inspiration into art.",2026-10-22 15:30:00,2026-10-22 16:30:00,Downtown,Arts & Culture | Family & Kids | Learning & Careers | Outdoors & Nature,STEM | Career | Arts,upcoming,Free,Hartford Public Library,https://programs.hplct.org/events,https://hplct.libnet.info/event/17252489,Teens
hpl:16387512:2026-10-22 16:00:00,Adult Tech Class,"Join us for hands-on computer basics lessons for adults. All experience levels welcomed, beginners encouraged! Registration is not necessary.",2026-10-22 16:00:00,2026-10-22 17:30:00,Downtown,Learning & Careers,Technology,upcoming,Free,Hartford Public Library,https://programs.hplct.org/events,https://hplct.libnet.info/event/16387512,Adults
hpl:17081744:2026-10-22 17:00:00,Thursday Fun Zone,Join us on Thursdays for a different themed activity or craft! For ages 6-12.,2026-10-22 17:00:00,2026-10-22 17:00:00,Camp Field Library,Arts & Culture,Arts,upcoming,Free,Hartford Public Library,https://programs.hplct.org/events,https://hplct.libnet.info/event/17081744,Youth
hpl:17478736:2026-10-22 17:00:00,YOGA,"Join us for a relaxing yoga session designed to improve flexibility, balance, strength, and mindfulness. All experience levels are welcome. Registration not required.",2026-10-22 17:00:00,2026-10-22 18:00:00,Park Street Library @ The Lyric,Sports & Games | Health & Wellness,Health & Wellness,upcoming,Free,Hartford Public Library,https://programs.hplct.org/events,https://hplct.libnet.info/event/17478736,Adults
hpl:17497749:2026-10-22 17:30:00,ESL Classes,Adult Education English as a Second Language,2026-10-22 17:30:00,2026-10-22 19:30:00,Downtown,Arts & Culture | Learning & Careers,TAP | Reading & Writing,upcoming,Free,Hartford Public Library,https://programs.hplct.org/events,https://hplct.libnet.info/event/17497749,Adults
hpl:17350434:2026-10-22 17:30:00,ServSafe Food Handler Certification,Earn your ServSafe Food Handler certification at no cost in this free course covering topics such as food safety and contamination prevention. Your path to food service employment starts here!,2026-10-22 17:30:00,2026-10-22 19:30:00,Downtown,Food & Restaurants | Learning & Careers,Job Training | Career,upcoming,Free,Hartford Public Library,https://programs.hplct.org/events,https://hplct.libnet.info/event/17350434,Adults
hpl:16904874:2026-10-22 19:00:00,HPL Studios - Advanced Podcasting Workshop,HPL STUDIOS presents a class to level up your podcast content and learn about the business of podcasting.,2026-10-22 19:00:00,2026-10-22 20:30:00,Downtown,Learning & Careers,Technology | Media | Arts,upcoming,Free,Hartford Public Library,https://programs.hplct.org/events,https://hplct.libnet.info/event/16904874,"Teens, Adults"
hpl:17210490:2026-10-23 10:00:00,Family Literacy PACT,Activities for families enrolled in ESL Family Literacy program,2026-10-23 10:00:00,2026-10-23 12:00:00,Downtown,Family & Kids | Learning & Careers,Language | Family,upcoming,Free,Hartford Public Library,https://programs.hplct.org/events,https://hplct.libnet.info/event/17210490,"Family, Adults"
hpl:17236520:2026-10-23 12:00:00,Community Challenge,"Wrap up the week with interactive Kahoot! trivia, team-building games, creative challenges, and group activities that encourage collaboration, communication, and fun.",2026-10-23 12:00:00,2026-10-23 15:00:00,Albany Library,Sports & Games | Community & Volunteering,Community,upcoming,Free,Hartford Public Library,https://programs.hplct.org/events,https://hplct.libnet.info/event/17236520,Teens
hpl:17236617:2026-10-23 12:00:00,Hear Me Out: Debate Club,"Hear Me Out provides students with a space to explore relevant topics, develop opinions, and practice expressing their ideas in a respectful and structured environment.",2026-10-23 12:00:00,2026-10-23 15:00:00,Albany Library,Community & Volunteering | Outdoors & Nature,Community | Civic Engagement,upcoming,Free,Hartford Public Library,https://programs.hplct.org/events,https://hplct.libnet.info/event/17236617,Teens
hpl:17236540:2026-10-23 13:00:00,Monster of the Week,"Join your friends, get your gear and roll the dice to defeat monsters using different storytelling games like Dungeons & Dragons, Fallout, Savage Worlds, and more!",2026-10-23 13:00:00,2026-10-23 16:00:00,Albany Library,Sports & Games | Community & Volunteering,Community,upcoming,Free,Hartford Public Library,https://programs.hplct.org/events,https://hplct.libnet.info/event/17236540,Teens
hpl:17252932:2026-10-23 14:00:00,Fidget Toy Workshop @ YOUmedia,"Explore a variety of 3D-printed fidget toys, discover how they work, and customize one to make it your own. Mix, match, experiment, and create a fidget that fits your style.",2026-10-23 14:00:00,2026-10-23 16:00:00,Downtown,Learning & Careers,Technology | STEM | Arts,upcoming,Free,Hartford Public Library,https://programs.hplct.org/events,https://hplct.libnet.info/event/17252932,Teens
hpl:17251768:2026-10-23 14:30:00,DJ Foundation Lab @ YOUmedia,"Learn the fundamentals of DJing through hands-on experience with professional equipment and software. Explore beatmatching, transitions, music selection, and performance skills.",2026-10-23 14:30:00,2026-10-23 16:30:00,Downtown,Music & Nightlife | Health & Wellness | Learning & Careers,Technology | STEM | Career | Arts,upcoming,Free,Hartford Public Library,https://programs.hplct.org/events,https://hplct.libnet.info/event/17251768,Teens
hpl:17531926:2026-10-23 15:30:00,Makerspace,Join us every Friday to use our makerspace materials to make something cool!,2026-10-23 15:30:00,2026-10-23 16:30:00,Albany Library,Other & General,Arts,upcoming,Free,Hartford Public Library,https://programs.hplct.org/events,https://hplct.libnet.info/event/17531926,Youth
hpl:17547301:2026-10-23 17:00:00,ArtWalk Artists Talk,Join us for an evening with current ArtWalk artists before their show closes on October 31.,2026-10-23 17:00:00,2026-10-23 19:00:00,Downtown,Arts & Culture | Community & Volunteering | Outdoors & Nature,Community | Arts,upcoming,Free,Hartford Public Library,https://programs.hplct.org/events,https://hplct.libnet.info/event/17547301,Adults
eventbrite:1998509889879:2026-10-24,"R&B Classics, Dancing & Dining: The Grown & Sexy","Open the event listing for details, cost, time, and registration.",2026-10-24,2026-10-24,85 Airport Road Hartford. Banquet Hall (behind Chris' Pizza) · 85 Airport Road,Music & Nightlife | Learning & Careers,,upcoming,Check event listing,Eventbrite,https://www.eventbrite.com/d/ct--hartford/events/,https://www.eventbrite.com/e/rb-classics-dancing-dining-the-grown-sexy-tickets-1998509889879,Check event listing
hpl:16810118:2026-10-24 09:30:00,ESL Classes,English as a second language classes for adults. Registered students only. Please contact ESL@hplct.org for more information.,2026-10-24 09:30:00,2026-10-24 12:30:00,Downtown,Arts & Culture | Learning & Careers | Community & Volunteering,Reading & Writing | Language | Civic Engagement | Career,upcoming,Free,Hartford Public Library,https://programs.hplct.org/events,https://hplct.libnet.info/event/16810118,Adults
hpl:16811408:2026-10-24 09:30:00,ESL Classes,English as a second language classes for adults. Registered students only. Please contact ESL@hplct.org for more information.,2026-10-24 09:30:00,2026-10-24 12:30:00,Downtown,Arts & Culture | Learning & Careers | Community & Volunteering,Reading & Writing | Language | Civic Engagement | Career,upcoming,Free,Hartford Public Library,https://programs.hplct.org/events,https://hplct.libnet.info/event/16811408,Adults
hpl:16810768:2026-10-24 09:30:00,ESL Classes,English as a second language classes for adults. Registered students only. Please contact ESL@hplct.org for more information.,2026-10-24 09:30:00,2026-10-24 12:30:00,Downtown,Arts & Culture | Learning & Careers | Community & Volunteering,Reading & Writing | Language | Civic Engagement | Career,upcoming,Free,Hartford Public Library,https://programs.hplct.org/events,https://hplct.libnet.info/event/16810768,Adults
hpl:16810053:2026-10-24 09:30:00,ESL Classes,English as a second language classes for adults. Registered students only. Please contact ESL@hplct.org for more information.,2026-10-24 09:30:00,2026-10-24 12:30:00,Downtown,Arts & Culture | Learning & Careers | Community & Volunteering,Reading & Writing | Language | Civic Engagement | Career,upcoming,Free,Hartford Public Library,https://programs.hplct.org/events,https://hplct.libnet.info/event/16810053,Adults
hpl:17484094:2026-10-24 09:30:00,GED Learning Circles,"Instructor-led small group study support toward the Science, Social Studies, Mathematical Reasoning, and Language Arts GED subject tests, utilizing GED prep software provided by the Library.",2026-10-24 09:30:00,2026-10-24 11:00:00,Downtown,Arts & Culture | Learning & Careers,STEM | Reading & Writing,upcoming,Free,Hartford Public Library,https://programs.hplct.org/events,https://hplct.libnet.info/event/17484094,Adults
hpl:17017981:2026-10-24 10:00:00,NACA- Homebuyer Workshop,"Please join us in collaboration with NACA for a free Homebuyer Workshop, that will get you ready to purchase your new home! To sign up please visit: WWW.NACA.COM",2026-10-24 10:00:00,2026-10-24 14:00:00,Park Street Library @ The Lyric,Learning & Careers | Community & Volunteering,Community,upcoming,Free,Hartford Public Library,https://programs.hplct.org/events,https://hplct.libnet.info/event/17017981,Adults
hpl:17484129:2026-10-24 11:00:00,GED Learning Circles,"Instructor-led small group study support toward the Science, Social Studies, Mathematical Reasoning, and Language Arts GED subject tests, utilizing GED prep software provided by the Library.",2026-10-24 11:00:00,2026-10-24 12:30:00,Downtown,Arts & Culture | Learning & Careers,STEM | Reading & Writing,upcoming,Free,Hartford Public Library,https://programs.hplct.org/events,https://hplct.libnet.info/event/17484129,Adults
hpl:16693297:2026-10-24 12:00:00,Pearson Test Center examinations,Testing in the Downtown Library's Pearson Test Center. By registration in advance only.,2026-10-24 12:00:00,2026-10-24 17:30:00,Downtown,Learning & Careers,Technology | Career,upcoming,Free,Hartford Public Library,https://programs.hplct.org/events,https://hplct.libnet.info/event/16693297,Adults
hpl:17484164:2026-10-24 12:30:00,Math Class,"Math classes offered in collaboration with Learn for Life, Inc. for adult students working to enhance workplace skills, prepare for the GED, or get ready for college",2026-10-24 12:30:00,2026-10-24 14:30:00,Downtown,Learning & Careers,STEM,upcoming,Free,Hartford Public Library,https://programs.hplct.org/events,https://hplct.libnet.info/event/17484164,Adults
hpl:17264462:2026-10-24 13:00:00,Citizenship Class,Classes for adult Green Card holders studying for the 128-question version of the civics test for U.S. citizenship and other key components of the naturalization interview.,2026-10-24 13:00:00,2026-10-24 16:00:00,Downtown,Arts & Culture | Learning & Careers | Community & Volunteering,Reading & Writing | Language | Civic Engagement,upcoming,Free,Hartford Public Library,https://programs.hplct.org/events,https://hplct.libnet.info/event/17264462,Adults
hpl:16812787:2026-10-24 13:15:00,ESL ServSafe,ServSafe training for registered ESL students only. Contact ESL@hplct.org for more information.,2026-10-24 13:15:00,2026-10-24 15:15:00,Downtown,Learning & Careers,Language | Career,upcoming,Free,Hartford Public Library,https://programs.hplct.org/events,https://hplct.libnet.info/event/16812787,Adults
hpl:17478566:2026-10-24 15:00:00,PomPom Pumpkin Coasters,Join us for a spooktacular craft and create fun pompom pumpkin coasters!,2026-10-24 15:00:00,2026-10-24 16:00:00,Albany Library,Arts & Culture,Arts,upcoming,Free,Hartford Public Library,https://programs.hplct.org/events,https://hplct.libnet.info/event/17478566,Adults
eventbrite:2002618374467:2026-10-25,WAKE AND DRAKE,"Open the event listing for details, cost, time, and registration.",2026-10-25,2026-10-25,Florida Restaurant - Bar · 681 Wethersfield Avenue,Other & General,,upcoming,Check event listing,Eventbrite,https://www.eventbrite.com/d/ct--hartford/events/,https://www.eventbrite.com/e/wake-and-drake-tickets-2002618374467,Check event listing
hpl:17168087:2026-10-26 00:00:00,The Puzzle Place for Teens,"Take a break, unwind, and help complete our community puzzle! Drop in anytime to add a few pieces, meet other teens, or enjoy a quiet brain break.",2026-10-26 00:00:00,2026-10-26 23:59:00,Ropkins Library,Sports & Games | Family & Kids | Community & Volunteering,STEM | Community,upcoming,Free,Hartford Public Library,https://programs.hplct.org/events,https://hplct.libnet.info/event/17168087,Teens
hpl:16693203:2026-10-26 09:30:00,Pearson Test Center examination,Testing in the Downtown Library's Pearson Test Center. By registration in advance only.,2026-10-26 09:30:00,2026-10-26 15:30:00,Downtown,Learning & Careers,Technology | Career,upcoming,Free,Hartford Public Library,https://programs.hplct.org/events,https://hplct.libnet.info/event/16693203,Adults
hpl:16841076:2026-10-26 11:00:00,Everyday Tech Help,"Need help with your phone, tablet, computer, or online services?",2026-10-26 11:00:00,2026-10-26 12:00:00,Barbour Library,Learning & Careers | Community & Volunteering,Technology | STEM | Media | Community,upcoming,Free,Hartford Public Library,https://programs.hplct.org/events,https://hplct.libnet.info/event/16841076,Adults
hpl:17139478:2026-10-26 11:00:00,First Steps in Music,This joyful early childhood experience ignites a spark for a lifetime of learning and musical appreciation.,2026-10-26 11:00:00,2026-10-26 12:00:00,HPL: Downtown Library,Music & Nightlife | Learning & Careers | Outdoors & Nature,Leap into Learning | Arts,upcoming,Free,Hartford Public Library,https://programs.hplct.org/events,https://hplct.libnet.info/event/17139478,Family
hpl:17483161:2026-10-26 12:30:00,Math Class,"Math classes offered in collaboration with Learn for Life, Inc. for adult students working to enhance workplace skills, prepare for the GED, or get ready for college",2026-10-26 12:30:00,2026-10-26 14:30:00,Downtown,Learning & Careers,STEM,upcoming,Free,Hartford Public Library,https://programs.hplct.org/events,https://hplct.libnet.info/event/17483161,Adults
hpl:17491227:2026-10-26 14:30:00,Next Steps for College for English Learners,"This program supports high school English Learners in grades 11-12 as they develop English language proficiency, achieve academic success, and prepare for college and career pathways.",2026-10-26 14:30:00,2026-10-26 16:30:00,Downtown,Arts & Culture | Family & Kids | Learning & Careers,TAP | STEM | Reading & Writing | Language,upcoming,Free,Hartford Public Library,https://programs.hplct.org/events,https://hplct.libnet.info/event/17491227,Teens
hpl:17491056:2026-10-26 14:30:00,Next Steps for College for English Learners,"This program supports high school English Learners in grades 11-12 as they develop English language proficiency, achieve academic success, and prepare for college and career pathways.",2026-10-26 14:30:00,2026-10-26 16:30:00,Downtown,Arts & Culture | Family & Kids | Learning & Careers,STEM | Reading & Writing | Language,archived,Free,Hartford Public Library,https://programs.hplct.org/events,https://hplct.libnet.info/event/17491056,Teens
hpl:17251417:2026-10-26 15:00:00,Brick by Brick,"Learn LEGO building through hands-on creative challenges, individual projects, and team builds. Explore design, engineering, structure, and storytelling while developing problem-solving and teamwork.",2026-10-26 15:00:00,2026-10-26 17:00:00,Downtown,Family & Kids | Learning & Careers | Community & Volunteering,STEM | Community | Career | Arts,upcoming,Free,Hartford Public Library,https://programs.hplct.org/events,https://hplct.libnet.info/event/17251417,Teens
hpl:17235901:2026-10-26 15:00:00,Hands-On Design,"Teens decorate and personalize their own t-shirts, hats, bags, and more using popular tools like Cricut machines, heat presses, and embroidery.",2026-10-26 15:00:00,2026-10-26 17:00:00,Albany Library,Family & Kids,STEM | Arts,upcoming,Free,Hartford Public Library,https://programs.hplct.org/events,https://hplct.libnet.info/event/17235901,Teens
hpl:17235941:2026-10-26 15:00:00,Make It Monday,"a hands-on creative arts program featuring small-scale projects such as zines, jewelry, paintings, collages, and other mini crafts.",2026-10-26 15:00:00,2026-10-26 17:00:00,Albany Library,Arts & Culture,Media | Arts,upcoming,Free,Hartford Public Library,https://programs.hplct.org/events,https://hplct.libnet.info/event/17235941,Teens
hpl:17235881:2026-10-26 15:00:00,STEAM & Maker Lab,"Teens explore hands-on STEM projects using technology, engineering, and creative problem-solving. Activities include 3D printing, coding, electronics, and collaborative maker challenges.",2026-10-26 15:00:00,2026-10-26 17:00:00,Albany Library,Family & Kids | Learning & Careers,Technology | STEM,upcoming,Free,Hartford Public Library,https://programs.hplct.org/events,https://hplct.libnet.info/event/17235881,Teens
hpl:17531843:2026-10-26 15:30:00,Brick Builders,Visit the library to build whatever you can think of with a variety of different building kits.,2026-10-26 15:30:00,2026-10-26 16:30:00,Albany Library,Other & General,STEM,upcoming,Free,Hartford Public Library,https://programs.hplct.org/events,https://hplct.libnet.info/event/17531843,"Youth, Family"
hpl:17531983:2026-10-26 15:30:00,Homework Club,Drop in Mondays to do your homework and help your peers.,2026-10-26 15:30:00,2026-10-26 16:30:00,Albany Library,Learning & Careers,Education | Education,upcoming,Free,Hartford Public Library,https://programs.hplct.org/events,https://hplct.libnet.info/event/17531983,Youth
hpl:17165176:2026-10-26 15:30:00,Homework Heroes,"Need a little extra support? Stop by after school for help with homework, reading, and school assignments in a welcoming environment. Children under 12 must be accompanied by a parent or caregiver.",2026-10-26 15:30:00,2026-10-26 16:00:00,Ropkins Library,Arts & Culture | Family & Kids | Outdoors & Nature,STEM | Reading & Writing,upcoming,Free,Hartford Public Library,https://programs.hplct.org/events,https://hplct.libnet.info/event/17165176,"Youth, Family"
hpl:17165282:2026-10-26 15:45:00,Fall Into Creativity,"Join Ms. Linda at the Ropkins Library every Monday to explore your creativity with a fun, hands-on craft. Enjoy a different project each week in a relaxed and welcoming environment.",2026-10-26 15:45:00,2026-10-26 16:15:00,Ropkins Library,Arts & Culture | Family & Kids | Outdoors & Nature,Family | Arts,upcoming,Free,Hartford Public Library,https://programs.hplct.org/events,https://hplct.libnet.info/event/17165282,"Youth, Family"
hpl:17082149:2026-10-26 16:00:00,Builders Club,Turn your ideas into incredible Lego creations! We’ll have a different challenge every month. For children ages 5-12.,2026-10-26 16:00:00,2026-10-26 17:00:00,Camp Field Library,Family & Kids,STEM,upcoming,Free,Hartford Public Library,https://programs.hplct.org/events,https://hplct.libnet.info/event/17082149,Youth
hpl:17517664:2026-10-26 16:00:00,Homework Hub,Need some extra help with homework? Stop by after school for support with assignments and studying. For ages 6-12.,2026-10-26 16:00:00,2026-10-26 17:00:00,Camp Field Library,Arts & Culture | Family & Kids,STEM | Reading & Writing,upcoming,Free,Hartford Public Library,https://programs.hplct.org/events,https://hplct.libnet.info/event/17517664,"Youth, Family"
hpl:16861106:2026-10-26 17:00:00,Math Class,"Math classes offered in collaboration with Learn for Life, Inc. for adult students working to enhance workplace skills, prepare for the GED, or get ready for college",2026-10-26 17:00:00,2026-10-26 19:00:00,Downtown,Learning & Careers,STEM | Career,upcoming,Free,Hartford Public Library,https://programs.hplct.org/events,https://hplct.libnet.info/event/16861106,Adults
hpl:17536147:2026-10-26 18:30:00,Intro to Podcasting with DJ B Davis,Intro to Podcasting Workshop through HPL Studios with B Davis,2026-10-26 18:30:00,2026-10-26 20:00:00,Downtown,Music & Nightlife | Learning & Careers,Technology | Media | Arts,upcoming,Free,Hartford Public Library,https://programs.hplct.org/events,https://hplct.libnet.info/event/17536147,"Teens, Adults"
hpl:17168088:2026-10-27 00:00:00,The Puzzle Place for Teens,"Take a break, unwind, and help complete our community puzzle! Drop in anytime to add a few pieces, meet other teens, or enjoy a quiet brain break.",2026-10-27 00:00:00,2026-10-27 23:59:00,Ropkins Library,Sports & Games | Family & Kids | Community & Volunteering,STEM | Community,upcoming,Free,Hartford Public Library,https://programs.hplct.org/events,https://hplct.libnet.info/event/17168088,Teens
hpl:16809590:2026-10-27 09:30:00,ESL Classes,English as a second language classes for adults. Registered students only. Please contact ESL@hplct.org for more information.,2026-10-27 09:30:00,2026-10-27 12:00:00,Downtown,Arts & Culture | Learning & Careers | Community & Volunteering,Reading & Writing | Language | Civic Engagement | Career,upcoming,Free,Hartford Public Library,https://programs.hplct.org/events,https://hplct.libnet.info/event/16809590,Adults
hpl:16809304:2026-10-27 09:30:00,ESL Classes,English as a second language classes. Registered students only. Please contact ESL@hplct.org for more information.,2026-10-27 09:30:00,2026-10-27 12:00:00,Downtown,Arts & Culture | Learning & Careers | Community & Volunteering,Reading & Writing | Language | Civic Engagement | Career,upcoming,Free,Hartford Public Library,https://programs.hplct.org/events,https://hplct.libnet.info/event/16809304,Adults
hpl:16809740:2026-10-27 09:30:00,ESL Classes,English as a second language classes for adults. Registered students only. Please contact ESL@hplct.org for more information.,2026-10-27 09:30:00,2026-10-27 12:00:00,Downtown,Arts & Culture | Learning & Careers | Community & Volunteering,Reading & Writing | Language | Civic Engagement | Career,upcoming,Free,Hartford Public Library,https://programs.hplct.org/events,https://hplct.libnet.info/event/16809740,Adults
hpl:16809909:2026-10-27 09:30:00,ESL Classes,English as a second language classes for adults. Registered students only. Please contact ESL@hplct.org for more information.,2026-10-27 09:30:00,2026-10-27 12:00:00,Downtown,Arts & Culture | Learning & Careers | Community & Volunteering,Reading & Writing | Language | Civic Engagement | Career,upcoming,Free,Hartford Public Library,https://programs.hplct.org/events,https://hplct.libnet.info/event/16809909,Adults
hpl:17160019:2026-10-27 09:30:00,Storytime Adventures with Ms. Linda,"Join Ms. Linda for an interactive storytime filled with captivating books, songs, rhymes, music, movement, and early literacy fun.",2026-10-27 09:30:00,2026-10-27 10:15:00,Ropkins Library,Music & Nightlife | Arts & Culture | Family & Kids | Learning & Careers,Storytime | Leap into Learning,upcoming,Free,Hartford Public Library,https://programs.hplct.org/events,https://hplct.libnet.info/event/17160019,Family
hpl:17077425:2026-10-27 11:00:00,Story Time,"Come to the library for stories, songs, and fingerplays! For children ages birth through five with caregiver.",2026-10-27 11:00:00,2026-10-27 11:45:00,Camp Field Library,Family & Kids,Storytime,upcoming,Free,Hartford Public Library,https://programs.hplct.org/events,https://hplct.libnet.info/event/17077425,"Youth, Family"
hpl:17251769:2026-10-27 14:30:00,DJ Foundation Lab @ YOUmedia,"Learn the fundamentals of DJing through hands-on experience with professional equipment and software. Explore beatmatching, transitions, music selection, and performance skills.",2026-10-27 14:30:00,2026-10-27 16:30:00,Downtown,Music & Nightlife | Health & Wellness | Learning & Careers,Technology | STEM | Career | Arts,upcoming,Free,Hartford Public Library,https://programs.hplct.org/events,https://hplct.libnet.info/event/17251769,Teens
hpl:17491690:2026-10-27 14:30:00,English Learners Success,"This program supports high school English Learners through engaging, project-based instruction that strengthens English language proficiency, academic success, and college and career readiness.",2026-10-27 14:30:00,2026-10-27 16:30:00,Downtown,Arts & Culture | Family & Kids | Learning & Careers,TAP | STEM | Reading & Writing | Language,upcoming,Free,Hartford Public Library,https://programs.hplct.org/events,https://hplct.libnet.info/event/17491690,Teens
hpl:17236251:2026-10-27 15:00:00,Games & Strategy,"Build critical thinking and teamwork through friendly competition. Participants can play chess, dominoes, Ludo, Nintendo Switch games, and other strategy-based board and video games.",2026-10-27 15:00:00,2026-10-27 17:00:00,Albany Library,Sports & Games,Media,upcoming,Free,Hartford Public Library,https://programs.hplct.org/events,https://hplct.libnet.info/event/17236251,Teens
hpl:17337753:2026-10-27 15:00:00,Pearson Test Center testing,"Pearson testing in the West Middle test center (44 Niles Street). Registered testers only. If you have questions or require assistance the day of your testing appointment, please call (860) 331-9538.",2026-10-27 15:00:00,2026-10-27 20:00:00,West Middle School Branch,Outdoors & Nature,TAP,upcoming,Free,Hartford Public Library,https://programs.hplct.org/events,https://hplct.libnet.info/event/17337753,Adults
hpl:17236289:2026-10-27 15:00:00,Picture This,A photography-focused program taking students through the creative process from pre-production and shooting to editing and post-production.,2026-10-27 15:00:00,2026-10-27 17:00:00,Albany Library,Learning & Careers,Technology | Media | Arts,upcoming,Free,Hartford Public Library,https://programs.hplct.org/events,https://hplct.libnet.info/event/17236289,Teens
hpl:17236271:2026-10-27 15:00:00,Self Care Sesh,"Give yourself some room to breathe while participating in relaxing activities like journaling, DIY self-care products, drawing and painting.",2026-10-27 15:00:00,2026-10-27 17:00:00,Albany Library,Community & Volunteering,Community | Arts,upcoming,Free,Hartford Public Library,https://programs.hplct.org/events,https://hplct.libnet.info/event/17236271,Teens
hpl:17251498:2026-10-27 15:30:00,Characters in Motion,Bring your characters to life! Teens will explore comic art and animation while developing their visual story-telling skills.,2026-10-27 15:30:00,2026-10-27 16:30:00,Downtown,Arts & Culture | Family & Kids | Learning & Careers,Technology | STEM | Career | Arts,upcoming,Free,Hartford Public Library,https://programs.hplct.org/events,https://hplct.libnet.info/event/17251498,Teens
hpl:17531805:2026-10-27 15:30:00,Crafternoon,Bring out your inner artist with a fun craft! On 10/13 we will have a special craft for the end of Hispanic Heritage Month.,2026-10-27 15:30:00,2026-10-27 16:30:00,Albany Library,Arts & Culture,Media | Arts,upcoming,Free,Hartford Public Library,https://programs.hplct.org/events,https://hplct.libnet.info/event/17531805,"Youth, Family"
hpl:17165458:2026-10-27 15:30:00,Fall STEM Adventures,"Discover, build, and explore! Join us each week for hands-on STEM activities that encourage creativity, critical thinking, and problem-solving.",2026-10-27 15:30:00,2026-10-27 16:15:00,Ropkins Library,Other & General,STEM,upcoming,Free,Hartford Public Library,https://programs.hplct.org/events,https://hplct.libnet.info/event/17165458,"Youth, Family"
hpl:17165177:2026-10-27 15:30:00,Homework Heroes,"Need a little extra support? Stop by after school for help with homework, reading, and school assignments in a welcoming environment. Children under 12 must be accompanied by a parent or caregiver.",2026-10-27 15:30:00,2026-10-27 16:00:00,Ropkins Library,Arts & Culture | Family & Kids | Outdoors & Nature,STEM | Reading & Writing,upcoming,Free,Hartford Public Library,https://programs.hplct.org/events,https://hplct.libnet.info/event/17165177,"Youth, Family"
hpl:17077664:2026-10-27 16:00:00,Craft Corner,Get crafty at the Camp Field Library! Children ages 6-12 are invited to explore their creativity by making a fun craft every week.,2026-10-27 16:00:00,2026-10-27 17:00:00,Camp Field Library,Arts & Culture | Family & Kids,Arts,upcoming,Free,Hartford Public Library,https://programs.hplct.org/events,https://hplct.libnet.info/event/17077664,Youth
hpl:16671874:2026-10-27 16:00:00,GED Learning Circles,"Instructor-led small group study support toward the Science, Social Studies, Mathematical Reasoning, and Language Arts GED subject tests, utilizing GED prep software provided by the Library.",2026-10-27 16:00:00,2026-10-27 17:30:00,Downtown,Arts & Culture | Learning & Careers,Technology | STEM | Reading & Writing,upcoming,Free,Hartford Public Library,https://programs.hplct.org/events,https://hplct.libnet.info/event/16671874,Adults
hpl:16908991:2026-10-27 17:00:00,Financial Literacy: 1-on-1 Coaching,"One-on-one money management skills coaching at the Downtown Library in Spanish or in English, by appointment. For more information, call/text (860) 256-9856",2026-10-27 17:00:00,2026-10-27 18:00:00,Downtown,Learning & Careers | Community & Volunteering,Education | Education | Community | Civic Engagement,upcoming,Free,Hartford Public Library,https://programs.hplct.org/events,https://hplct.libnet.info/event/16908991,Adults
hpl:17432585:2026-10-27 17:30:00,"""Level Up"": Sharpen Your Writing, Get Better Opportunities","Whether you’re writing a college essay, tackling a research paper, polishing a resume, or trying to communicate more effectively, strong writing skills can open doors.",2026-10-27 17:30:00,2026-10-27 19:30:00,Hartford Public Library\'s Downtown,Arts & Culture | Learning & Careers | Community & Volunteering,Reading & Writing | Job Training | Education | Education | Community,upcoming,Free,Hartford Public Library,https://programs.hplct.org/events,https://hplct.libnet.info/event/17432585,"Teens, Adults"
hpl:17497629:2026-10-27 17:30:00,ESL Classes,Adult Education English as a Second Language,2026-10-27 17:30:00,2026-10-27 19:30:00,Downtown,Arts & Culture | Learning & Careers,TAP | Reading & Writing,upcoming,Free,Hartford Public Library,https://programs.hplct.org/events,https://hplct.libnet.info/event/17497629,Adults
hpl:16671935:2026-10-27 17:30:00,GED Learning Circles,"Instructor-led small group study support toward the Science, Social Studies, Mathematical Reasoning, and Language Arts GED subject tests, utilizing GED prep software provided by the Library.",2026-10-27 17:30:00,2026-10-27 19:00:00,Downtown,Arts & Culture | Learning & Careers,Technology | STEM | Reading & Writing,upcoming,Free,Hartford Public Library,https://programs.hplct.org/events,https://hplct.libnet.info/event/16671935,Adults
hpl:17350477:2026-10-27 17:30:00,ServSafe Allergen Certification,"Earn your ServSafe Allergen certification at no cost. The more you learn, the more you can earn. Covers allergen awareness and cross-contact prevention.",2026-10-27 17:30:00,2026-10-27 19:30:00,Downtown,Health & Wellness | Learning & Careers,Job Training | Career,upcoming,Free,Hartford Public Library,https://programs.hplct.org/events,https://hplct.libnet.info/event/17350477,Adults
hpl:17168089:2026-10-28 00:00:00,The Puzzle Place for Teens,"Take a break, unwind, and help complete our community puzzle! Drop in anytime to add a few pieces, meet other teens, or enjoy a quiet brain break.",2026-10-28 00:00:00,2026-10-28 23:59:00,Ropkins Library,Sports & Games | Family & Kids | Community & Volunteering,STEM | Community,upcoming,Free,Hartford Public Library,https://programs.hplct.org/events,https://hplct.libnet.info/event/17168089,Teens
hpl:17388192:2026-10-28 09:30:00,CASAS Testing,CASAS testing for enrolled students in TAP programs,2026-10-28 09:30:00,2026-10-28 12:00:00,Downtown,Arts & Culture | Learning & Careers,TAP | Reading & Writing | Language,upcoming,Free,Hartford Public Library,https://programs.hplct.org/events,https://hplct.libnet.info/event/17388192,Adults
hpl:16806804:2026-10-28 09:30:00,English for All,Guided online learning for English as a second language,2026-10-28 09:30:00,2026-10-28 12:00:00,Downtown,Arts & Culture | Learning & Careers,Reading & Writing | Language,upcoming,Free,Hartford Public Library,https://programs.hplct.org/events,https://hplct.libnet.info/event/16806804,Adults
hpl:16812349:2026-10-28 09:30:00,ESL ServSafe,ServSafe training for registered ESL students only. Contact ESL@hplct.org for more information. Description,2026-10-28 09:30:00,2026-10-28 12:00:00,Downtown,Learning & Careers,Language | Career,upcoming,Free,Hartford Public Library,https://programs.hplct.org/events,https://hplct.libnet.info/event/16812349,Adults
hpl:17484337:2026-10-28 09:30:00,GED Learning Circles,"Instructor-led small group study support toward the Science, Social Studies, Mathematical Reasoning, and Language Arts GED subject tests, utilizing GED prep software provided by the Library.",2026-10-28 09:30:00,2026-10-28 11:00:00,Downtown,Arts & Culture | Learning & Careers,STEM | Reading & Writing,upcoming,Free,Hartford Public Library,https://programs.hplct.org/events,https://hplct.libnet.info/event/17484337,Adults
hpl:17463692:2026-10-28 11:00:00,Cooking Demonstration: Chocolate,Join Registered Dietitians from ShopRite for a cooking demonstration featuring chocolate.,2026-10-28 11:00:00,2026-10-28 12:00:00,Dwight Library,Food & Restaurants | Health & Wellness,Health & Wellness,upcoming,Free,Hartford Public Library,https://programs.hplct.org/events,https://hplct.libnet.info/event/17463692,Adults
hpl:17484354:2026-10-28 11:00:00,GED Learning Circles,"Instructor-led small group study support toward the Science, Social Studies, Mathematical Reasoning, and Language Arts GED subject tests, utilizing GED prep software provided by the Library.",2026-10-28 11:00:00,2026-10-28 12:30:00,Downtown,Arts & Culture | Learning & Careers,STEM | Reading & Writing,upcoming,Free,Hartford Public Library,https://programs.hplct.org/events,https://hplct.libnet.info/event/17484354,Adults
hpl:17484468:2026-10-28 12:30:00,Math Class,"Math classes offered in collaboration with Learn for Life, Inc. for adult students working to enhance workplace skills, prepare for the GED, or get ready for college",2026-10-28 12:30:00,2026-10-28 14:30:00,Downtown,Learning & Careers,STEM,upcoming,Free,Hartford Public Library,https://programs.hplct.org/events,https://hplct.libnet.info/event/17484468,Adults
hpl:17242175:2026-10-28 14:30:00,Next Steps for College for English Learners,"This program supports high school English Learners in grades 11-12 as they develop English language proficiency, achieve academic success, and prepare for college and career pathways.",2026-10-28 14:30:00,2026-10-28 17:00:00,Downtown,Arts & Culture | Family & Kids | Learning & Careers,STEM | Reading & Writing | Language,archived,Free,Hartford Public Library,https://programs.hplct.org/events,https://hplct.libnet.info/event/17242175,Teens
hpl:17491400:2026-10-28 14:30:00,Next Steps for College for English Learners,"This program supports high school English Learners in grades 11-12 as they develop English language proficiency, achieve academic success, and prepare for college and career pathways.",2026-10-28 14:30:00,2026-10-28 16:30:00,Downtown,Arts & Culture | Family & Kids | Learning & Careers,TAP | STEM | Reading & Writing | Language,upcoming,Free,Hartford Public Library,https://programs.hplct.org/events,https://hplct.libnet.info/event/17491400,Teens
hpl:17236385:2026-10-28 15:00:00,Creative Writing 101,"Learn skills like character and narrative design, world building, and writing real dialogue to bring your stories to life.",2026-10-28 15:00:00,2026-10-28 17:00:00,Albany Library,Arts & Culture | Learning & Careers | Community & Volunteering,Reading & Writing | Community | Arts,upcoming,Free,Hartford Public Library,https://programs.hplct.org/events,https://hplct.libnet.info/event/17236385,Teens
hpl:17236371:2026-10-28 15:00:00,Film & Digital Media,"Learn the fundamentals of filmmaking, photography, editing, animation, and visual effects. Teens will create short films, experiment with cameras and editing software, and develop storytelling skills.",2026-10-28 15:00:00,2026-10-28 17:00:00,Albany Library,Arts & Culture | Health & Wellness | Family & Kids | Learning & Careers,Technology | Media | Arts,upcoming,Free,Hartford Public Library,https://programs.hplct.org/events,https://hplct.libnet.info/event/17236371,Teens
hpl:17252365:2026-10-28 15:00:00,Game Design @ YOUmedia,"We’re continuing to create games for the PC and VR. Join in, add your inspiration and learn some new skills! We’ll be using the Unity Game engine.",2026-10-28 15:00:00,2026-10-28 17:00:00,Downtown,Sports & Games | Learning & Careers,Technology | STEM | Media | Career | Arts,upcoming,Free,Hartford Public Library,https://programs.hplct.org/events,https://hplct.libnet.info/event/17252365,Teens
hpl:17337754:2026-10-28 15:00:00,Pearson Test Center testing,"Pearson testing in the West Middle test center (44 Niles Street). Registered testers only. If you have questions or require assistance the day of your testing appointment, please call (860) 331-9538.",2026-10-28 15:00:00,2026-10-28 20:00:00,West Middle School Branch,Outdoors & Nature,TAP,upcoming,Free,Hartford Public Library,https://programs.hplct.org/events,https://hplct.libnet.info/event/17337754,Adults
hpl:17236402:2026-10-28 15:00:00,Wonder Wednesday,"This program gives students a fun and interactive space to test their knowledge through a variety of games, including throwback trivia, GeoGuessr, pop culture, music, history, and more.",2026-10-28 15:00:00,2026-10-28 17:00:00,Albany Library,Sports & Games | Music & Nightlife | Arts & Culture | Community & Volunteering,Media | Community,upcoming,Free,Hartford Public Library,https://programs.hplct.org/events,https://hplct.libnet.info/event/17236402,Teens
hpl:17252276:2026-10-28 15:30:00,Hands on Adobe,"Get creative with Adobe! Teens will learn the basics of popular Adobe creative programs while experimenting with digital art, graphic design, photo editing, and more.",2026-10-28 15:30:00,2026-10-28 16:30:00,Downtown,Arts & Culture | Family & Kids | Learning & Careers,Technology | STEM | Career | Arts,upcoming,Free,Hartford Public Library,https://programs.hplct.org/events,https://hplct.libnet.info/event/17252276,Teens
hpl:17165178:2026-10-28 15:30:00,Homework Heroes,"Need a little extra support? Stop by after school for help with homework, reading, and school assignments in a welcoming environment. Children under 12 must be accompanied by a parent or caregiver.",2026-10-28 15:30:00,2026-10-28 16:00:00,Ropkins Library,Arts & Culture | Family & Kids | Outdoors & Nature,STEM | Reading & Writing,upcoming,Free,Hartford Public Library,https://programs.hplct.org/events,https://hplct.libnet.info/event/17165178,"Youth, Family"
hpl:17531672:2026-10-28 15:30:00,Quiet Coloring,Join us for a relaxing coloring program.,2026-10-28 15:30:00,2026-10-28 16:30:00,Albany Library,Other & General,Arts,upcoming,Free,Hartford Public Library,https://programs.hplct.org/events,https://hplct.libnet.info/event/17531672,"Youth, Family"
hpl:17165755:2026-10-28 15:30:00,"Think, Search & Solve!","Put your thinking skills to the test with fall-themed word searches, I Spy puzzles, mazes, and other fun brain-teasing activities.",2026-10-28 15:30:00,2026-10-28 16:15:00,Ropkins Library,Sports & Games | Family & Kids,STEM | Family,upcoming,Free,Hartford Public Library,https://programs.hplct.org/events,https://hplct.libnet.info/event/17165755,"Youth, Family"
hpl:17517665:2026-10-28 16:00:00,Homework Hub,Need some extra help with homework? Stop by after school for support with assignments and studying. For ages 6-12.,2026-10-28 16:00:00,2026-10-28 17:00:00,Camp Field Library,Arts & Culture | Family & Kids,STEM | Reading & Writing,upcoming,Free,Hartford Public Library,https://programs.hplct.org/events,https://hplct.libnet.info/event/17517665,"Youth, Family"
hpl:16909016:2026-10-28 17:00:00,Financial Literacy: 1-on-1 Coaching,"One-on-one money management skills coaching at the Downtown Library in Spanish or in English, by appointment. For more information, call/text (860) 256-9856",2026-10-28 17:00:00,2026-10-28 18:00:00,Downtown,Learning & Careers | Community & Volunteering,Education | Education | Community | Civic Engagement,upcoming,Free,Hartford Public Library,https://programs.hplct.org/events,https://hplct.libnet.info/event/16909016,Adults
hpl:16861130:2026-10-28 17:00:00,Math Class,"Math classes offered in collaboration with Learn for Life, Inc. for adult students working to enhance workplace skills, prepare for the GED, or get ready for college",2026-10-28 17:00:00,2026-10-28 19:00:00,Downtown,Learning & Careers,STEM | Career,upcoming,Free,Hartford Public Library,https://programs.hplct.org/events,https://hplct.libnet.info/event/16861130,Adults
hpl:16894166:2026-10-28 18:30:00,Afrobeats Dance Class w/ Masem,Join us for a fun Afrobeats dance class with Masem! All skill levels welcome. Wear comfortable clothing and bring water. Please register.,2026-10-28 18:30:00,2026-10-28 19:30:00,Downtown,Music & Nightlife | Health & Wellness | Learning & Careers,Health & Wellness | Arts,upcoming,Free,Hartford Public Library,https://programs.hplct.org/events,https://hplct.libnet.info/event/16894166,Adults
hpl:16943134:2026-10-28 18:30:00,Intro to Mixing Workshop,This workshop is for participants who have completed the Intro to Studio Technology Workshop or have commensurate recording studio experience.,2026-10-28 18:30:00,2026-10-28 20:00:00,Downtown,Learning & Careers,Media | Arts,upcoming,Free,Hartford Public Library,https://programs.hplct.org/events,https://hplct.libnet.info/event/16943134,"Youth, Teens, Family, Adults"
hpl:17168090:2026-10-29 00:00:00,The Puzzle Place for Teens,"Take a break, unwind, and help complete our community puzzle! Drop in anytime to add a few pieces, meet other teens, or enjoy a quiet brain break.",2026-10-29 00:00:00,2026-10-29 23:59:00,Ropkins Library,Sports & Games | Family & Kids | Community & Volunteering,STEM | Community,upcoming,Free,Hartford Public Library,https://programs.hplct.org/events,https://hplct.libnet.info/event/17168090,Teens
hpl:17201967:2026-10-29 03:00:00,Library Trunk or Treat,"Stop by the library for a multi-station Halloween trick-or-treat inside with candy, pumpkins, and crafts. Costumes encouraged.",2026-10-29 03:00:00,2026-10-29 05:00:00,Dwight Library,Sports & Games | Arts & Culture | Community & Volunteering,Community | Arts,upcoming,Free,Hartford Public Library,https://programs.hplct.org/events,https://hplct.libnet.info/event/17201967,"Youth, Teens, Family, Adults"
hpl:16809591:2026-10-29 09:30:00,ESL Classes,English as a second language classes for adults. Registered students only. Please contact ESL@hplct.org for more information.,2026-10-29 09:30:00,2026-10-29 12:00:00,Downtown,Arts & Culture | Learning & Careers | Community & Volunteering,Reading & Writing | Language | Civic Engagement | Career,upcoming,Free,Hartford Public Library,https://programs.hplct.org/events,https://hplct.libnet.info/event/16809591,Adults
hpl:16809857:2026-10-29 09:30:00,ESL Classes,English as a second language classes for adults. Registered students only. Please contact ESL@hplct.org for more information.,2026-10-29 09:30:00,2026-10-29 12:00:00,Downtown,Arts & Culture | Learning & Careers | Community & Volunteering,Reading & Writing | Language | Civic Engagement | Career,upcoming,Free,Hartford Public Library,https://programs.hplct.org/events,https://hplct.libnet.info/event/16809857,Adults
hpl:16809697:2026-10-29 09:30:00,ESL Classes,English as a second language classes for adults. Registered students only. Please contact ESL@hplct.org for more information.,2026-10-29 09:30:00,2026-10-29 12:00:00,Downtown,Arts & Culture | Learning & Careers | Community & Volunteering,Reading & Writing | Language | Civic Engagement | Career,upcoming,Free,Hartford Public Library,https://programs.hplct.org/events,https://hplct.libnet.info/event/16809697,Adults
hpl:16809260:2026-10-29 09:30:00,ESL Classes,English as a second language classes. Registered students only. Please contact ESL@hplct.org for more information.,2026-10-29 09:30:00,2026-10-29 12:00:00,Downtown,Arts & Culture | Learning & Careers | Community & Volunteering,Reading & Writing | Language | Civic Engagement | Career,upcoming,Free,Hartford Public Library,https://programs.hplct.org/events,https://hplct.libnet.info/event/16809260,Adults
hpl:16774338:2026-10-29 10:30:00,Financiando tu negocio: Lo que todo emprendedor debe saber,Taller gratuito en español sobre préstamos y subvenciones para tu negocio. Incluye las 5 C’s del crédito y estados financieros clave. Presentado por CTSBDC en Hartford.,2026-10-29 10:30:00,2026-10-29 12:00:00,Downtown,Learning & Careers,Job Training | Career | Business,upcoming,Free,Hartford Public Library,https://programs.hplct.org/events,https://hplct.libnet.info/event/16774338,Adults
hpl:17491882:2026-10-29 14:30:00,English Learners Success,"This program supports high school English Learners through engaging, project-based instruction that strengthens English language proficiency, academic success, and college and career readiness.",2026-10-29 14:30:00,2026-10-29 16:30:00,Downtown,Arts & Culture | Family & Kids | Learning & Careers,TAP | STEM | Reading & Writing | Language,upcoming,Free,Hartford Public Library,https://programs.hplct.org/events,https://hplct.libnet.info/event/17491882,Teens
hpl:17251418:2026-10-29 15:00:00,Brick by Brick,"Learn LEGO building through hands-on creative challenges, individual projects, and team builds. Explore design, engineering, structure, and storytelling while developing problem-solving and teamwork.",2026-10-29 15:00:00,2026-10-29 17:00:00,Downtown,Family & Kids | Learning & Careers | Community & Volunteering,STEM | Community | Career | Arts,upcoming,Free,Hartford Public Library,https://programs.hplct.org/events,https://hplct.libnet.info/event/17251418,Teens
hpl:17236462:2026-10-29 15:00:00,Creative Arts & Design,"Express creativity through painting, drawing, collage, origami, crafts, button making, and other hands-on art projects while exploring different artistic techniques and styles.",2026-10-29 15:00:00,2026-10-29 17:00:00,Albany Library,Arts & Culture | Community & Volunteering,Community | Arts,upcoming,Free,Hartford Public Library,https://programs.hplct.org/events,https://hplct.libnet.info/event/17236462,Teens
hpl:17478524:2026-10-29 15:00:00,Family - Friendly Halloween Party,"Calling all ghouls & goblins! Celebrate Halloween with music, candy, pizza, and activities!",2026-10-29 15:00:00,2026-10-29 17:00:00,Albany Library,Music & Nightlife | Family & Kids | Community & Volunteering,Community | Arts,upcoming,Free,Hartford Public Library,https://programs.hplct.org/events,https://hplct.libnet.info/event/17478524,"Youth, Teens, Family, Adults"
hpl:17236503:2026-10-29 15:00:00,Self Care Lab,"Learn the creative and practical side of personal care through hands-on projects such as making soaps, deodorants, body oils, hair-care products, and other self-care items.",2026-10-29 15:00:00,2026-10-29 17:00:00,Albany Library,Learning & Careers,Arts,upcoming,Free,Hartford Public Library,https://programs.hplct.org/events,https://hplct.libnet.info/event/17236503,Teens
hpl:17252490:2026-10-29 15:30:00,"Create, Sketch & Make @ YOUmedia","Unleash your creativity with hands-on art projects, crafts and sketching. Teens will have opportunities to create indoors and outdoors while exploring new ways to turn inspiration into art.",2026-10-29 15:30:00,2026-10-29 16:30:00,Downtown,Arts & Culture | Family & Kids | Learning & Careers | Outdoors & Nature,STEM | Career | Arts,upcoming,Free,Hartford Public Library,https://programs.hplct.org/events,https://hplct.libnet.info/event/17252490,Teens
hpl:17207400:2026-10-29 15:30:00,Zombie Barbies,Come celebrate spooky season by decorating your very own Zombie Barbie and create scenes for a zombie barbie photoshoot! Please RSVP; supplies are limited.,2026-10-29 15:30:00,2026-10-29 17:00:00,Downtown,Other & General,Arts,upcoming,Free,Hartford Public Library,https://programs.hplct.org/events,https://hplct.libnet.info/event/17207400,"Youth, Family"
hpl:17082941:2026-10-29 16:00:00,Library Spooktacular,"Celebrate Halloween with some spooky crafts, fun activities, and a special snack! Children are welcome to come in costume. For all ages.",2026-10-29 16:00:00,2026-10-29 17:00:00,Camp Field Library,Arts & Culture | Family & Kids,Arts,upcoming,Free,Hartford Public Library,https://programs.hplct.org/events,https://hplct.libnet.info/event/17082941,"Youth, Teens, Family, Adults"
hpl:17478737:2026-10-29 17:00:00,YOGA,"Join us for a relaxing yoga session designed to improve flexibility, balance, strength, and mindfulness. All experience levels are welcome. Registration not required.",2026-10-29 17:00:00,2026-10-29 18:00:00,Park Street Library @ The Lyric,Sports & Games | Health & Wellness,Health & Wellness,upcoming,Free,Hartford Public Library,https://programs.hplct.org/events,https://hplct.libnet.info/event/17478737,Adults
hpl:17497750:2026-10-29 17:30:00,ESL Classes,Adult Education English as a Second Language,2026-10-29 17:30:00,2026-10-29 19:30:00,Downtown,Arts & Culture | Learning & Careers,TAP | Reading & Writing,upcoming,Free,Hartford Public Library,https://programs.hplct.org/events,https://hplct.libnet.info/event/17497750,Adults
hpl:17350545:2026-10-29 17:30:00,ServSafe Alcohol Server Certification,"Earn your ServSafe Alcohol Server certification at no cost in this free two-session course. Bars, restaurants, taverns, and private events need certified alcohol servers.",2026-10-29 17:30:00,2026-10-29 19:30:00,Downtown,Food & Restaurants | Learning & Careers,Job Training | Career,upcoming,Free,Hartford Public Library,https://programs.hplct.org/events,https://hplct.libnet.info/event/17350545,Adults
hpl:16904875:2026-10-29 19:00:00,HPL Studios - Advanced Podcasting Workshop,HPL STUDIOS presents a class to level up your podcast content and learn about the business of podcasting.,2026-10-29 19:00:00,2026-10-29 20:30:00,Downtown,Learning & Careers,Technology | Media | Arts,upcoming,Free,Hartford Public Library,https://programs.hplct.org/events,https://hplct.libnet.info/event/16904875,"Teens, Adults"
eventbrite:1998699082760:2026-10-30,Gryme,"Open the event listing for details, cost, time, and registration.",2026-10-30,2026-10-31,Arch Street Tavern · 85 Arch St,Other & General,,upcoming,Check event listing,Eventbrite,https://www.eventbrite.com/d/ct--hartford/events/,https://www.eventbrite.com/e/gryme-tickets-1998699082760,Check event listing
eventbrite:1991994092955:2026-10-30,October Spooky Cocktail Class with Karen,"Open the event listing for details, cost, time, and registration.",2026-10-30,2026-10-30,68 Pratt St · 68 Pratt Street,Food & Restaurants | Learning & Careers,,upcoming,Check event listing,Eventbrite,https://www.eventbrite.com/d/ct--hartford/events/,https://www.eventbrite.com/e/october-spooky-cocktail-class-with-karen-tickets-1991994092955,Check event listing
hpl:17210491:2026-10-30 10:00:00,Family Literacy PACT,Activities for families enrolled in ESL Family Literacy program,2026-10-30 10:00:00,2026-10-30 12:00:00,Downtown,Family & Kids | Learning & Careers,Language | Family,upcoming,Free,Hartford Public Library,https://programs.hplct.org/events,https://hplct.libnet.info/event/17210491,"Family, Adults"
hpl:14683710:2026-10-30 11:00:00,Family Sensory Storytime,"Ages 5 and under with parents/caregivers. Join Ms Williams for a fun read-along Sensory Storytime. Enjoy sensory play, stories, music, rhymes, and fingerplays.",2026-10-30 11:00:00,2026-10-30 12:00:00,Downtown,Music & Nightlife | Family & Kids | Learning & Careers,Storytime | Leap into Learning,upcoming,Free,Hartford Public Library,https://programs.hplct.org/events,https://hplct.libnet.info/event/14683710,"Youth, Family"
hpl:17236521:2026-10-30 12:00:00,Community Challenge,"Wrap up the week with interactive Kahoot! trivia, team-building games, creative challenges, and group activities that encourage collaboration, communication, and fun.",2026-10-30 12:00:00,2026-10-30 15:00:00,Albany Library,Sports & Games | Community & Volunteering,Community,upcoming,Free,Hartford Public Library,https://programs.hplct.org/events,https://hplct.libnet.info/event/17236521,Teens
hpl:17236618:2026-10-30 12:00:00,Hear Me Out: Debate Club,"Hear Me Out provides students with a space to explore relevant topics, develop opinions, and practice expressing their ideas in a respectful and structured environment.",2026-10-30 12:00:00,2026-10-30 15:00:00,Albany Library,Community & Volunteering | Outdoors & Nature,Community | Civic Engagement,upcoming,Free,Hartford Public Library,https://programs.hplct.org/events,https://hplct.libnet.info/event/17236618,Teens
hpl:17236541:2026-10-30 13:00:00,Monster of the Week,"Join your friends, get your gear and roll the dice to defeat monsters using different storytelling games like Dungeons & Dragons, Fallout, Savage Worlds, and more!",2026-10-30 13:00:00,2026-10-30 16:00:00,Albany Library,Sports & Games | Community & Volunteering,Community,upcoming,Free,Hartford Public Library,https://programs.hplct.org/events,https://hplct.libnet.info/event/17236541,Teens
eventbrite:2002180625147:2026-10-31,PERREOWEEN | CONNECTICUT,"Open the event listing for details, cost, time, and registration.",2026-10-31,2026-11-01,The Webster · 31 Webster Street,Other & General,,upcoming,Check event listing,Eventbrite,https://www.eventbrite.com/d/ct--hartford/events/,https://www.eventbrite.com/e/perreoween-connecticut-tickets-2002180625147,Check event listing
hpl:16810054:2026-10-31 09:30:00,ESL Classes,English as a second language classes for adults. Registered students only. Please contact ESL@hplct.org for more information.,2026-10-31 09:30:00,2026-10-31 12:30:00,Downtown,Arts & Culture | Learning & Careers | Community & Volunteering,Reading & Writing | Language | Civic Engagement | Career,upcoming,Free,Hartford Public Library,https://programs.hplct.org/events,https://hplct.libnet.info/event/16810054,Adults
hpl:16810119:2026-10-31 09:30:00,ESL Classes,English as a second language classes for adults. Registered students only. Please contact ESL@hplct.org for more information.,2026-10-31 09:30:00,2026-10-31 12:30:00,Downtown,Arts & Culture | Learning & Careers | Community & Volunteering,Reading & Writing | Language | Civic Engagement | Career,upcoming,Free,Hartford Public Library,https://programs.hplct.org/events,https://hplct.libnet.info/event/16810119,Adults
hpl:16810769:2026-10-31 09:30:00,ESL Classes,English as a second language classes for adults. Registered students only. Please contact ESL@hplct.org for more information.,2026-10-31 09:30:00,2026-10-31 12:30:00,Downtown,Arts & Culture | Learning & Careers | Community & Volunteering,Reading & Writing | Language | Civic Engagement | Career,upcoming,Free,Hartford Public Library,https://programs.hplct.org/events,https://hplct.libnet.info/event/16810769,Adults
hpl:16811409:2026-10-31 09:30:00,ESL Classes,English as a second language classes for adults. Registered students only. Please contact ESL@hplct.org for more information.,2026-10-31 09:30:00,2026-10-31 12:30:00,Downtown,Arts & Culture | Learning & Careers | Community & Volunteering,Reading & Writing | Language | Civic Engagement | Career,upcoming,Free,Hartford Public Library,https://programs.hplct.org/events,https://hplct.libnet.info/event/16811409,Adults
hpl:17484095:2026-10-31 09:30:00,GED Learning Circles,"Instructor-led small group study support toward the Science, Social Studies, Mathematical Reasoning, and Language Arts GED subject tests, utilizing GED prep software provided by the Library.",2026-10-31 09:30:00,2026-10-31 11:00:00,Downtown,Arts & Culture | Learning & Careers,STEM | Reading & Writing,upcoming,Free,Hartford Public Library,https://programs.hplct.org/events,https://hplct.libnet.info/event/17484095,Adults
hpl:17484130:2026-10-31 11:00:00,GED Learning Circles,"Instructor-led small group study support toward the Science, Social Studies, Mathematical Reasoning, and Language Arts GED subject tests, utilizing GED prep software provided by the Library.",2026-10-31 11:00:00,2026-10-31 12:30:00,Downtown,Arts & Culture | Learning & Careers,STEM | Reading & Writing,upcoming,Free,Hartford Public Library,https://programs.hplct.org/events,https://hplct.libnet.info/event/17484130,Adults
hpl:16693298:2026-10-31 12:00:00,Pearson Test Center examinations,Testing in the Downtown Library's Pearson Test Center. By registration in advance only.,2026-10-31 12:00:00,2026-10-31 17:30:00,Downtown,Learning & Careers,Technology | Career,upcoming,Free,Hartford Public Library,https://programs.hplct.org/events,https://hplct.libnet.info/event/16693298,Adults
hpl:17484165:2026-10-31 12:30:00,Math Class,"Math classes offered in collaboration with Learn for Life, Inc. for adult students working to enhance workplace skills, prepare for the GED, or get ready for college",2026-10-31 12:30:00,2026-10-31 14:30:00,Downtown,Learning & Careers,STEM,upcoming,Free,Hartford Public Library,https://programs.hplct.org/events,https://hplct.libnet.info/event/17484165,Adults
hpl:17264463:2026-10-31 13:00:00,Citizenship Class,Classes for adult Green Card holders studying for the 128-question version of the civics test for U.S. citizenship and other key components of the naturalization interview.,2026-10-31 13:00:00,2026-10-31 16:00:00,Downtown,Arts & Culture | Learning & Careers | Community & Volunteering,Reading & Writing | Language | Civic Engagement,upcoming,Free,Hartford Public Library,https://programs.hplct.org/events,https://hplct.libnet.info/event/17264463,Adults
hpl:16812788:2026-10-31 13:15:00,ESL ServSafe,ServSafe training for registered ESL students only. Contact ESL@hplct.org for more information.,2026-10-31 13:15:00,2026-10-31 15:15:00,Downtown,Learning & Careers,Language | Career,upcoming,Free,Hartford Public Library,https://programs.hplct.org/events,https://hplct.libnet.info/event/16812788,Adults
hpl:17168091:2026-11-02 00:00:00,The Puzzle Place for Teens,"Take a break, unwind, and help complete our community puzzle! Drop in anytime to add a few pieces, meet other teens, or enjoy a quiet brain break.",2026-11-02 00:00:00,2026-11-02 23:59:00,Ropkins Library,Sports & Games | Family & Kids | Community & Volunteering,STEM | Community,upcoming,Free,Hartford Public Library,https://programs.hplct.org/events,https://hplct.libnet.info/event/17168091,Teens
hpl:17201998:2026-11-02 03:00:00,Tech Take Apart,Unlock your inner engineer and learn how basic appliances and electronics work by taking them apart with screwdrivers and other tools!,2026-11-02 03:00:00,2026-11-02 04:00:00,Dwight Library,Learning & Careers | Outdoors & Nature,STEM,upcoming,Free,Hartford Public Library,https://programs.hplct.org/events,https://hplct.libnet.info/event/17201998,Youth
hpl:16693204:2026-11-02 09:30:00,Pearson Test Center examination,Testing in the Downtown Library's Pearson Test Center. By registration in advance only.,2026-11-02 09:30:00,2026-11-02 15:30:00,Downtown,Learning & Careers,Technology | Career,upcoming,Free,Hartford Public Library,https://programs.hplct.org/events,https://hplct.libnet.info/event/16693204,Adults
hpl:17350872:2026-11-02 09:30:00,ServSafe Food Handler Certification 1-Day Workshop,Earn your ServSafe Food Handler certification at no cost in one full day. This course covers food safety and contamination prevention. Your path to food service employment starts here!,2026-11-02 09:30:00,2026-11-02 17:00:00,Downtown,Food & Restaurants | Learning & Careers,Job Training | Education | Education | Career,upcoming,Free,Hartford Public Library,https://programs.hplct.org/events,https://hplct.libnet.info/event/17350872,Adults
hpl:16841077:2026-11-02 11:00:00,Everyday Tech Help,"Need help with your phone, tablet, computer, or online services?",2026-11-02 11:00:00,2026-11-02 12:00:00,Barbour Library,Learning & Careers | Community & Volunteering,Technology | STEM | Media | Community,upcoming,Free,Hartford Public Library,https://programs.hplct.org/events,https://hplct.libnet.info/event/16841077,Adults
hpl:17139479:2026-11-02 11:00:00,First Steps in Music,This joyful early childhood experience ignites a spark for a lifetime of learning and musical appreciation.,2026-11-02 11:00:00,2026-11-02 12:00:00,HPL: Downtown Library,Music & Nightlife | Learning & Careers | Outdoors & Nature,Leap into Learning | Arts,upcoming,Free,Hartford Public Library,https://programs.hplct.org/events,https://hplct.libnet.info/event/17139479,Family
hpl:17483162:2026-11-02 12:30:00,Math Class,"Math classes offered in collaboration with Learn for Life, Inc. for adult students working to enhance workplace skills, prepare for the GED, or get ready for college",2026-11-02 12:30:00,2026-11-02 14:30:00,Downtown,Learning & Careers,STEM,upcoming,Free,Hartford Public Library,https://programs.hplct.org/events,https://hplct.libnet.info/event/17483162,Adults
hpl:17491228:2026-11-02 14:30:00,Next Steps for College for English Learners,"This program supports high school English Learners in grades 11-12 as they develop English language proficiency, achieve academic success, and prepare for college and career pathways.",2026-11-02 14:30:00,2026-11-02 16:30:00,Downtown,Arts & Culture | Family & Kids | Learning & Careers,TAP | STEM | Reading & Writing | Language,upcoming,Free,Hartford Public Library,https://programs.hplct.org/events,https://hplct.libnet.info/event/17491228,Teens
hpl:17491057:2026-11-02 14:30:00,Next Steps for College for English Learners,"This program supports high school English Learners in grades 11-12 as they develop English language proficiency, achieve academic success, and prepare for college and career pathways.",2026-11-02 14:30:00,2026-11-02 16:30:00,Downtown,Arts & Culture | Family & Kids | Learning & Careers,STEM | Reading & Writing | Language,archived,Free,Hartford Public Library,https://programs.hplct.org/events,https://hplct.libnet.info/event/17491057,Teens
hpl:17251419:2026-11-02 15:00:00,Brick by Brick,"Learn LEGO building through hands-on creative challenges, individual projects, and team builds. Explore design, engineering, structure, and storytelling while developing problem-solving and teamwork.",2026-11-02 15:00:00,2026-11-02 17:00:00,Downtown,Family & Kids | Learning & Careers | Community & Volunteering,STEM | Community | Career | Arts,upcoming,Free,Hartford Public Library,https://programs.hplct.org/events,https://hplct.libnet.info/event/17251419,Teens
hpl:17235902:2026-11-02 15:00:00,Hands-On Design,"Teens decorate and personalize their own t-shirts, hats, bags, and more using popular tools like Cricut machines, heat presses, and embroidery.",2026-11-02 15:00:00,2026-11-02 17:00:00,Albany Library,Family & Kids,STEM | Arts,upcoming,Free,Hartford Public Library,https://programs.hplct.org/events,https://hplct.libnet.info/event/17235902,Teens
hpl:17235942:2026-11-02 15:00:00,Make It Monday,"a hands-on creative arts program featuring small-scale projects such as zines, jewelry, paintings, collages, and other mini crafts.",2026-11-02 15:00:00,2026-11-02 17:00:00,Albany Library,Arts & Culture,Media | Arts,upcoming,Free,Hartford Public Library,https://programs.hplct.org/events,https://hplct.libnet.info/event/17235942,Teens
hpl:17235882:2026-11-02 15:00:00,STEAM & Maker Lab,"Teens explore hands-on STEM projects using technology, engineering, and creative problem-solving. Activities include 3D printing, coding, electronics, and collaborative maker challenges.",2026-11-02 15:00:00,2026-11-02 17:00:00,Albany Library,Family & Kids | Learning & Careers,Technology | STEM,upcoming,Free,Hartford Public Library,https://programs.hplct.org/events,https://hplct.libnet.info/event/17235882,Teens
hpl:17165179:2026-11-02 15:30:00,Homework Heroes,"Need a little extra support? Stop by after school for help with homework, reading, and school assignments in a welcoming environment. Children under 12 must be accompanied by a parent or caregiver.",2026-11-02 15:30:00,2026-11-02 16:00:00,Ropkins Library,Arts & Culture | Family & Kids | Outdoors & Nature,STEM | Reading & Writing,upcoming,Free,Hartford Public Library,https://programs.hplct.org/events,https://hplct.libnet.info/event/17165179,"Youth, Family"
hpl:17165283:2026-11-02 15:45:00,Fall Into Creativity,"Join Ms. Linda at the Ropkins Library every Monday to explore your creativity with a fun, hands-on craft. Enjoy a different project each week in a relaxed and welcoming environment.",2026-11-02 15:45:00,2026-11-02 16:15:00,Ropkins Library,Arts & Culture | Family & Kids | Outdoors & Nature,Family | Arts,upcoming,Free,Hartford Public Library,https://programs.hplct.org/events,https://hplct.libnet.info/event/17165283,"Youth, Family"
hpl:17517666:2026-11-02 16:00:00,Homework Hub,Need some extra help with homework? Stop by after school for support with assignments and studying. For ages 6-12.,2026-11-02 16:00:00,2026-11-02 17:00:00,Camp Field Library,Arts & Culture | Family & Kids,STEM | Reading & Writing,upcoming,Free,Hartford Public Library,https://programs.hplct.org/events,https://hplct.libnet.info/event/17517666,"Youth, Family"
hpl:16861107:2026-11-02 17:00:00,Math Class,"Math classes offered in collaboration with Learn for Life, Inc. for adult students working to enhance workplace skills, prepare for the GED, or get ready for college",2026-11-02 17:00:00,2026-11-02 19:00:00,Downtown,Learning & Careers,STEM | Career,upcoming,Free,Hartford Public Library,https://programs.hplct.org/events,https://hplct.libnet.info/event/16861107,Adults
hpl:17536148:2026-11-02 18:30:00,Intro to Podcasting with DJ B Davis,Intro to Podcasting Workshop through HPL Studios with B Davis,2026-11-02 18:30:00,2026-11-02 20:00:00,Downtown,Music & Nightlife | Learning & Careers,Technology | Media | Arts,upcoming,Free,Hartford Public Library,https://programs.hplct.org/events,https://hplct.libnet.info/event/17536148,"Teens, Adults"
hpl:17168092:2026-11-03 00:00:00,The Puzzle Place for Teens,"Take a break, unwind, and help complete our community puzzle! Drop in anytime to add a few pieces, meet other teens, or enjoy a quiet brain break.",2026-11-03 00:00:00,2026-11-03 23:59:00,Ropkins Library,Sports & Games | Family & Kids | Community & Volunteering,STEM | Community,upcoming,Free,Hartford Public Library,https://programs.hplct.org/events,https://hplct.libnet.info/event/17168092,Teens
hpl:17478782:2026-11-03 09:30:00,DSS: Department of Social Service,Do you have questions about your DSS account? The Connecticut Department of Social Services is available to assist you. No appointments required.,2026-11-03 09:30:00,2026-11-03 14:00:00,Park Street Library @ The Lyric,Health & Wellness,Health & Wellness,upcoming,Free,Hartford Public Library,https://programs.hplct.org/events,https://hplct.libnet.info/event/17478782,Adults
hpl:16809305:2026-11-03 09:30:00,ESL Classes,English as a second language classes. Registered students only. Please contact ESL@hplct.org for more information.,2026-11-03 09:30:00,2026-11-03 12:00:00,Downtown,Arts & Culture | Learning & Careers | Community & Volunteering,Reading & Writing | Language | Civic Engagement | Career,upcoming,Free,Hartford Public Library,https://programs.hplct.org/events,https://hplct.libnet.info/event/16809305,Adults
hpl:16809910:2026-11-03 09:30:00,ESL Classes,English as a second language classes for adults. Registered students only. Please contact ESL@hplct.org for more information.,2026-11-03 09:30:00,2026-11-03 12:00:00,Downtown,Arts & Culture | Learning & Careers | Community & Volunteering,Reading & Writing | Language | Civic Engagement | Career,upcoming,Free,Hartford Public Library,https://programs.hplct.org/events,https://hplct.libnet.info/event/16809910,Adults
hpl:16809741:2026-11-03 09:30:00,ESL Classes,English as a second language classes for adults. Registered students only. Please contact ESL@hplct.org for more information.,2026-11-03 09:30:00,2026-11-03 12:00:00,Downtown,Arts & Culture | Learning & Careers | Community & Volunteering,Reading & Writing | Language | Civic Engagement | Career,upcoming,Free,Hartford Public Library,https://programs.hplct.org/events,https://hplct.libnet.info/event/16809741,Adults
hpl:16809592:2026-11-03 09:30:00,ESL Classes,English as a second language classes for adults. Registered students only. Please contact ESL@hplct.org for more information.,2026-11-03 09:30:00,2026-11-03 12:00:00,Downtown,Arts & Culture | Learning & Careers | Community & Volunteering,Reading & Writing | Language | Civic Engagement | Career,upcoming,Free,Hartford Public Library,https://programs.hplct.org/events,https://hplct.libnet.info/event/16809592,Adults
hpl:17077426:2026-11-03 11:00:00,Story Time,"Come to the library for stories, songs, and fingerplays! For children ages birth through five with caregiver.",2026-11-03 11:00:00,2026-11-03 11:45:00,Camp Field Library,Family & Kids,Storytime,upcoming,Free,Hartford Public Library,https://programs.hplct.org/events,https://hplct.libnet.info/event/17077426,"Youth, Family"
hpl:17251770:2026-11-03 14:30:00,DJ Foundation Lab @ YOUmedia,"Learn the fundamentals of DJing through hands-on experience with professional equipment and software. Explore beatmatching, transitions, music selection, and performance skills.",2026-11-03 14:30:00,2026-11-03 16:30:00,Downtown,Music & Nightlife | Health & Wellness | Learning & Careers,Technology | STEM | Career | Arts,upcoming,Free,Hartford Public Library,https://programs.hplct.org/events,https://hplct.libnet.info/event/17251770,Teens
hpl:17236252:2026-11-03 15:00:00,Games & Strategy,"Build critical thinking and teamwork through friendly competition. Participants can play chess, dominoes, Ludo, Nintendo Switch games, and other strategy-based board and video games.",2026-11-03 15:00:00,2026-11-03 17:00:00,Albany Library,Sports & Games,Media,upcoming,Free,Hartford Public Library,https://programs.hplct.org/events,https://hplct.libnet.info/event/17236252,Teens
hpl:17337756:2026-11-03 15:00:00,Pearson Test Center testing,"Pearson testing in the West Middle test center (44 Niles Street). Registered testers only. If you have questions or require assistance the day of your testing appointment, please call (860) 331-9538.",2026-11-03 15:00:00,2026-11-03 20:00:00,West Middle School Branch,Outdoors & Nature,TAP,upcoming,Free,Hartford Public Library,https://programs.hplct.org/events,https://hplct.libnet.info/event/17337756,Adults
hpl:17236290:2026-11-03 15:00:00,Picture This,A photography-focused program taking students through the creative process from pre-production and shooting to editing and post-production.,2026-11-03 15:00:00,2026-11-03 17:00:00,Albany Library,Learning & Careers,Technology | Media | Arts,upcoming,Free,Hartford Public Library,https://programs.hplct.org/events,https://hplct.libnet.info/event/17236290,Teens
hpl:17236272:2026-11-03 15:00:00,Self Care Sesh,"Give yourself some room to breathe while participating in relaxing activities like journaling, DIY self-care products, drawing and painting.",2026-11-03 15:00:00,2026-11-03 17:00:00,Albany Library,Community & Volunteering,Community | Arts,upcoming,Free,Hartford Public Library,https://programs.hplct.org/events,https://hplct.libnet.info/event/17236272,Teens
hpl:17251499:2026-11-03 15:30:00,Characters in Motion,Bring your characters to life! Teens will explore comic art and animation while developing their visual story-telling skills.,2026-11-03 15:30:00,2026-11-03 16:30:00,Downtown,Arts & Culture | Family & Kids | Learning & Careers,Technology | STEM | Career | Arts,upcoming,Free,Hartford Public Library,https://programs.hplct.org/events,https://hplct.libnet.info/event/17251499,Teens
hpl:17165459:2026-11-03 15:30:00,Fall STEM Adventures,"Discover, build, and explore! Join us each week for hands-on STEM activities that encourage creativity, critical thinking, and problem-solving.",2026-11-03 15:30:00,2026-11-03 16:15:00,Ropkins Library,Other & General,STEM,upcoming,Free,Hartford Public Library,https://programs.hplct.org/events,https://hplct.libnet.info/event/17165459,"Youth, Family"
hpl:17165180:2026-11-03 15:30:00,Homework Heroes,"Need a little extra support? Stop by after school for help with homework, reading, and school assignments in a welcoming environment. Children under 12 must be accompanied by a parent or caregiver.",2026-11-03 15:30:00,2026-11-03 16:00:00,Ropkins Library,Arts & Culture | Family & Kids | Outdoors & Nature,STEM | Reading & Writing,upcoming,Free,Hartford Public Library,https://programs.hplct.org/events,https://hplct.libnet.info/event/17165180,"Youth, Family"
hpl:17077665:2026-11-03 16:00:00,Craft Corner,Get crafty at the Camp Field Library! Children ages 6-12 are invited to explore their creativity by making a fun craft every week.,2026-11-03 16:00:00,2026-11-03 17:00:00,Camp Field Library,Arts & Culture | Family & Kids,Arts,upcoming,Free,Hartford Public Library,https://programs.hplct.org/events,https://hplct.libnet.info/event/17077665,Youth
hpl:16671875:2026-11-03 16:00:00,GED Learning Circles,"Instructor-led small group study support toward the Science, Social Studies, Mathematical Reasoning, and Language Arts GED subject tests, utilizing GED prep software provided by the Library.",2026-11-03 16:00:00,2026-11-03 17:30:00,Downtown,Arts & Culture | Learning & Careers,Technology | STEM | Reading & Writing,upcoming,Free,Hartford Public Library,https://programs.hplct.org/events,https://hplct.libnet.info/event/16671875,Adults
hpl:16908992:2026-11-03 17:00:00,Financial Literacy: 1-on-1 Coaching,"One-on-one money management skills coaching at the Downtown Library in Spanish or in English, by appointment. For more information, call/text (860) 256-9856",2026-11-03 17:00:00,2026-11-03 18:00:00,Downtown,Learning & Careers | Community & Volunteering,Education | Education | Community | Civic Engagement,upcoming,Free,Hartford Public Library,https://programs.hplct.org/events,https://hplct.libnet.info/event/16908992,Adults
hpl:17497630:2026-11-03 17:30:00,ESL Classes,Adult Education English as a Second Language,2026-11-03 17:30:00,2026-11-03 19:30:00,Downtown,Arts & Culture | Learning & Careers,TAP | Reading & Writing,upcoming,Free,Hartford Public Library,https://programs.hplct.org/events,https://hplct.libnet.info/event/17497630,Adults
hpl:16671936:2026-11-03 17:30:00,GED Learning Circles,"Instructor-led small group study support toward the Science, Social Studies, Mathematical Reasoning, and Language Arts GED subject tests, utilizing GED prep software provided by the Library.",2026-11-03 17:30:00,2026-11-03 19:00:00,Downtown,Arts & Culture | Learning & Careers,Technology | STEM | Reading & Writing,upcoming,Free,Hartford Public Library,https://programs.hplct.org/events,https://hplct.libnet.info/event/16671936,Adults
hpl:17350546:2026-11-03 17:30:00,ServSafe Alcohol Server Certification,"Earn your ServSafe Alcohol Server certification at no cost in this free two-session course. Bars, restaurants, taverns, and private events need certified alcohol servers.",2026-11-03 17:30:00,2026-11-03 19:30:00,Downtown,Food & Restaurants | Learning & Careers,Job Training | Career,upcoming,Free,Hartford Public Library,https://programs.hplct.org/events,https://hplct.libnet.info/event/17350546,Adults
hpl:16928511:2026-11-03 18:30:00,Zumba w/Kay,"Join us for fun, high energy fitness classes! Registration suggestion but not required. Wear comfortable clothing and bring water.",2026-11-03 18:30:00,2026-11-03 19:30:00,Downtown,Sports & Games | Health & Wellness | Learning & Careers,Health & Wellness,upcoming,Free,Hartford Public Library,https://programs.hplct.org/events,https://hplct.libnet.info/event/16928511,Adults
hpl:16904696:2026-11-03 19:00:00,HPL Scriptwriters' Circle,"HPL STUDIOS presents a roundtable for writers to share ideas and material from their feature, short film, web series, sketch or scripted audio project with peers.",2026-11-03 19:00:00,2026-11-03 20:30:00,Downtown,Arts & Culture,Reading & Writing | Media | Arts,upcoming,Free,Hartford Public Library,https://programs.hplct.org/events,https://hplct.libnet.info/event/16904696,Adults
hpl:17168093:2026-11-04 00:00:00,The Puzzle Place for Teens,"Take a break, unwind, and help complete our community puzzle! Drop in anytime to add a few pieces, meet other teens, or enjoy a quiet brain break.",2026-11-04 00:00:00,2026-11-04 23:59:00,Ropkins Library,Sports & Games | Family & Kids | Community & Volunteering,STEM | Community,upcoming,Free,Hartford Public Library,https://programs.hplct.org/events,https://hplct.libnet.info/event/17168093,Teens
hpl:16806805:2026-11-04 09:30:00,English for All,Guided online learning for English as a second language,2026-11-04 09:30:00,2026-11-04 12:00:00,Downtown,Arts & Culture | Learning & Careers,Reading & Writing | Language,upcoming,Free,Hartford Public Library,https://programs.hplct.org/events,https://hplct.libnet.info/event/16806805,Adults
hpl:16812350:2026-11-04 09:30:00,ESL ServSafe,ServSafe training for registered ESL students only. Contact ESL@hplct.org for more information. Description,2026-11-04 09:30:00,2026-11-04 12:00:00,Downtown,Learning & Careers,Language | Career,upcoming,Free,Hartford Public Library,https://programs.hplct.org/events,https://hplct.libnet.info/event/16812350,Adults
hpl:17484338:2026-11-04 09:30:00,GED Learning Circles,"Instructor-led small group study support toward the Science, Social Studies, Mathematical Reasoning, and Language Arts GED subject tests, utilizing GED prep software provided by the Library.",2026-11-04 09:30:00,2026-11-04 11:00:00,Downtown,Arts & Culture | Learning & Careers,STEM | Reading & Writing,upcoming,Free,Hartford Public Library,https://programs.hplct.org/events,https://hplct.libnet.info/event/17484338,Adults
hpl:17426975:2026-11-04 10:00:00,Placement and Progress Testing for Library Programs,"Computerized placement and progress testing for participants in GED prep, citizenship prep, English classes, and other Library educational programs",2026-11-04 10:00:00,2026-11-04 13:00:00,Downtown,Learning & Careers,TAP,upcoming,Free,Hartford Public Library,https://programs.hplct.org/events,https://hplct.libnet.info/event/17426975,Adults
hpl:17484355:2026-11-04 11:00:00,GED Learning Circles,"Instructor-led small group study support toward the Science, Social Studies, Mathematical Reasoning, and Language Arts GED subject tests, utilizing GED prep software provided by the Library.",2026-11-04 11:00:00,2026-11-04 12:30:00,Downtown,Arts & Culture | Learning & Careers,STEM | Reading & Writing,upcoming,Free,Hartford Public Library,https://programs.hplct.org/events,https://hplct.libnet.info/event/17484355,Adults
hpl:17484469:2026-11-04 12:30:00,Math Class,"Math classes offered in collaboration with Learn for Life, Inc. for adult students working to enhance workplace skills, prepare for the GED, or get ready for college",2026-11-04 12:30:00,2026-11-04 14:30:00,Downtown,Learning & Careers,STEM,upcoming,Free,Hartford Public Library,https://programs.hplct.org/events,https://hplct.libnet.info/event/17484469,Adults
hpl:17242176:2026-11-04 14:30:00,Next Steps for College for English Learners,"This program supports high school English Learners in grades 11-12 as they develop English language proficiency, achieve academic success, and prepare for college and career pathways.",2026-11-04 14:30:00,2026-11-04 17:00:00,Downtown,Arts & Culture | Family & Kids | Learning & Careers,STEM | Reading & Writing | Language,archived,Free,Hartford Public Library,https://programs.hplct.org/events,https://hplct.libnet.info/event/17242176,Teens
hpl:17491401:2026-11-04 14:30:00,Next Steps for College for English Learners,"This program supports high school English Learners in grades 11-12 as they develop English language proficiency, achieve academic success, and prepare for college and career pathways.",2026-11-04 14:30:00,2026-11-04 16:30:00,Downtown,Arts & Culture | Family & Kids | Learning & Careers,TAP | STEM | Reading & Writing | Language,upcoming,Free,Hartford Public Library,https://programs.hplct.org/events,https://hplct.libnet.info/event/17491401,Teens
hpl:17202043:2026-11-04 14:30:00,VR Gaming,Explore Hartford Public Library’s VR game library and oculus headsets and claim your spot to play any game of your choosing!,2026-11-04 14:30:00,2026-11-04 15:30:00,Dwight Library,Sports & Games | Learning & Careers,Technology | STEM,upcoming,Free,Hartford Public Library,https://programs.hplct.org/events,https://hplct.libnet.info/event/17202043,Teens
hpl:17236386:2026-11-04 15:00:00,Creative Writing 101,"Learn skills like character and narrative design, world building, and writing real dialogue to bring your stories to life.",2026-11-04 15:00:00,2026-11-04 17:00:00,Albany Library,Arts & Culture | Learning & Careers | Community & Volunteering,Reading & Writing | Community | Arts,upcoming,Free,Hartford Public Library,https://programs.hplct.org/events,https://hplct.libnet.info/event/17236386,Teens
hpl:17236372:2026-11-04 15:00:00,Film & Digital Media,"Learn the fundamentals of filmmaking, photography, editing, animation, and visual effects. Teens will create short films, experiment with cameras and editing software, and develop storytelling skills.",2026-11-04 15:00:00,2026-11-04 17:00:00,Albany Library,Arts & Culture | Health & Wellness | Family & Kids | Learning & Careers,Technology | Media | Arts,upcoming,Free,Hartford Public Library,https://programs.hplct.org/events,https://hplct.libnet.info/event/17236372,Teens
hpl:17252366:2026-11-04 15:00:00,Game Design @ YOUmedia,"We’re continuing to create games for the PC and VR. Join in, add your inspiration and learn some new skills! We’ll be using the Unity Game engine.",2026-11-04 15:00:00,2026-11-04 17:00:00,Downtown,Sports & Games | Learning & Careers,Technology | STEM | Media | Career | Arts,upcoming,Free,Hartford Public Library,https://programs.hplct.org/events,https://hplct.libnet.info/event/17252366,Teens
hpl:17337757:2026-11-04 15:00:00,Pearson Test Center testing,"Pearson testing in the West Middle test center (44 Niles Street). Registered testers only. If you have questions or require assistance the day of your testing appointment, please call (860) 331-9538.",2026-11-04 15:00:00,2026-11-04 20:00:00,West Middle School Branch,Outdoors & Nature,TAP,upcoming,Free,Hartford Public Library,https://programs.hplct.org/events,https://hplct.libnet.info/event/17337757,Adults
hpl:17236403:2026-11-04 15:00:00,Wonder Wednesday,"This program gives students a fun and interactive space to test their knowledge through a variety of games, including throwback trivia, GeoGuessr, pop culture, music, history, and more.",2026-11-04 15:00:00,2026-11-04 17:00:00,Albany Library,Sports & Games | Music & Nightlife | Arts & Culture | Community & Volunteering,Media | Community,upcoming,Free,Hartford Public Library,https://programs.hplct.org/events,https://hplct.libnet.info/event/17236403,Teens
hpl:17252277:2026-11-04 15:30:00,Hands on Adobe,"Get creative with Adobe! Teens will learn the basics of popular Adobe creative programs while experimenting with digital art, graphic design, photo editing, and more.",2026-11-04 15:30:00,2026-11-04 16:30:00,Downtown,Arts & Culture | Family & Kids | Learning & Careers,Technology | STEM | Career | Arts,upcoming,Free,Hartford Public Library,https://programs.hplct.org/events,https://hplct.libnet.info/event/17252277,Teens
hpl:17165181:2026-11-04 15:30:00,Homework Heroes,"Need a little extra support? Stop by after school for help with homework, reading, and school assignments in a welcoming environment. Children under 12 must be accompanied by a parent or caregiver.",2026-11-04 15:30:00,2026-11-04 16:00:00,Ropkins Library,Arts & Culture | Family & Kids | Outdoors & Nature,STEM | Reading & Writing,upcoming,Free,Hartford Public Library,https://programs.hplct.org/events,https://hplct.libnet.info/event/17165181,"Youth, Family"
hpl:17165756:2026-11-04 15:30:00,"Think, Search & Solve!","Put your thinking skills to the test with fall-themed word searches, I Spy puzzles, mazes, and other fun brain-teasing activities.",2026-11-04 15:30:00,2026-11-04 16:15:00,Ropkins Library,Sports & Games | Family & Kids,STEM | Family,upcoming,Free,Hartford Public Library,https://programs.hplct.org/events,https://hplct.libnet.info/event/17165756,"Youth, Family"
hpl:16909017:2026-11-04 17:00:00,Financial Literacy: 1-on-1 Coaching,"One-on-one money management skills coaching at the Downtown Library in Spanish or in English, by appointment. For more information, call/text (860) 256-9856",2026-11-04 17:00:00,2026-11-04 18:00:00,Downtown,Learning & Careers | Community & Volunteering,Education | Education | Community | Civic Engagement,upcoming,Free,Hartford Public Library,https://programs.hplct.org/events,https://hplct.libnet.info/event/16909017,Adults
hpl:16861131:2026-11-04 17:00:00,Math Class,"Math classes offered in collaboration with Learn for Life, Inc. for adult students working to enhance workplace skills, prepare for the GED, or get ready for college",2026-11-04 17:00:00,2026-11-04 19:00:00,Downtown,Learning & Careers,STEM | Career,upcoming,Free,Hartford Public Library,https://programs.hplct.org/events,https://hplct.libnet.info/event/16861131,Adults
hpl:16899060:2026-11-04 17:30:00,Monthly Men's Group,"Join us for a weekly men's group. Check in with each other, discuss important topics, connect and network with men in the Hartford area.",2026-11-04 17:30:00,2026-11-04 19:00:00,Downtown,Health & Wellness,Health & Wellness,upcoming,Free,Hartford Public Library,https://programs.hplct.org/events,https://hplct.libnet.info/event/16899060,Adults
hpl:17426383:2026-11-04 18:30:00,Intro to Studio Technology,Learn how to operate a professional recording session.,2026-11-04 18:30:00,2026-11-04 20:00:00,Downtown,Music & Nightlife | Learning & Careers,Technology | Media | Job Training | Arts,upcoming,Free,Hartford Public Library,https://programs.hplct.org/events,https://hplct.libnet.info/event/17426383,"Teens, Adults"
hpl:17168094:2026-11-05 00:00:00,The Puzzle Place for Teens,"Take a break, unwind, and help complete our community puzzle! Drop in anytime to add a few pieces, meet other teens, or enjoy a quiet brain break.",2026-11-05 00:00:00,2026-11-05 23:59:00,Ropkins Library,Sports & Games | Family & Kids | Community & Volunteering,STEM | Community,upcoming,Free,Hartford Public Library,https://programs.hplct.org/events,https://hplct.libnet.info/event/17168094,Teens
hpl:16809261:2026-11-05 09:30:00,ESL Classes,English as a second language classes. Registered students only. Please contact ESL@hplct.org for more information.,2026-11-05 09:30:00,2026-11-05 12:00:00,Downtown,Arts & Culture | Learning & Careers | Community & Volunteering,Reading & Writing | Language | Civic Engagement | Career,upcoming,Free,Hartford Public Library,https://programs.hplct.org/events,https://hplct.libnet.info/event/16809261,Adults
hpl:16809858:2026-11-05 09:30:00,ESL Classes,English as a second language classes for adults. Registered students only. Please contact ESL@hplct.org for more information.,2026-11-05 09:30:00,2026-11-05 12:00:00,Downtown,Arts & Culture | Learning & Careers | Community & Volunteering,Reading & Writing | Language | Civic Engagement | Career,upcoming,Free,Hartford Public Library,https://programs.hplct.org/events,https://hplct.libnet.info/event/16809858,Adults
hpl:16809593:2026-11-05 09:30:00,ESL Classes,English as a second language classes for adults. Registered students only. Please contact ESL@hplct.org for more information.,2026-11-05 09:30:00,2026-11-05 12:00:00,Downtown,Arts & Culture | Learning & Careers | Community & Volunteering,Reading & Writing | Language | Civic Engagement | Career,upcoming,Free,Hartford Public Library,https://programs.hplct.org/events,https://hplct.libnet.info/event/16809593,Adults
hpl:16809698:2026-11-05 09:30:00,ESL Classes,English as a second language classes for adults. Registered students only. Please contact ESL@hplct.org for more information.,2026-11-05 09:30:00,2026-11-05 12:00:00,Downtown,Arts & Culture | Learning & Careers | Community & Volunteering,Reading & Writing | Language | Civic Engagement | Career,upcoming,Free,Hartford Public Library,https://programs.hplct.org/events,https://hplct.libnet.info/event/16809698,Adults
hpl:17537136:2026-11-05 11:00:00,Everyday Tech,"Are you interested in improving your basic computer skills, learning how to navigate tech tools or earning a Northstar Digital Certificate? If so, register for our small group tech assistance!",2026-11-05 11:00:00,2026-11-05 12:00:00,Albany Library,Learning & Careers,Technology,archived,Free,Hartford Public Library,https://programs.hplct.org/events,https://hplct.libnet.info/event/17537136,Adults
hpl:17547091:2026-11-05 11:00:00,Fall Inspired Charcuterie Boards,Impress guests at your future gatherings and learn how to create a fall-inspired charcuterie board!,2026-11-05 11:00:00,2026-11-05 12:00:00,Albany Library,Learning & Careers | Community & Volunteering,Community,upcoming,Free,Hartford Public Library,https://programs.hplct.org/events,https://hplct.libnet.info/event/17547091,Adults
hpl:17166305:2026-11-05 13:30:00,Teen Takeover,"Take a break, hang out with friends, and meet new people every Thursday! Enjoy a different activity each week—from games and crafts to creative challenges and more.",2026-11-05 13:30:00,2026-11-05 14:30:00,Ropkins Library,Sports & Games | Arts & Culture | Family & Kids | Learning & Careers,Technology | STEM | Arts,upcoming,Free,Hartford Public Library,https://programs.hplct.org/events,https://hplct.libnet.info/event/17166305,Teens
hpl:17491883:2026-11-05 14:30:00,English Learners Success,"This program supports high school English Learners through engaging, project-based instruction that strengthens English language proficiency, academic success, and college and career readiness.",2026-11-05 14:30:00,2026-11-05 16:30:00,Downtown,Arts & Culture | Family & Kids | Learning & Careers,TAP | STEM | Reading & Writing | Language,upcoming,Free,Hartford Public Library,https://programs.hplct.org/events,https://hplct.libnet.info/event/17491883,Teens
hpl:17008698:2026-11-05 15:00:00,1-on-1 Business Advising with WBDC,"Meet one-on-one with WBDC Business Advisor Krista Rizzo for free, personalized guidance on business planning, marketing, financing, operations, and more. Sessions take at the Downtown Library.",2026-11-05 15:00:00,2026-11-05 17:00:00,Downtown,Food & Restaurants | Music & Nightlife | Learning & Careers,Job Training | Career | Business,upcoming,Free,Hartford Public Library,https://programs.hplct.org/events,https://hplct.libnet.info/event/17008698,Adults
hpl:17251420:2026-11-05 15:00:00,Brick by Brick,"Learn LEGO building through hands-on creative challenges, individual projects, and team builds. Explore design, engineering, structure, and storytelling while developing problem-solving and teamwork.",2026-11-05 15:00:00,2026-11-05 17:00:00,Downtown,Family & Kids | Learning & Careers | Community & Volunteering,STEM | Community | Career | Arts,upcoming,Free,Hartford Public Library,https://programs.hplct.org/events,https://hplct.libnet.info/event/17251420,Teens
hpl:17236463:2026-11-05 15:00:00,Creative Arts & Design,"Express creativity through painting, drawing, collage, origami, crafts, button making, and other hands-on art projects while exploring different artistic techniques and styles.",2026-11-05 15:00:00,2026-11-05 17:00:00,Albany Library,Arts & Culture | Community & Volunteering,Community | Arts,upcoming,Free,Hartford Public Library,https://programs.hplct.org/events,https://hplct.libnet.info/event/17236463,Teens
hpl:17236504:2026-11-05 15:00:00,Self Care Lab,"Learn the creative and practical side of personal care through hands-on projects such as making soaps, deodorants, body oils, hair-care products, and other self-care items.",2026-11-05 15:00:00,2026-11-05 17:00:00,Albany Library,Learning & Careers,Arts,upcoming,Free,Hartford Public Library,https://programs.hplct.org/events,https://hplct.libnet.info/event/17236504,Teens
hpl:17252491:2026-11-05 15:30:00,"Create, Sketch & Make @ YOUmedia","Unleash your creativity with hands-on art projects, crafts and sketching. Teens will have opportunities to create indoors and outdoors while exploring new ways to turn inspiration into art.",2026-11-05 15:30:00,2026-11-05 16:30:00,Downtown,Arts & Culture | Family & Kids | Learning & Careers | Outdoors & Nature,STEM | Career | Arts,upcoming,Free,Hartford Public Library,https://programs.hplct.org/events,https://hplct.libnet.info/event/17252491,Teens
hpl:17081745:2026-11-05 16:00:00,Thursday Fun Zone,Join us on Thursdays for a different themed activity or craft! For ages 6-12.,2026-11-05 16:00:00,2026-11-05 17:00:00,Camp Field Library,Arts & Culture,Arts,upcoming,Free,Hartford Public Library,https://programs.hplct.org/events,https://hplct.libnet.info/event/17081745,Youth
hpl:17478738:2026-11-05 17:00:00,YOGA,"Join us for a relaxing yoga session designed to improve flexibility, balance, strength, and mindfulness. All experience levels are welcome. Registration not required.",2026-11-05 17:00:00,2026-11-05 18:00:00,Park Street Library @ The Lyric,Sports & Games | Health & Wellness,Health & Wellness,upcoming,Free,Hartford Public Library,https://programs.hplct.org/events,https://hplct.libnet.info/event/17478738,Adults
hpl:17497751:2026-11-05 17:30:00,ESL Classes,Adult Education English as a Second Language,2026-11-05 17:30:00,2026-11-05 19:30:00,Downtown,Arts & Culture | Learning & Careers,TAP | Reading & Writing,upcoming,Free,Hartford Public Library,https://programs.hplct.org/events,https://hplct.libnet.info/event/17497751,Adults
hpl:17350664:2026-11-05 17:30:00,ServSafe Food Manager Certification,Earn your ServSafe Food Manager certification at no cost in this free course covering advanced food safety and Connecticut law compliance. Step up. Lead Hartford's food service businesses.,2026-11-05 17:30:00,2026-11-05 19:30:00,Downtown,Food & Restaurants | Learning & Careers,Job Training | Career,upcoming,Free,Hartford Public Library,https://programs.hplct.org/events,https://hplct.libnet.info/event/17350664,Adults
hartfordcom:104677:2026-11-06,Lucy Darling: You’re Welcome,"Lucy Darling: You’re Welcome at . Open the event listing for description, cost, times, and registration.",2026-11-06,,"Hartford, CT",Other & General,,upcoming,Check event listing,Hartford.com,https://hartford.com/events/,https://hartford.com/calendar/lucy-darling-youre-welcome/?occurrence=2026-11-06,Check event listing
hpl:17210492:2026-11-06 10:00:00,Family Literacy PACT,Activities for families enrolled in ESL Family Literacy program,2026-11-06 10:00:00,2026-11-06 12:00:00,Downtown,Family & Kids | Learning & Careers,Language | Family,upcoming,Free,Hartford Public Library,https://programs.hplct.org/events,https://hplct.libnet.info/event/17210492,"Family, Adults"
hpl:17236522:2026-11-06 12:00:00,Community Challenge,"Wrap up the week with interactive Kahoot! trivia, team-building games, creative challenges, and group activities that encourage collaboration, communication, and fun.",2026-11-06 12:00:00,2026-11-06 15:00:00,Albany Library,Sports & Games | Community & Volunteering,Community,upcoming,Free,Hartford Public Library,https://programs.hplct.org/events,https://hplct.libnet.info/event/17236522,Teens
hpl:17236619:2026-11-06 12:00:00,Hear Me Out: Debate Club,"Hear Me Out provides students with a space to explore relevant topics, develop opinions, and practice expressing their ideas in a respectful and structured environment.",2026-11-06 12:00:00,2026-11-06 15:00:00,Albany Library,Community & Volunteering | Outdoors & Nature,Community | Civic Engagement,upcoming,Free,Hartford Public Library,https://programs.hplct.org/events,https://hplct.libnet.info/event/17236619,Teens
hpl:17236542:2026-11-06 13:00:00,Monster of the Week,"Join your friends, get your gear and roll the dice to defeat monsters using different storytelling games like Dungeons & Dragons, Fallout, Savage Worlds, and more!",2026-11-06 13:00:00,2026-11-06 16:00:00,Albany Library,Sports & Games | Community & Volunteering,Community,upcoming,Free,Hartford Public Library,https://programs.hplct.org/events,https://hplct.libnet.info/event/17236542,Teens
hpl:17252933:2026-11-06 14:00:00,Fidget Toy Workshop @ YOUmedia,"Explore a variety of 3D-printed fidget toys, discover how they work, and customize one to make it your own. Mix, match, experiment, and create a fidget that fits your style.",2026-11-06 14:00:00,2026-11-06 16:00:00,Downtown,Learning & Careers,Technology | STEM | Arts,upcoming,Free,Hartford Public Library,https://programs.hplct.org/events,https://hplct.libnet.info/event/17252933,Teens
hpl:17251771:2026-11-06 14:30:00,DJ Foundation Lab @ YOUmedia,"Learn the fundamentals of DJing through hands-on experience with professional equipment and software. Explore beatmatching, transitions, music selection, and performance skills.",2026-11-06 14:30:00,2026-11-06 16:30:00,Downtown,Music & Nightlife | Health & Wellness | Learning & Careers,Technology | STEM | Career | Arts,upcoming,Free,Hartford Public Library,https://programs.hplct.org/events,https://hplct.libnet.info/event/17251771,Teens
hpl:17517667:2026-11-06 16:00:00,Homework Hub,Need some extra help with homework? Stop by after school for support with assignments and studying. For ages 6-12.,2026-11-06 16:00:00,2026-11-06 17:00:00,Camp Field Library,Arts & Culture | Family & Kids,STEM | Reading & Writing,upcoming,Free,Hartford Public Library,https://programs.hplct.org/events,https://hplct.libnet.info/event/17517667,"Youth, Family"
eventbrite:2000320005985:2026-11-07,860 vs the World,"Open the event listing for details, cost, time, and registration.",2026-11-07,2026-11-07,The Warehouse · 85 Airport Rd,Other & General,,upcoming,Check event listing,Eventbrite,https://www.eventbrite.com/d/ct--hartford/events/,https://www.eventbrite.com/e/860-vs-the-world-tickets-2000320005985,Check event listing
eventbrite:2001399090556:2026-11-07,SJCC @ THE BUSHNELL | John the Violinist,"Open the event listing for details, cost, time, and registration.",2026-11-07,2026-11-07,The Bushnell Performing Arts Center · 166 Capitol Avenue,Other & General,,upcoming,Check event listing,Eventbrite,https://www.eventbrite.com/d/ct--hartford/events/,https://www.eventbrite.com/e/sjcc-the-bushnell-john-the-violinist-tickets-2001399090556,Check event listing
hpl:16810770:2026-11-07 09:30:00,ESL Classes,English as a second language classes for adults. Registered students only. Please contact ESL@hplct.org for more information.,2026-11-07 09:30:00,2026-11-07 12:30:00,Downtown,Arts & Culture | Learning & Careers | Community & Volunteering,Reading & Writing | Language | Civic Engagement | Career,upcoming,Free,Hartford Public Library,https://programs.hplct.org/events,https://hplct.libnet.info/event/16810770,Adults
hpl:16811410:2026-11-07 09:30:00,ESL Classes,English as a second language classes for adults. Registered students only. Please contact ESL@hplct.org for more information.,2026-11-07 09:30:00,2026-11-07 12:30:00,Downtown,Arts & Culture | Learning & Careers | Community & Volunteering,Reading & Writing | Language | Civic Engagement | Career,upcoming,Free,Hartford Public Library,https://programs.hplct.org/events,https://hplct.libnet.info/event/16811410,Adults
hpl:16810055:2026-11-07 09:30:00,ESL Classes,English as a second language classes for adults. Registered students only. Please contact ESL@hplct.org for more information.,2026-11-07 09:30:00,2026-11-07 12:30:00,Downtown,Arts & Culture | Learning & Careers | Community & Volunteering,Reading & Writing | Language | Civic Engagement | Career,upcoming,Free,Hartford Public Library,https://programs.hplct.org/events,https://hplct.libnet.info/event/16810055,Adults
hpl:16810120:2026-11-07 09:30:00,ESL Classes,English as a second language classes for adults. Registered students only. Please contact ESL@hplct.org for more information.,2026-11-07 09:30:00,2026-11-07 12:30:00,Downtown,Arts & Culture | Learning & Careers | Community & Volunteering,Reading & Writing | Language | Civic Engagement | Career,upcoming,Free,Hartford Public Library,https://programs.hplct.org/events,https://hplct.libnet.info/event/16810120,Adults
hpl:17484096:2026-11-07 09:30:00,GED Learning Circles,"Instructor-led small group study support toward the Science, Social Studies, Mathematical Reasoning, and Language Arts GED subject tests, utilizing GED prep software provided by the Library.",2026-11-07 09:30:00,2026-11-07 11:00:00,Downtown,Arts & Culture | Learning & Careers,STEM | Reading & Writing,upcoming,Free,Hartford Public Library,https://programs.hplct.org/events,https://hplct.libnet.info/event/17484096,Adults
hpl:17484131:2026-11-07 11:00:00,GED Learning Circles,"Instructor-led small group study support toward the Science, Social Studies, Mathematical Reasoning, and Language Arts GED subject tests, utilizing GED prep software provided by the Library.",2026-11-07 11:00:00,2026-11-07 12:30:00,Downtown,Arts & Culture | Learning & Careers,STEM | Reading & Writing,upcoming,Free,Hartford Public Library,https://programs.hplct.org/events,https://hplct.libnet.info/event/17484131,Adults
hpl:16693299:2026-11-07 12:00:00,Pearson Test Center examinations,Testing in the Downtown Library's Pearson Test Center. By registration in advance only.,2026-11-07 12:00:00,2026-11-07 17:30:00,Downtown,Learning & Careers,Technology | Career,upcoming,Free,Hartford Public Library,https://programs.hplct.org/events,https://hplct.libnet.info/event/16693299,Adults
hpl:17484166:2026-11-07 12:30:00,Math Class,"Math classes offered in collaboration with Learn for Life, Inc. for adult students working to enhance workplace skills, prepare for the GED, or get ready for college",2026-11-07 12:30:00,2026-11-07 14:30:00,Downtown,Learning & Careers,STEM,upcoming,Free,Hartford Public Library,https://programs.hplct.org/events,https://hplct.libnet.info/event/17484166,Adults
hpl:17264464:2026-11-07 13:00:00,Citizenship Class,Classes for adult Green Card holders studying for the 128-question version of the civics test for U.S. citizenship and other key components of the naturalization interview.,2026-11-07 13:00:00,2026-11-07 16:00:00,Downtown,Arts & Culture | Learning & Careers | Community & Volunteering,Reading & Writing | Language | Civic Engagement,upcoming,Free,Hartford Public Library,https://programs.hplct.org/events,https://hplct.libnet.info/event/17264464,Adults
hpl:16812789:2026-11-07 13:15:00,ESL ServSafe,ServSafe training for registered ESL students only. Contact ESL@hplct.org for more information.,2026-11-07 13:15:00,2026-11-07 15:15:00,Downtown,Learning & Careers,Language | Career,upcoming,Free,Hartford Public Library,https://programs.hplct.org/events,https://hplct.libnet.info/event/16812789,Adults
hpl:16285733:2026-11-07 14:00:00,Northeast Book Discussion Group,"The Northeast Book Discussion Group is a long-standing, community-centered book club that meets on the first Saturday of each month. October 2026 book pick: Razorblade Tears by SA Cosby.",2026-11-07 14:00:00,2026-11-07 16:30:00,Albany Library,Arts & Culture | Community & Volunteering,Reading & Writing | Civic Engagement | Arts,upcoming,Free,Hartford Public Library,https://programs.hplct.org/events,https://hplct.libnet.info/event/16285733,Adults
hpl:17168095:2026-11-09 00:00:00,The Puzzle Place for Teens,"Take a break, unwind, and help complete our community puzzle! Drop in anytime to add a few pieces, meet other teens, or enjoy a quiet brain break.",2026-11-09 00:00:00,2026-11-09 23:59:00,Ropkins Library,Sports & Games | Family & Kids | Community & Volunteering,STEM | Community,upcoming,Free,Hartford Public Library,https://programs.hplct.org/events,https://hplct.libnet.info/event/17168095,Teens
hpl:16693205:2026-11-09 09:30:00,Pearson Test Center examination,Testing in the Downtown Library's Pearson Test Center. By registration in advance only.,2026-11-09 09:30:00,2026-11-09 15:30:00,Downtown,Learning & Careers,Technology | Career,upcoming,Free,Hartford Public Library,https://programs.hplct.org/events,https://hplct.libnet.info/event/16693205,Adults
hpl:16841078:2026-11-09 11:00:00,Everyday Tech Help,"Need help with your phone, tablet, computer, or online services?",2026-11-09 11:00:00,2026-11-09 12:00:00,Barbour Library,Learning & Careers | Community & Volunteering,Technology | STEM | Media | Community,upcoming,Free,Hartford Public Library,https://programs.hplct.org/events,https://hplct.libnet.info/event/16841078,Adults
hpl:17139480:2026-11-09 11:00:00,First Steps in Music,This joyful early childhood experience ignites a spark for a lifetime of learning and musical appreciation.,2026-11-09 11:00:00,2026-11-09 12:00:00,HPL: Downtown Library,Music & Nightlife | Learning & Careers | Outdoors & Nature,Leap into Learning | Arts,upcoming,Free,Hartford Public Library,https://programs.hplct.org/events,https://hplct.libnet.info/event/17139480,Family
hpl:17483163:2026-11-09 12:30:00,Math Class,"Math classes offered in collaboration with Learn for Life, Inc. for adult students working to enhance workplace skills, prepare for the GED, or get ready for college",2026-11-09 12:30:00,2026-11-09 14:30:00,Downtown,Learning & Careers,STEM,upcoming,Free,Hartford Public Library,https://programs.hplct.org/events,https://hplct.libnet.info/event/17483163,Adults
hpl:17491229:2026-11-09 14:30:00,Next Steps for College for English Learners,"This program supports high school English Learners in grades 11-12 as they develop English language proficiency, achieve academic success, and prepare for college and career pathways.",2026-11-09 14:30:00,2026-11-09 16:30:00,Downtown,Arts & Culture | Family & Kids | Learning & Careers,TAP | STEM | Reading & Writing | Language,upcoming,Free,Hartford Public Library,https://programs.hplct.org/events,https://hplct.libnet.info/event/17491229,Teens
hpl:17491058:2026-11-09 14:30:00,Next Steps for College for English Learners,"This program supports high school English Learners in grades 11-12 as they develop English language proficiency, achieve academic success, and prepare for college and career pathways.",2026-11-09 14:30:00,2026-11-09 16:30:00,Downtown,Arts & Culture | Family & Kids | Learning & Careers,STEM | Reading & Writing | Language,archived,Free,Hartford Public Library,https://programs.hplct.org/events,https://hplct.libnet.info/event/17491058,Teens
hpl:17202253:2026-11-09 15:00:00,Anime Eyes Drawing Tutorial,Anime and manga fans are invited to a beginner friendly art tutorial on how to draw anime-style eyes!,2026-11-09 15:00:00,2026-11-09 16:00:00,Dwight Library,Arts & Culture,Arts,upcoming,Free,Hartford Public Library,https://programs.hplct.org/events,https://hplct.libnet.info/event/17202253,Youth
hpl:17251421:2026-11-09 15:00:00,Brick by Brick,"Learn LEGO building through hands-on creative challenges, individual projects, and team builds. Explore design, engineering, structure, and storytelling while developing problem-solving and teamwork.",2026-11-09 15:00:00,2026-11-09 17:00:00,Downtown,Family & Kids | Learning & Careers | Community & Volunteering,STEM | Community | Career | Arts,upcoming,Free,Hartford Public Library,https://programs.hplct.org/events,https://hplct.libnet.info/event/17251421,Teens
hpl:17235903:2026-11-09 15:00:00,Hands-On Design,"Teens decorate and personalize their own t-shirts, hats, bags, and more using popular tools like Cricut machines, heat presses, and embroidery.",2026-11-09 15:00:00,2026-11-09 17:00:00,Albany Library,Family & Kids,STEM | Arts,upcoming,Free,Hartford Public Library,https://programs.hplct.org/events,https://hplct.libnet.info/event/17235903,Teens
hpl:17235943:2026-11-09 15:00:00,Make It Monday,"a hands-on creative arts program featuring small-scale projects such as zines, jewelry, paintings, collages, and other mini crafts.",2026-11-09 15:00:00,2026-11-09 17:00:00,Albany Library,Arts & Culture,Media | Arts,upcoming,Free,Hartford Public Library,https://programs.hplct.org/events,https://hplct.libnet.info/event/17235943,Teens
hpl:17235883:2026-11-09 15:00:00,STEAM & Maker Lab,"Teens explore hands-on STEM projects using technology, engineering, and creative problem-solving. Activities include 3D printing, coding, electronics, and collaborative maker challenges.",2026-11-09 15:00:00,2026-11-09 17:00:00,Albany Library,Family & Kids | Learning & Careers,Technology | STEM,upcoming,Free,Hartford Public Library,https://programs.hplct.org/events,https://hplct.libnet.info/event/17235883,Teens
hpl:17165182:2026-11-09 15:30:00,Homework Heroes,"Need a little extra support? Stop by after school for help with homework, reading, and school assignments in a welcoming environment. Children under 12 must be accompanied by a parent or caregiver.",2026-11-09 15:30:00,2026-11-09 16:00:00,Ropkins Library,Arts & Culture | Family & Kids | Outdoors & Nature,STEM | Reading & Writing,upcoming,Free,Hartford Public Library,https://programs.hplct.org/events,https://hplct.libnet.info/event/17165182,"Youth, Family"
hpl:17165284:2026-11-09 15:45:00,Fall Into Creativity,"Join Ms. Linda at the Ropkins Library every Monday to explore your creativity with a fun, hands-on craft. Enjoy a different project each week in a relaxed and welcoming environment.",2026-11-09 15:45:00,2026-11-09 16:15:00,Ropkins Library,Arts & Culture | Family & Kids | Outdoors & Nature,Family | Arts,upcoming,Free,Hartford Public Library,https://programs.hplct.org/events,https://hplct.libnet.info/event/17165284,"Youth, Family"
hpl:17517668:2026-11-09 16:00:00,Homework Hub,Need some extra help with homework? Stop by after school for support with assignments and studying. For ages 6-12.,2026-11-09 16:00:00,2026-11-09 17:00:00,Camp Field Library,Arts & Culture | Family & Kids,STEM | Reading & Writing,upcoming,Free,Hartford Public Library,https://programs.hplct.org/events,https://hplct.libnet.info/event/17517668,"Youth, Family"
hpl:16861108:2026-11-09 17:00:00,Math Class,"Math classes offered in collaboration with Learn for Life, Inc. for adult students working to enhance workplace skills, prepare for the GED, or get ready for college",2026-11-09 17:00:00,2026-11-09 19:00:00,Downtown,Learning & Careers,STEM | Career,upcoming,Free,Hartford Public Library,https://programs.hplct.org/events,https://hplct.libnet.info/event/16861108,Adults
hpl:17536149:2026-11-09 18:30:00,Intro to Podcasting with DJ B Davis,Intro to Podcasting Workshop through HPL Studios with B Davis,2026-11-09 18:30:00,2026-11-09 20:00:00,Downtown,Music & Nightlife | Learning & Careers,Technology | Media | Arts,upcoming,Free,Hartford Public Library,https://programs.hplct.org/events,https://hplct.libnet.info/event/17536149,"Teens, Adults"
hpl:17168096:2026-11-10 00:00:00,The Puzzle Place for Teens,"Take a break, unwind, and help complete our community puzzle! Drop in anytime to add a few pieces, meet other teens, or enjoy a quiet brain break.",2026-11-10 00:00:00,2026-11-10 23:59:00,Ropkins Library,Sports & Games | Family & Kids | Community & Volunteering,STEM | Community,upcoming,Free,Hartford Public Library,https://programs.hplct.org/events,https://hplct.libnet.info/event/17168096,Teens
hpl:16809306:2026-11-10 09:30:00,ESL Classes,English as a second language classes. Registered students only. Please contact ESL@hplct.org for more information.,2026-11-10 09:30:00,2026-11-10 12:00:00,Downtown,Arts & Culture | Learning & Careers | Community & Volunteering,Reading & Writing | Language | Civic Engagement | Career,upcoming,Free,Hartford Public Library,https://programs.hplct.org/events,https://hplct.libnet.info/event/16809306,Adults
hpl:16809911:2026-11-10 09:30:00,ESL Classes,English as a second language classes for adults. Registered students only. Please contact ESL@hplct.org for more information.,2026-11-10 09:30:00,2026-11-10 12:00:00,Downtown,Arts & Culture | Learning & Careers | Community & Volunteering,Reading & Writing | Language | Civic Engagement | Career,upcoming,Free,Hartford Public Library,https://programs.hplct.org/events,https://hplct.libnet.info/event/16809911,Adults
hpl:16809742:2026-11-10 09:30:00,ESL Classes,English as a second language classes for adults. Registered students only. Please contact ESL@hplct.org for more information.,2026-11-10 09:30:00,2026-11-10 12:00:00,Downtown,Arts & Culture | Learning & Careers | Community & Volunteering,Reading & Writing | Language | Civic Engagement | Career,upcoming,Free,Hartford Public Library,https://programs.hplct.org/events,https://hplct.libnet.info/event/16809742,Adults
hpl:16809594:2026-11-10 09:30:00,ESL Classes,English as a second language classes for adults. Registered students only. Please contact ESL@hplct.org for more information.,2026-11-10 09:30:00,2026-11-10 12:00:00,Downtown,Arts & Culture | Learning & Careers | Community & Volunteering,Reading & Writing | Language | Civic Engagement | Career,upcoming,Free,Hartford Public Library,https://programs.hplct.org/events,https://hplct.libnet.info/event/16809594,Adults
hpl:17077427:2026-11-10 11:00:00,Story Time,"Come to the library for stories, songs, and fingerplays! For children ages birth through five with caregiver.",2026-11-10 11:00:00,2026-11-10 11:45:00,Camp Field Library,Family & Kids,Storytime,upcoming,Free,Hartford Public Library,https://programs.hplct.org/events,https://hplct.libnet.info/event/17077427,"Youth, Family"
hpl:17251772:2026-11-10 14:30:00,DJ Foundation Lab @ YOUmedia,"Learn the fundamentals of DJing through hands-on experience with professional equipment and software. Explore beatmatching, transitions, music selection, and performance skills.",2026-11-10 14:30:00,2026-11-10 16:30:00,Downtown,Music & Nightlife | Health & Wellness | Learning & Careers,Technology | STEM | Career | Arts,upcoming,Free,Hartford Public Library,https://programs.hplct.org/events,https://hplct.libnet.info/event/17251772,Teens
hpl:17202291:2026-11-10 14:30:00,Easy Crochet Scarves,Get started with crochet instructor help on one of two different quick and easy crochet scarf patterns. Supplies provided.,2026-11-10 14:30:00,2026-11-10 16:00:00,Dwight Library,Other & General,Arts,upcoming,Free,Hartford Public Library,https://programs.hplct.org/events,https://hplct.libnet.info/event/17202291,Teens
hpl:17491691:2026-11-10 14:30:00,English Learners Success,"This program supports high school English Learners through engaging, project-based instruction that strengthens English language proficiency, academic success, and college and career readiness.",2026-11-10 14:30:00,2026-11-10 16:30:00,Downtown,Arts & Culture | Family & Kids | Learning & Careers,TAP | STEM | Reading & Writing | Language,upcoming,Free,Hartford Public Library,https://programs.hplct.org/events,https://hplct.libnet.info/event/17491691,Teens
hpl:17236253:2026-11-10 15:00:00,Games & Strategy,"Build critical thinking and teamwork through friendly competition. Participants can play chess, dominoes, Ludo, Nintendo Switch games, and other strategy-based board and video games.",2026-11-10 15:00:00,2026-11-10 17:00:00,Albany Library,Sports & Games,Media,upcoming,Free,Hartford Public Library,https://programs.hplct.org/events,https://hplct.libnet.info/event/17236253,Teens
hpl:17337758:2026-11-10 15:00:00,Pearson Test Center testing,"Pearson testing in the West Middle test center (44 Niles Street). Registered testers only. If you have questions or require assistance the day of your testing appointment, please call (860) 331-9538.",2026-11-10 15:00:00,2026-11-10 20:00:00,West Middle School Branch,Outdoors & Nature,TAP,upcoming,Free,Hartford Public Library,https://programs.hplct.org/events,https://hplct.libnet.info/event/17337758,Adults
hpl:17236291:2026-11-10 15:00:00,Picture This,A photography-focused program taking students through the creative process from pre-production and shooting to editing and post-production.,2026-11-10 15:00:00,2026-11-10 17:00:00,Albany Library,Learning & Careers,Technology | Media | Arts,upcoming,Free,Hartford Public Library,https://programs.hplct.org/events,https://hplct.libnet.info/event/17236291,Teens
hpl:17236273:2026-11-10 15:00:00,Self Care Sesh,"Give yourself some room to breathe while participating in relaxing activities like journaling, DIY self-care products, drawing and painting.",2026-11-10 15:00:00,2026-11-10 17:00:00,Albany Library,Community & Volunteering,Community | Arts,upcoming,Free,Hartford Public Library,https://programs.hplct.org/events,https://hplct.libnet.info/event/17236273,Teens
hpl:17251500:2026-11-10 15:30:00,Characters in Motion,Bring your characters to life! Teens will explore comic art and animation while developing their visual story-telling skills.,2026-11-10 15:30:00,2026-11-10 16:30:00,Downtown,Arts & Culture | Family & Kids | Learning & Careers,Technology | STEM | Career | Arts,upcoming,Free,Hartford Public Library,https://programs.hplct.org/events,https://hplct.libnet.info/event/17251500,Teens
hpl:17165460:2026-11-10 15:30:00,Fall STEM Adventures,"Discover, build, and explore! Join us each week for hands-on STEM activities that encourage creativity, critical thinking, and problem-solving.",2026-11-10 15:30:00,2026-11-10 16:15:00,Ropkins Library,Other & General,STEM,upcoming,Free,Hartford Public Library,https://programs.hplct.org/events,https://hplct.libnet.info/event/17165460,"Youth, Family"
hpl:17165183:2026-11-10 15:30:00,Homework Heroes,"Need a little extra support? Stop by after school for help with homework, reading, and school assignments in a welcoming environment. Children under 12 must be accompanied by a parent or caregiver.",2026-11-10 15:30:00,2026-11-10 16:00:00,Ropkins Library,Arts & Culture | Family & Kids | Outdoors & Nature,STEM | Reading & Writing,upcoming,Free,Hartford Public Library,https://programs.hplct.org/events,https://hplct.libnet.info/event/17165183,"Youth, Family"
hpl:16671876:2026-11-10 16:00:00,GED Learning Circles,"Instructor-led small group study support toward the Science, Social Studies, Mathematical Reasoning, and Language Arts GED subject tests, utilizing GED prep software provided by the Library.",2026-11-10 16:00:00,2026-11-10 17:30:00,Downtown,Arts & Culture | Learning & Careers,Technology | STEM | Reading & Writing,upcoming,Free,Hartford Public Library,https://programs.hplct.org/events,https://hplct.libnet.info/event/16671876,Adults
hpl:17113634:2026-11-10 16:00:00,Veteran's Day Family Celebration,Come to the library to celebrate Veteran's Day by creating Thank You cards and doing some fun activities. For all ages.,2026-11-10 16:00:00,2026-11-10 17:00:00,Camp Field Library,Family & Kids,Arts,upcoming,Free,Hartford Public Library,https://programs.hplct.org/events,https://hplct.libnet.info/event/17113634,"Youth, Teens, Family, Adults"
hpl:16908993:2026-11-10 17:00:00,Financial Literacy: 1-on-1 Coaching,"One-on-one money management skills coaching at the Downtown Library in Spanish or in English, by appointment. For more information, call/text (860) 256-9856",2026-11-10 17:00:00,2026-11-10 18:00:00,Downtown,Learning & Careers | Community & Volunteering,Education | Education | Community | Civic Engagement,upcoming,Free,Hartford Public Library,https://programs.hplct.org/events,https://hplct.libnet.info/event/16908993,Adults
hpl:17497631:2026-11-10 17:30:00,ESL Classes,Adult Education English as a Second Language,2026-11-10 17:30:00,2026-11-10 19:30:00,Downtown,Arts & Culture | Learning & Careers,TAP | Reading & Writing,upcoming,Free,Hartford Public Library,https://programs.hplct.org/events,https://hplct.libnet.info/event/17497631,Adults
hpl:16671937:2026-11-10 17:30:00,GED Learning Circles,"Instructor-led small group study support toward the Science, Social Studies, Mathematical Reasoning, and Language Arts GED subject tests, utilizing GED prep software provided by the Library.",2026-11-10 17:30:00,2026-11-10 19:00:00,Downtown,Arts & Culture | Learning & Careers,Technology | STEM | Reading & Writing,upcoming,Free,Hartford Public Library,https://programs.hplct.org/events,https://hplct.libnet.info/event/16671937,Adults
hpl:17350665:2026-11-10 17:30:00,ServSafe Food Manager Certification,Earn your ServSafe Food Manager certification at no cost in this free course covering advanced food safety and Connecticut law compliance. Step up. Lead Hartford's food service businesses.,2026-11-10 17:30:00,2026-11-10 19:30:00,Downtown,Food & Restaurants | Learning & Careers,Job Training | Career,upcoming,Free,Hartford Public Library,https://programs.hplct.org/events,https://hplct.libnet.info/event/17350665,Adults
hpl:16806806:2026-11-11 09:30:00,English for All,Guided online learning for English as a second language,2026-11-11 09:30:00,2026-11-11 12:00:00,Downtown,Arts & Culture | Learning & Careers,Reading & Writing | Language,upcoming,Free,Hartford Public Library,https://programs.hplct.org/events,https://hplct.libnet.info/event/16806806,Adults
hpl:16812351:2026-11-11 09:30:00,ESL ServSafe,ServSafe training for registered ESL students only. Contact ESL@hplct.org for more information. Description,2026-11-11 09:30:00,2026-11-11 12:00:00,Downtown,Learning & Careers,Language | Career,upcoming,Free,Hartford Public Library,https://programs.hplct.org/events,https://hplct.libnet.info/event/16812351,Adults
hpl:17484339:2026-11-11 09:30:00,GED Learning Circles,"Instructor-led small group study support toward the Science, Social Studies, Mathematical Reasoning, and Language Arts GED subject tests, utilizing GED prep software provided by the Library.",2026-11-11 09:30:00,2026-11-11 11:00:00,Downtown,Arts & Culture | Learning & Careers,STEM | Reading & Writing,upcoming,Free,Hartford Public Library,https://programs.hplct.org/events,https://hplct.libnet.info/event/17484339,Adults
hpl:17484356:2026-11-11 11:00:00,GED Learning Circles,"Instructor-led small group study support toward the Science, Social Studies, Mathematical Reasoning, and Language Arts GED subject tests, utilizing GED prep software provided by the Library.",2026-11-11 11:00:00,2026-11-11 12:30:00,Downtown,Arts & Culture | Learning & Careers,STEM | Reading & Writing,upcoming,Free,Hartford Public Library,https://programs.hplct.org/events,https://hplct.libnet.info/event/17484356,Adults
hpl:17484470:2026-11-11 12:30:00,Math Class,"Math classes offered in collaboration with Learn for Life, Inc. for adult students working to enhance workplace skills, prepare for the GED, or get ready for college",2026-11-11 12:30:00,2026-11-11 14:30:00,Downtown,Learning & Careers,STEM,upcoming,Free,Hartford Public Library,https://programs.hplct.org/events,https://hplct.libnet.info/event/17484470,Adults
hpl:17236387:2026-11-11 15:00:00,Creative Writing 101,"Learn skills like character and narrative design, world building, and writing real dialogue to bring your stories to life.",2026-11-11 15:00:00,2026-11-11 17:00:00,Albany Library,Arts & Culture | Learning & Careers | Community & Volunteering,Reading & Writing | Community | Arts,upcoming,Free,Hartford Public Library,https://programs.hplct.org/events,https://hplct.libnet.info/event/17236387,Teens
hpl:17236373:2026-11-11 15:00:00,Film & Digital Media,"Learn the fundamentals of filmmaking, photography, editing, animation, and visual effects. Teens will create short films, experiment with cameras and editing software, and develop storytelling skills.",2026-11-11 15:00:00,2026-11-11 17:00:00,Albany Library,Arts & Culture | Health & Wellness | Family & Kids | Learning & Careers,Technology | Media | Arts,upcoming,Free,Hartford Public Library,https://programs.hplct.org/events,https://hplct.libnet.info/event/17236373,Teens
hpl:17236404:2026-11-11 15:00:00,Wonder Wednesday,"This program gives students a fun and interactive space to test their knowledge through a variety of games, including throwback trivia, GeoGuessr, pop culture, music, history, and more.",2026-11-11 15:00:00,2026-11-11 17:00:00,Albany Library,Sports & Games | Music & Nightlife | Arts & Culture | Community & Volunteering,Media | Community,upcoming,Free,Hartford Public Library,https://programs.hplct.org/events,https://hplct.libnet.info/event/17236404,Teens
hpl:16909018:2026-11-11 17:00:00,Financial Literacy: 1-on-1 Coaching,"One-on-one money management skills coaching at the Downtown Library in Spanish or in English, by appointment. For more information, call/text (860) 256-9856",2026-11-11 17:00:00,2026-11-11 18:00:00,Downtown,Learning & Careers | Community & Volunteering,Education | Education | Community | Civic Engagement,upcoming,Free,Hartford Public Library,https://programs.hplct.org/events,https://hplct.libnet.info/event/16909018,Adults
eventbrite:1992928167798:2026-11-12,Lean 101 | Fall 2026,"Open the event listing for details, cost, time, and registration.",2026-11-12,2026-11-12,"CONNSTEP, Inc. · 350 Church Street",Other & General,,upcoming,Check event listing,Eventbrite,https://www.eventbrite.com/d/ct--hartford/events/,https://www.eventbrite.com/e/lean-101-fall-2026-tickets-1992928167798,Check event listing
hpl:17168098:2026-11-12 00:00:00,The Puzzle Place for Teens,"Take a break, unwind, and help complete our community puzzle! Drop in anytime to add a few pieces, meet other teens, or enjoy a quiet brain break.",2026-11-12 00:00:00,2026-11-12 23:59:00,Ropkins Library,Sports & Games | Family & Kids | Community & Volunteering,STEM | Community,upcoming,Free,Hartford Public Library,https://programs.hplct.org/events,https://hplct.libnet.info/event/17168098,Teens
hpl:16809262:2026-11-12 09:30:00,ESL Classes,English as a second language classes. Registered students only. Please contact ESL@hplct.org for more information.,2026-11-12 09:30:00,2026-11-12 12:00:00,Downtown,Arts & Culture | Learning & Careers | Community & Volunteering,Reading & Writing | Language | Civic Engagement | Career,upcoming,Free,Hartford Public Library,https://programs.hplct.org/events,https://hplct.libnet.info/event/16809262,Adults
hpl:16809859:2026-11-12 09:30:00,ESL Classes,English as a second language classes for adults. Registered students only. Please contact ESL@hplct.org for more information.,2026-11-12 09:30:00,2026-11-12 12:00:00,Downtown,Arts & Culture | Learning & Careers | Community & Volunteering,Reading & Writing | Language | Civic Engagement | Career,upcoming,Free,Hartford Public Library,https://programs.hplct.org/events,https://hplct.libnet.info/event/16809859,Adults
hpl:16809699:2026-11-12 09:30:00,ESL Classes,English as a second language classes for adults. Registered students only. Please contact ESL@hplct.org for more information.,2026-11-12 09:30:00,2026-11-12 12:00:00,Downtown,Arts & Culture | Learning & Careers | Community & Volunteering,Reading & Writing | Language | Civic Engagement | Career,upcoming,Free,Hartford Public Library,https://programs.hplct.org/events,https://hplct.libnet.info/event/16809699,Adults
hpl:16809595:2026-11-12 09:30:00,ESL Classes,English as a second language classes for adults. Registered students only. Please contact ESL@hplct.org for more information.,2026-11-12 09:30:00,2026-11-12 12:00:00,Downtown,Arts & Culture | Learning & Careers | Community & Volunteering,Reading & Writing | Language | Civic Engagement | Career,upcoming,Free,Hartford Public Library,https://programs.hplct.org/events,https://hplct.libnet.info/event/16809595,Adults
hpl:17166306:2026-11-12 13:30:00,Teen Takeover,"Take a break, hang out with friends, and meet new people every Thursday! Enjoy a different activity each week—from games and crafts to creative challenges and more.",2026-11-12 13:30:00,2026-11-12 14:30:00,Ropkins Library,Sports & Games | Arts & Culture | Family & Kids | Learning & Careers,Technology | STEM | Arts,upcoming,Free,Hartford Public Library,https://programs.hplct.org/events,https://hplct.libnet.info/event/17166306,Teens
hpl:17491884:2026-11-12 14:30:00,English Learners Success,"This program supports high school English Learners through engaging, project-based instruction that strengthens English language proficiency, academic success, and college and career readiness.",2026-11-12 14:30:00,2026-11-12 16:30:00,Downtown,Arts & Culture | Family & Kids | Learning & Careers,TAP | STEM | Reading & Writing | Language,upcoming,Free,Hartford Public Library,https://programs.hplct.org/events,https://hplct.libnet.info/event/17491884,Teens
hpl:17251422:2026-11-12 15:00:00,Brick by Brick,"Learn LEGO building through hands-on creative challenges, individual projects, and team builds. Explore design, engineering, structure, and storytelling while developing problem-solving and teamwork.",2026-11-12 15:00:00,2026-11-12 17:00:00,Downtown,Family & Kids | Learning & Careers | Community & Volunteering,STEM | Community | Career | Arts,upcoming,Free,Hartford Public Library,https://programs.hplct.org/events,https://hplct.libnet.info/event/17251422,Teens
hpl:17236464:2026-11-12 15:00:00,Creative Arts & Design,"Express creativity through painting, drawing, collage, origami, crafts, button making, and other hands-on art projects while exploring different artistic techniques and styles.",2026-11-12 15:00:00,2026-11-12 17:00:00,Albany Library,Arts & Culture | Community & Volunteering,Community | Arts,upcoming,Free,Hartford Public Library,https://programs.hplct.org/events,https://hplct.libnet.info/event/17236464,Teens
hpl:17236505:2026-11-12 15:00:00,Self Care Lab,"Learn the creative and practical side of personal care through hands-on projects such as making soaps, deodorants, body oils, hair-care products, and other self-care items.",2026-11-12 15:00:00,2026-11-12 17:00:00,Albany Library,Learning & Careers,Arts,upcoming,Free,Hartford Public Library,https://programs.hplct.org/events,https://hplct.libnet.info/event/17236505,Teens
hpl:17252492:2026-11-12 15:30:00,"Create, Sketch & Make @ YOUmedia","Unleash your creativity with hands-on art projects, crafts and sketching. Teens will have opportunities to create indoors and outdoors while exploring new ways to turn inspiration into art.",2026-11-12 15:30:00,2026-11-12 16:30:00,Downtown,Arts & Culture | Family & Kids | Learning & Careers | Outdoors & Nature,STEM | Career | Arts,upcoming,Free,Hartford Public Library,https://programs.hplct.org/events,https://hplct.libnet.info/event/17252492,Teens
hpl:16387513:2026-11-12 16:00:00,Adult Tech Class,"Join us for hands-on computer basics lessons for adults. All experience levels welcomed, beginners encouraged! Registration is not necessary.",2026-11-12 16:00:00,2026-11-12 17:30:00,Downtown,Learning & Careers,Technology,upcoming,Free,Hartford Public Library,https://programs.hplct.org/events,https://hplct.libnet.info/event/16387513,Adults
hpl:17081746:2026-11-12 16:00:00,Thursday Fun Zone,Join us on Thursdays for a different themed activity or craft! For ages 6-12.,2026-11-12 16:00:00,2026-11-12 17:00:00,Camp Field Library,Arts & Culture,Arts,upcoming,Free,Hartford Public Library,https://programs.hplct.org/events,https://hplct.libnet.info/event/17081746,Youth
hpl:17478739:2026-11-12 17:00:00,YOGA,"Join us for a relaxing yoga session designed to improve flexibility, balance, strength, and mindfulness. All experience levels are welcome. Registration not required.",2026-11-12 17:00:00,2026-11-12 18:00:00,Park Street Library @ The Lyric,Sports & Games | Health & Wellness,Health & Wellness,upcoming,Free,Hartford Public Library,https://programs.hplct.org/events,https://hplct.libnet.info/event/17478739,Adults
hpl:17497752:2026-11-12 17:30:00,ESL Classes,Adult Education English as a Second Language,2026-11-12 17:30:00,2026-11-12 19:30:00,Downtown,Arts & Culture | Learning & Careers,TAP | Reading & Writing,upcoming,Free,Hartford Public Library,https://programs.hplct.org/events,https://hplct.libnet.info/event/17497752,Adults
hpl:17350666:2026-11-12 17:30:00,ServSafe Food Manager Certification,Earn your ServSafe Food Manager certification at no cost in this free course covering advanced food safety and Connecticut law compliance. Step up. Lead Hartford's food service businesses.,2026-11-12 17:30:00,2026-11-12 19:30:00,Downtown,Food & Restaurants | Learning & Careers,Job Training | Career,upcoming,Free,Hartford Public Library,https://programs.hplct.org/events,https://hplct.libnet.info/event/17350666,Adults
hpl:17210493:2026-11-13 10:00:00,Family Literacy PACT,Activities for families enrolled in ESL Family Literacy program,2026-11-13 10:00:00,2026-11-13 12:00:00,Downtown,Family & Kids | Learning & Careers,Language | Family,upcoming,Free,Hartford Public Library,https://programs.hplct.org/events,https://hplct.libnet.info/event/17210493,"Family, Adults"
hpl:17410013:2026-11-13 11:00:00,Beaded Bracelets,Are you looking for a new hobby? Join us as we explore the art of jewelry making. All of the supplies will be provided. Registation is required.,2026-11-13 11:00:00,2026-11-13 12:00:00,Downtown,Sports & Games | Arts & Culture,Arts,upcoming,Free,Hartford Public Library,https://programs.hplct.org/events,https://hplct.libnet.info/event/17410013,Adults
hpl:17236523:2026-11-13 12:00:00,Community Challenge,"Wrap up the week with interactive Kahoot! trivia, team-building games, creative challenges, and group activities that encourage collaboration, communication, and fun.",2026-11-13 12:00:00,2026-11-13 15:00:00,Albany Library,Sports & Games | Community & Volunteering,Community,upcoming,Free,Hartford Public Library,https://programs.hplct.org/events,https://hplct.libnet.info/event/17236523,Teens
hpl:17236620:2026-11-13 12:00:00,Hear Me Out: Debate Club,"Hear Me Out provides students with a space to explore relevant topics, develop opinions, and practice expressing their ideas in a respectful and structured environment.",2026-11-13 12:00:00,2026-11-13 15:00:00,Albany Library,Community & Volunteering | Outdoors & Nature,Community | Civic Engagement,upcoming,Free,Hartford Public Library,https://programs.hplct.org/events,https://hplct.libnet.info/event/17236620,Teens
hpl:17236543:2026-11-13 13:00:00,Monster of the Week,"Join your friends, get your gear and roll the dice to defeat monsters using different storytelling games like Dungeons & Dragons, Fallout, Savage Worlds, and more!",2026-11-13 13:00:00,2026-11-13 16:00:00,Albany Library,Sports & Games | Community & Volunteering,Community,upcoming,Free,Hartford Public Library,https://programs.hplct.org/events,https://hplct.libnet.info/event/17236543,Teens
hpl:17252934:2026-11-13 14:00:00,Fidget Toy Workshop @ YOUmedia,"Explore a variety of 3D-printed fidget toys, discover how they work, and customize one to make it your own. Mix, match, experiment, and create a fidget that fits your style.",2026-11-13 14:00:00,2026-11-13 16:00:00,Downtown,Learning & Careers,Technology | STEM | Arts,upcoming,Free,Hartford Public Library,https://programs.hplct.org/events,https://hplct.libnet.info/event/17252934,Teens
hpl:17251773:2026-11-13 14:30:00,DJ Foundation Lab @ YOUmedia,"Learn the fundamentals of DJing through hands-on experience with professional equipment and software. Explore beatmatching, transitions, music selection, and performance skills.",2026-11-13 14:30:00,2026-11-13 16:30:00,Downtown,Music & Nightlife | Health & Wellness | Learning & Careers,Technology | STEM | Career | Arts,upcoming,Free,Hartford Public Library,https://programs.hplct.org/events,https://hplct.libnet.info/event/17251773,Teens
hpl:17517669:2026-11-13 16:00:00,Homework Hub,Need some extra help with homework? Stop by after school for support with assignments and studying. For ages 6-12.,2026-11-13 16:00:00,2026-11-13 17:00:00,Camp Field Library,Arts & Culture | Family & Kids,STEM | Reading & Writing,upcoming,Free,Hartford Public Library,https://programs.hplct.org/events,https://hplct.libnet.info/event/17517669,"Youth, Family"
hartfordcom:101090:2026-11-14,Holiday Enchantment at the CT Science Center,"Holiday Enchantment at the CT Science Center at Connecticut Science Center. Open the event listing for description, cost, times, and registration.",2026-11-14,,Connecticut Science Center,Other & General,,upcoming,Check event listing,Hartford.com,https://hartford.com/events/,https://hartford.com/calendar/holiday-enchantment-at-the-ct-science-center/?occurrence=2026-11-14,Check event listing
hpl:16811411:2026-11-14 09:30:00,ESL Classes,English as a second language classes for adults. Registered students only. Please contact ESL@hplct.org for more information.,2026-11-14 09:30:00,2026-11-14 12:30:00,Downtown,Arts & Culture | Learning & Careers | Community & Volunteering,Reading & Writing | Language | Civic Engagement | Career,upcoming,Free,Hartford Public Library,https://programs.hplct.org/events,https://hplct.libnet.info/event/16811411,Adults
hpl:16810121:2026-11-14 09:30:00,ESL Classes,English as a second language classes for adults. Registered students only. Please contact ESL@hplct.org for more information.,2026-11-14 09:30:00,2026-11-14 12:30:00,Downtown,Arts & Culture | Learning & Careers | Community & Volunteering,Reading & Writing | Language | Civic Engagement | Career,upcoming,Free,Hartford Public Library,https://programs.hplct.org/events,https://hplct.libnet.info/event/16810121,Adults
hpl:16810056:2026-11-14 09:30:00,ESL Classes,English as a second language classes for adults. Registered students only. Please contact ESL@hplct.org for more information.,2026-11-14 09:30:00,2026-11-14 12:30:00,Downtown,Arts & Culture | Learning & Careers | Community & Volunteering,Reading & Writing | Language | Civic Engagement | Career,upcoming,Free,Hartford Public Library,https://programs.hplct.org/events,https://hplct.libnet.info/event/16810056,Adults
hpl:16810772:2026-11-14 09:30:00,ESL Classes,English as a second language classes for adults. Registered students only. Please contact ESL@hplct.org for more information.,2026-11-14 09:30:00,2026-11-14 12:30:00,Downtown,Arts & Culture | Learning & Careers | Community & Volunteering,Reading & Writing | Language | Civic Engagement | Career,upcoming,Free,Hartford Public Library,https://programs.hplct.org/events,https://hplct.libnet.info/event/16810772,Adults
hpl:17484097:2026-11-14 09:30:00,GED Learning Circles,"Instructor-led small group study support toward the Science, Social Studies, Mathematical Reasoning, and Language Arts GED subject tests, utilizing GED prep software provided by the Library.",2026-11-14 09:30:00,2026-11-14 11:00:00,Downtown,Arts & Culture | Learning & Careers,STEM | Reading & Writing,upcoming,Free,Hartford Public Library,https://programs.hplct.org/events,https://hplct.libnet.info/event/17484097,Adults
hpl:17484132:2026-11-14 11:00:00,GED Learning Circles,"Instructor-led small group study support toward the Science, Social Studies, Mathematical Reasoning, and Language Arts GED subject tests, utilizing GED prep software provided by the Library.",2026-11-14 11:00:00,2026-11-14 12:30:00,Downtown,Arts & Culture | Learning & Careers,STEM | Reading & Writing,upcoming,Free,Hartford Public Library,https://programs.hplct.org/events,https://hplct.libnet.info/event/17484132,Adults
hpl:16693300:2026-11-14 12:00:00,Pearson Test Center examinations,Testing in the Downtown Library's Pearson Test Center. By registration in advance only.,2026-11-14 12:00:00,2026-11-14 17:30:00,Downtown,Learning & Careers,Technology | Career,upcoming,Free,Hartford Public Library,https://programs.hplct.org/events,https://hplct.libnet.info/event/16693300,Adults
hpl:17484167:2026-11-14 12:30:00,Math Class,"Math classes offered in collaboration with Learn for Life, Inc. for adult students working to enhance workplace skills, prepare for the GED, or get ready for college",2026-11-14 12:30:00,2026-11-14 14:30:00,Downtown,Learning & Careers,STEM,upcoming,Free,Hartford Public Library,https://programs.hplct.org/events,https://hplct.libnet.info/event/17484167,Adults
hpl:17264465:2026-11-14 13:00:00,Citizenship Class,Classes for adult Green Card holders studying for the 128-question version of the civics test for U.S. citizenship and other key components of the naturalization interview.,2026-11-14 13:00:00,2026-11-14 16:00:00,Downtown,Arts & Culture | Learning & Careers | Community & Volunteering,Reading & Writing | Language | Civic Engagement,upcoming,Free,Hartford Public Library,https://programs.hplct.org/events,https://hplct.libnet.info/event/17264465,Adults
hpl:16812790:2026-11-14 13:15:00,ESL ServSafe,ServSafe training for registered ESL students only. Contact ESL@hplct.org for more information.,2026-11-14 13:15:00,2026-11-14 15:15:00,Downtown,Learning & Careers,Language | Career,upcoming,Free,Hartford Public Library,https://programs.hplct.org/events,https://hplct.libnet.info/event/16812790,Adults
hpl:17168099:2026-11-16 00:00:00,The Puzzle Place for Teens,"Take a break, unwind, and help complete our community puzzle! Drop in anytime to add a few pieces, meet other teens, or enjoy a quiet brain break.",2026-11-16 00:00:00,2026-11-16 23:59:00,Ropkins Library,Sports & Games | Family & Kids | Community & Volunteering,STEM | Community,upcoming,Free,Hartford Public Library,https://programs.hplct.org/events,https://hplct.libnet.info/event/17168099,Teens
hpl:16693206:2026-11-16 09:30:00,Pearson Test Center examination,Testing in the Downtown Library's Pearson Test Center. By registration in advance only.,2026-11-16 09:30:00,2026-11-16 15:30:00,Downtown,Learning & Careers,Technology | Career,upcoming,Free,Hartford Public Library,https://programs.hplct.org/events,https://hplct.libnet.info/event/16693206,Adults
hpl:16841079:2026-11-16 11:00:00,Everyday Tech Help,"Need help with your phone, tablet, computer, or online services?",2026-11-16 11:00:00,2026-11-16 12:00:00,Barbour Library,Learning & Careers | Community & Volunteering,Technology | STEM | Media | Community,upcoming,Free,Hartford Public Library,https://programs.hplct.org/events,https://hplct.libnet.info/event/16841079,Adults
hpl:17139481:2026-11-16 11:00:00,First Steps in Music,This joyful early childhood experience ignites a spark for a lifetime of learning and musical appreciation.,2026-11-16 11:00:00,2026-11-16 12:00:00,HPL: Downtown Library,Music & Nightlife | Learning & Careers | Outdoors & Nature,Leap into Learning | Arts,upcoming,Free,Hartford Public Library,https://programs.hplct.org/events,https://hplct.libnet.info/event/17139481,Family
hpl:17483164:2026-11-16 12:30:00,Math Class,"Math classes offered in collaboration with Learn for Life, Inc. for adult students working to enhance workplace skills, prepare for the GED, or get ready for college",2026-11-16 12:30:00,2026-11-16 14:30:00,Downtown,Learning & Careers,STEM,upcoming,Free,Hartford Public Library,https://programs.hplct.org/events,https://hplct.libnet.info/event/17483164,Adults
hpl:17491059:2026-11-16 14:30:00,Next Steps for College for English Learners,"This program supports high school English Learners in grades 11-12 as they develop English language proficiency, achieve academic success, and prepare for college and career pathways.",2026-11-16 14:30:00,2026-11-16 16:30:00,Downtown,Arts & Culture | Family & Kids | Learning & Careers,STEM | Reading & Writing | Language,archived,Free,Hartford Public Library,https://programs.hplct.org/events,https://hplct.libnet.info/event/17491059,Teens
hpl:17491230:2026-11-16 14:30:00,Next Steps for College for English Learners,"This program supports high school English Learners in grades 11-12 as they develop English language proficiency, achieve academic success, and prepare for college and career pathways.",2026-11-16 14:30:00,2026-11-16 16:30:00,Downtown,Arts & Culture | Family & Kids | Learning & Careers,TAP | STEM | Reading & Writing | Language,upcoming,Free,Hartford Public Library,https://programs.hplct.org/events,https://hplct.libnet.info/event/17491230,Teens
hpl:17251423:2026-11-16 15:00:00,Brick by Brick,"Learn LEGO building through hands-on creative challenges, individual projects, and team builds. Explore design, engineering, structure, and storytelling while developing problem-solving and teamwork.",2026-11-16 15:00:00,2026-11-16 17:00:00,Downtown,Family & Kids | Learning & Careers | Community & Volunteering,STEM | Community | Career | Arts,upcoming,Free,Hartford Public Library,https://programs.hplct.org/events,https://hplct.libnet.info/event/17251423,Teens
hpl:17235904:2026-11-16 15:00:00,Hands-On Design,"Teens decorate and personalize their own t-shirts, hats, bags, and more using popular tools like Cricut machines, heat presses, and embroidery.",2026-11-16 15:00:00,2026-11-16 17:00:00,Albany Library,Family & Kids,STEM | Arts,upcoming,Free,Hartford Public Library,https://programs.hplct.org/events,https://hplct.libnet.info/event/17235904,Teens
hpl:17235944:2026-11-16 15:00:00,Make It Monday,"a hands-on creative arts program featuring small-scale projects such as zines, jewelry, paintings, collages, and other mini crafts.",2026-11-16 15:00:00,2026-11-16 17:00:00,Albany Library,Arts & Culture,Media | Arts,upcoming,Free,Hartford Public Library,https://programs.hplct.org/events,https://hplct.libnet.info/event/17235944,Teens
hpl:17202318:2026-11-16 15:00:00,Native American Paper Ribbon Skirts,Celebrate Native American Heritage Month with a paper ribbon skirt craft inspired by What Your Ribbon Skirt Means to Me by Alexis Bunten.,2026-11-16 15:00:00,2026-11-16 16:00:00,Dwight Library,Arts & Culture,Arts,upcoming,Free,Hartford Public Library,https://programs.hplct.org/events,https://hplct.libnet.info/event/17202318,Youth
hpl:17235884:2026-11-16 15:00:00,STEAM & Maker Lab,"Teens explore hands-on STEM projects using technology, engineering, and creative problem-solving. Activities include 3D printing, coding, electronics, and collaborative maker challenges.",2026-11-16 15:00:00,2026-11-16 17:00:00,Albany Library,Family & Kids | Learning & Careers,Technology | STEM,upcoming,Free,Hartford Public Library,https://programs.hplct.org/events,https://hplct.libnet.info/event/17235884,Teens
hpl:17165184:2026-11-16 15:30:00,Homework Heroes,"Need a little extra support? Stop by after school for help with homework, reading, and school assignments in a welcoming environment. Children under 12 must be accompanied by a parent or caregiver.",2026-11-16 15:30:00,2026-11-16 16:00:00,Ropkins Library,Arts & Culture | Family & Kids | Outdoors & Nature,STEM | Reading & Writing,upcoming,Free,Hartford Public Library,https://programs.hplct.org/events,https://hplct.libnet.info/event/17165184,"Youth, Family"
hpl:17165285:2026-11-16 15:45:00,Fall Into Creativity,"Join Ms. Linda at the Ropkins Library every Monday to explore your creativity with a fun, hands-on craft. Enjoy a different project each week in a relaxed and welcoming environment.",2026-11-16 15:45:00,2026-11-16 16:15:00,Ropkins Library,Arts & Culture | Family & Kids | Outdoors & Nature,Family | Arts,upcoming,Free,Hartford Public Library,https://programs.hplct.org/events,https://hplct.libnet.info/event/17165285,"Youth, Family"
hpl:17517670:2026-11-16 16:00:00,Homework Hub,Need some extra help with homework? Stop by after school for support with assignments and studying. For ages 6-12.,2026-11-16 16:00:00,2026-11-16 17:00:00,Camp Field Library,Arts & Culture | Family & Kids,STEM | Reading & Writing,upcoming,Free,Hartford Public Library,https://programs.hplct.org/events,https://hplct.libnet.info/event/17517670,"Youth, Family"
hpl:16861109:2026-11-16 17:00:00,Math Class,"Math classes offered in collaboration with Learn for Life, Inc. for adult students working to enhance workplace skills, prepare for the GED, or get ready for college",2026-11-16 17:00:00,2026-11-16 19:00:00,Downtown,Learning & Careers,STEM | Career,upcoming,Free,Hartford Public Library,https://programs.hplct.org/events,https://hplct.libnet.info/event/16861109,Adults
hpl:17536150:2026-11-16 18:30:00,Intro to Podcasting with DJ B Davis,Intro to Podcasting Workshop through HPL Studios with B Davis,2026-11-16 18:30:00,2026-11-16 20:00:00,Downtown,Music & Nightlife | Learning & Careers,Technology | Media | Arts,upcoming,Free,Hartford Public Library,https://programs.hplct.org/events,https://hplct.libnet.info/event/17536150,"Teens, Adults"
hpl:17168100:2026-11-17 00:00:00,The Puzzle Place for Teens,"Take a break, unwind, and help complete our community puzzle! Drop in anytime to add a few pieces, meet other teens, or enjoy a quiet brain break.",2026-11-17 00:00:00,2026-11-17 23:59:00,Ropkins Library,Sports & Games | Family & Kids | Community & Volunteering,STEM | Community,upcoming,Free,Hartford Public Library,https://programs.hplct.org/events,https://hplct.libnet.info/event/17168100,Teens
hpl:17478783:2026-11-17 09:30:00,DSS: Department of Social Service,Do you have questions about your DSS account? The Connecticut Department of Social Services is available to assist you. No appointments required.,2026-11-17 09:30:00,2026-11-17 14:00:00,Park Street Library @ The Lyric,Health & Wellness,Health & Wellness,upcoming,Free,Hartford Public Library,https://programs.hplct.org/events,https://hplct.libnet.info/event/17478783,Adults
hpl:16809307:2026-11-17 09:30:00,ESL Classes,English as a second language classes. Registered students only. Please contact ESL@hplct.org for more information.,2026-11-17 09:30:00,2026-11-17 12:00:00,Downtown,Arts & Culture | Learning & Careers | Community & Volunteering,Reading & Writing | Language | Civic Engagement | Career,upcoming,Free,Hartford Public Library,https://programs.hplct.org/events,https://hplct.libnet.info/event/16809307,Adults
hpl:16809912:2026-11-17 09:30:00,ESL Classes,English as a second language classes for adults. Registered students only. Please contact ESL@hplct.org for more information.,2026-11-17 09:30:00,2026-11-17 12:00:00,Downtown,Arts & Culture | Learning & Careers | Community & Volunteering,Reading & Writing | Language | Civic Engagement | Career,upcoming,Free,Hartford Public Library,https://programs.hplct.org/events,https://hplct.libnet.info/event/16809912,Adults
hpl:16809743:2026-11-17 09:30:00,ESL Classes,English as a second language classes for adults. Registered students only. Please contact ESL@hplct.org for more information.,2026-11-17 09:30:00,2026-11-17 12:00:00,Downtown,Arts & Culture | Learning & Careers | Community & Volunteering,Reading & Writing | Language | Civic Engagement | Career,upcoming,Free,Hartford Public Library,https://programs.hplct.org/events,https://hplct.libnet.info/event/16809743,Adults
hpl:16809596:2026-11-17 09:30:00,ESL Classes,English as a second language classes for adults. Registered students only. Please contact ESL@hplct.org for more information.,2026-11-17 09:30:00,2026-11-17 12:00:00,Downtown,Arts & Culture | Learning & Careers | Community & Volunteering,Reading & Writing | Language | Civic Engagement | Career,upcoming,Free,Hartford Public Library,https://programs.hplct.org/events,https://hplct.libnet.info/event/16809596,Adults
hpl:17463659:2026-11-17 10:00:00,Everyday Tech,Are you looking to finally understand your device or boost your computer skills for work?,2026-11-17 10:00:00,2026-11-17 11:00:00,Dwight Library,Learning & Careers,Technology,upcoming,Free,Hartford Public Library,https://programs.hplct.org/events,https://hplct.libnet.info/event/17463659,Adults
hpl:17537035:2026-11-17 11:00:00,"Bingo, Books & Brews","This monthly series combines the excitement of bingo with the sophistication of a curated tea tasting, offering a perfect blend of fun and relaxation.",2026-11-17 11:00:00,2026-11-17 12:00:00,Albany Library,Food & Restaurants | Arts & Culture | Community & Volunteering,Community,upcoming,Free,Hartford Public Library,https://programs.hplct.org/events,https://hplct.libnet.info/event/17537035,Adults
hpl:17243714:2026-11-17 11:00:00,Resource Day,"Join us on every 3rd Tuesday of the month for our resource day, featuring partnering organizations throughout the city of Hartford. It's a one stop hub!",2026-11-17 11:00:00,2026-11-17 14:00:00,Park Street Library @ The Lyric,Health & Wellness | Learning & Careers | Community & Volunteering,Health & Wellness | Community | Career,upcoming,Free,Hartford Public Library,https://programs.hplct.org/events,https://hplct.libnet.info/event/17243714,Adults
hpl:17077428:2026-11-17 11:00:00,Story Time,"Come to the library for stories, songs, and fingerplays! For children ages birth through five with caregiver.",2026-11-17 11:00:00,2026-11-17 11:45:00,Camp Field Library,Family & Kids,Storytime,upcoming,Free,Hartford Public Library,https://programs.hplct.org/events,https://hplct.libnet.info/event/17077428,"Youth, Family"
hpl:17463660:2026-11-17 14:00:00,Everyday Tech,Are you looking to finally understand your device or boost your computer skills for work?,2026-11-17 14:00:00,2026-11-17 15:00:00,Dwight Library,Learning & Careers,Technology,upcoming,Free,Hartford Public Library,https://programs.hplct.org/events,https://hplct.libnet.info/event/17463660,Adults
hpl:17491692:2026-11-17 14:30:00,English Learners Success,"This program supports high school English Learners through engaging, project-based instruction that strengthens English language proficiency, academic success, and college and career readiness.",2026-11-17 14:30:00,2026-11-17 16:30:00,Downtown,Arts & Culture | Family & Kids | Learning & Careers,TAP | STEM | Reading & Writing | Language,upcoming,Free,Hartford Public Library,https://programs.hplct.org/events,https://hplct.libnet.info/event/17491692,Teens
hpl:17251774:2026-11-17 15:00:00,DJ Foundation Lab @ YOUmedia,"Learn the fundamentals of DJing through hands-on experience with professional equipment and software. Explore beatmatching, transitions, music selection, and performance skills.",2026-11-17 15:00:00,2026-11-17 17:00:00,Downtown,Music & Nightlife | Health & Wellness | Learning & Careers,Technology | STEM | Career | Arts,upcoming,Free,Hartford Public Library,https://programs.hplct.org/events,https://hplct.libnet.info/event/17251774,Teens
hpl:17236254:2026-11-17 15:00:00,Games & Strategy,"Build critical thinking and teamwork through friendly competition. Participants can play chess, dominoes, Ludo, Nintendo Switch games, and other strategy-based board and video games.",2026-11-17 15:00:00,2026-11-17 17:00:00,Albany Library,Sports & Games,Media,upcoming,Free,Hartford Public Library,https://programs.hplct.org/events,https://hplct.libnet.info/event/17236254,Teens
hpl:17337759:2026-11-17 15:00:00,Pearson Test Center testing,"Pearson testing in the West Middle test center (44 Niles Street). Registered testers only. If you have questions or require assistance the day of your testing appointment, please call (860) 331-9538.",2026-11-17 15:00:00,2026-11-17 20:00:00,West Middle School Branch,Outdoors & Nature,TAP,upcoming,Free,Hartford Public Library,https://programs.hplct.org/events,https://hplct.libnet.info/event/17337759,Adults
hpl:17236292:2026-11-17 15:00:00,Picture This,A photography-focused program taking students through the creative process from pre-production and shooting to editing and post-production.,2026-11-17 15:00:00,2026-11-17 17:00:00,Albany Library,Learning & Careers,Technology | Media | Arts,upcoming,Free,Hartford Public Library,https://programs.hplct.org/events,https://hplct.libnet.info/event/17236292,Teens
hpl:17236274:2026-11-17 15:00:00,Self Care Sesh,"Give yourself some room to breathe while participating in relaxing activities like journaling, DIY self-care products, drawing and painting.",2026-11-17 15:00:00,2026-11-17 17:00:00,Albany Library,Community & Volunteering,Community | Arts,upcoming,Free,Hartford Public Library,https://programs.hplct.org/events,https://hplct.libnet.info/event/17236274,Teens
hpl:17251501:2026-11-17 15:30:00,Characters in Motion,Bring your characters to life! Teens will explore comic art and animation while developing their visual story-telling skills.,2026-11-17 15:30:00,2026-11-17 16:30:00,Downtown,Arts & Culture | Family & Kids | Learning & Careers,Technology | STEM | Career | Arts,upcoming,Free,Hartford Public Library,https://programs.hplct.org/events,https://hplct.libnet.info/event/17251501,Teens
hpl:17165461:2026-11-17 15:30:00,Fall STEM Adventures,"Discover, build, and explore! Join us each week for hands-on STEM activities that encourage creativity, critical thinking, and problem-solving.",2026-11-17 15:30:00,2026-11-17 16:15:00,Ropkins Library,Other & General,STEM,upcoming,Free,Hartford Public Library,https://programs.hplct.org/events,https://hplct.libnet.info/event/17165461,"Youth, Family"
hpl:17165185:2026-11-17 15:30:00,Homework Heroes,"Need a little extra support? Stop by after school for help with homework, reading, and school assignments in a welcoming environment. Children under 12 must be accompanied by a parent or caregiver.",2026-11-17 15:30:00,2026-11-17 16:00:00,Ropkins Library,Arts & Culture | Family & Kids | Outdoors & Nature,STEM | Reading & Writing,upcoming,Free,Hartford Public Library,https://programs.hplct.org/events,https://hplct.libnet.info/event/17165185,"Youth, Family"
hpl:17077666:2026-11-17 16:00:00,Craft Corner,Get crafty at the Camp Field Library! Children ages 6-12 are invited to explore their creativity by making a fun craft every week.,2026-11-17 16:00:00,2026-11-17 17:00:00,Camp Field Library,Arts & Culture | Family & Kids,Arts,upcoming,Free,Hartford Public Library,https://programs.hplct.org/events,https://hplct.libnet.info/event/17077666,Youth
hpl:16671877:2026-11-17 16:00:00,GED Learning Circles,"Instructor-led small group study support toward the Science, Social Studies, Mathematical Reasoning, and Language Arts GED subject tests, utilizing GED prep software provided by the Library.",2026-11-17 16:00:00,2026-11-17 17:30:00,Downtown,Arts & Culture | Learning & Careers,Technology | STEM | Reading & Writing,upcoming,Free,Hartford Public Library,https://programs.hplct.org/events,https://hplct.libnet.info/event/16671877,Adults
hpl:16908994:2026-11-17 17:00:00,Financial Literacy: 1-on-1 Coaching,"One-on-one money management skills coaching at the Downtown Library in Spanish or in English, by appointment. For more information, call/text (860) 256-9856",2026-11-17 17:00:00,2026-11-17 18:00:00,Downtown,Learning & Careers | Community & Volunteering,Education | Education | Community | Civic Engagement,upcoming,Free,Hartford Public Library,https://programs.hplct.org/events,https://hplct.libnet.info/event/16908994,Adults
hpl:17432586:2026-11-17 17:30:00,"""Level Up"": Sharpen Your Writing, Get Better Opportunities","Whether you’re writing a college essay, tackling a research paper, polishing a resume, or trying to communicate more effectively, strong writing skills can open doors.",2026-11-17 17:30:00,2026-11-17 19:30:00,Hartford Public Library\'s Downtown Library,Arts & Culture | Learning & Careers | Community & Volunteering,Reading & Writing | Job Training | Education | Education | Community,upcoming,Free,Hartford Public Library,https://programs.hplct.org/events,https://hplct.libnet.info/event/17432586,"Teens, Adults"
hpl:17497632:2026-11-17 17:30:00,ESL Classes,Adult Education English as a Second Language,2026-11-17 17:30:00,2026-11-17 19:30:00,Downtown,Arts & Culture | Learning & Careers,TAP | Reading & Writing,upcoming,Free,Hartford Public Library,https://programs.hplct.org/events,https://hplct.libnet.info/event/17497632,Adults
hpl:16671938:2026-11-17 17:30:00,GED Learning Circles,"Instructor-led small group study support toward the Science, Social Studies, Mathematical Reasoning, and Language Arts GED subject tests, utilizing GED prep software provided by the Library.",2026-11-17 17:30:00,2026-11-17 19:00:00,Downtown,Arts & Culture | Learning & Careers,Technology | STEM | Reading & Writing,upcoming,Free,Hartford Public Library,https://programs.hplct.org/events,https://hplct.libnet.info/event/16671938,Adults
hpl:17350667:2026-11-17 17:30:00,ServSafe Food Manager Certification,Earn your ServSafe Food Manager certification at no cost in this free course covering advanced food safety and Connecticut law compliance. Step up. Lead Hartford's food service businesses.,2026-11-17 17:30:00,2026-11-17 19:30:00,Downtown,Food & Restaurants | Learning & Careers,Job Training | Career,upcoming,Free,Hartford Public Library,https://programs.hplct.org/events,https://hplct.libnet.info/event/17350667,Adults
hpl:16904698:2026-11-17 19:00:00,HPL Scriptwriters' Circle,"HPL STUDIOS presents a roundtable for writers to share ideas and material from their feature, short film, web series, sketch or scripted audio project with peers.",2026-11-17 19:00:00,2026-11-17 20:30:00,Downtown,Arts & Culture,Reading & Writing | Media | Arts,upcoming,Free,Hartford Public Library,https://programs.hplct.org/events,https://hplct.libnet.info/event/16904698,Adults
hpl:17168101:2026-11-18 00:00:00,The Puzzle Place for Teens,"Take a break, unwind, and help complete our community puzzle! Drop in anytime to add a few pieces, meet other teens, or enjoy a quiet brain break.",2026-11-18 00:00:00,2026-11-18 23:59:00,Ropkins Library,Sports & Games | Family & Kids | Community & Volunteering,STEM | Community,upcoming,Free,Hartford Public Library,https://programs.hplct.org/events,https://hplct.libnet.info/event/17168101,Teens
hpl:16806807:2026-11-18 09:30:00,English for All,Guided online learning for English as a second language,2026-11-18 09:30:00,2026-11-18 12:00:00,Downtown,Arts & Culture | Learning & Careers,Reading & Writing | Language,upcoming,Free,Hartford Public Library,https://programs.hplct.org/events,https://hplct.libnet.info/event/16806807,Adults
hpl:16812352:2026-11-18 09:30:00,ESL ServSafe,ServSafe training for registered ESL students only. Contact ESL@hplct.org for more information. Description,2026-11-18 09:30:00,2026-11-18 12:00:00,Downtown,Learning & Careers,Language | Career,upcoming,Free,Hartford Public Library,https://programs.hplct.org/events,https://hplct.libnet.info/event/16812352,Adults
hpl:17484340:2026-11-18 09:30:00,GED Learning Circles,"Instructor-led small group study support toward the Science, Social Studies, Mathematical Reasoning, and Language Arts GED subject tests, utilizing GED prep software provided by the Library.",2026-11-18 09:30:00,2026-11-18 11:00:00,Downtown,Arts & Culture | Learning & Careers,STEM | Reading & Writing,upcoming,Free,Hartford Public Library,https://programs.hplct.org/events,https://hplct.libnet.info/event/17484340,Adults
hpl:17426976:2026-11-18 10:00:00,Placement and Progress Testing for Library Programs,"Computerized placement and progress testing for participants in GED prep, citizenship prep, English classes, and other Library educational programs",2026-11-18 10:00:00,2026-11-18 13:00:00,Downtown,Learning & Careers,TAP,upcoming,Free,Hartford Public Library,https://programs.hplct.org/events,https://hplct.libnet.info/event/17426976,Adults
hpl:17484357:2026-11-18 11:00:00,GED Learning Circles,"Instructor-led small group study support toward the Science, Social Studies, Mathematical Reasoning, and Language Arts GED subject tests, utilizing GED prep software provided by the Library.",2026-11-18 11:00:00,2026-11-18 12:30:00,Downtown,Arts & Culture | Learning & Careers,STEM | Reading & Writing,upcoming,Free,Hartford Public Library,https://programs.hplct.org/events,https://hplct.libnet.info/event/17484357,Adults
hpl:17484471:2026-11-18 12:30:00,Math Class,"Math classes offered in collaboration with Learn for Life, Inc. for adult students working to enhance workplace skills, prepare for the GED, or get ready for college",2026-11-18 12:30:00,2026-11-18 14:30:00,Downtown,Learning & Careers,STEM,upcoming,Free,Hartford Public Library,https://programs.hplct.org/events,https://hplct.libnet.info/event/17484471,Adults
hpl:17202385:2026-11-18 14:30:00,"3-D Printing, Thingiverse, & You","Explore the ginormous community database of 3-D print design, Thingiverse, and select one to be printed at the library. (Prints to be picked up in the following days.)",2026-11-18 14:30:00,2026-11-18 15:30:00,Dwight Library,Learning & Careers | Community & Volunteering,Technology | STEM,upcoming,Free,Hartford Public Library,https://programs.hplct.org/events,https://hplct.libnet.info/event/17202385,Teens
hpl:17242177:2026-11-18 14:30:00,Next Steps for College for English Learners,"This program supports high school English Learners in grades 11-12 as they develop English language proficiency, achieve academic success, and prepare for college and career pathways.",2026-11-18 14:30:00,2026-11-18 17:00:00,Downtown,Arts & Culture | Family & Kids | Learning & Careers,STEM | Reading & Writing | Language,archived,Free,Hartford Public Library,https://programs.hplct.org/events,https://hplct.libnet.info/event/17242177,Teens
hpl:17491402:2026-11-18 14:30:00,Next Steps for College for English Learners,"This program supports high school English Learners in grades 11-12 as they develop English language proficiency, achieve academic success, and prepare for college and career pathways.",2026-11-18 14:30:00,2026-11-18 16:30:00,Downtown,Arts & Culture | Family & Kids | Learning & Careers,TAP | STEM | Reading & Writing | Language,upcoming,Free,Hartford Public Library,https://programs.hplct.org/events,https://hplct.libnet.info/event/17491402,Teens
hpl:17236388:2026-11-18 15:00:00,Creative Writing 101,"Learn skills like character and narrative design, world building, and writing real dialogue to bring your stories to life.",2026-11-18 15:00:00,2026-11-18 17:00:00,Albany Library,Arts & Culture | Learning & Careers | Community & Volunteering,Reading & Writing | Community | Arts,upcoming,Free,Hartford Public Library,https://programs.hplct.org/events,https://hplct.libnet.info/event/17236388,Teens
hpl:17236374:2026-11-18 15:00:00,Film & Digital Media,"Learn the fundamentals of filmmaking, photography, editing, animation, and visual effects. Teens will create short films, experiment with cameras and editing software, and develop storytelling skills.",2026-11-18 15:00:00,2026-11-18 17:00:00,Albany Library,Arts & Culture | Health & Wellness | Family & Kids | Learning & Careers,Technology | Media | Arts,upcoming,Free,Hartford Public Library,https://programs.hplct.org/events,https://hplct.libnet.info/event/17236374,Teens
hpl:17252367:2026-11-18 15:00:00,Game Design @ YOUmedia,"We’re continuing to create games for the PC and VR. Join in, add your inspiration and learn some new skills! We’ll be using the Unity Game engine.",2026-11-18 15:00:00,2026-11-18 17:00:00,Downtown,Sports & Games | Learning & Careers,Technology | STEM | Media | Career | Arts,upcoming,Free,Hartford Public Library,https://programs.hplct.org/events,https://hplct.libnet.info/event/17252367,Teens
hpl:17337760:2026-11-18 15:00:00,Pearson Test Center testing,"Pearson testing in the West Middle test center (44 Niles Street). Registered testers only. If you have questions or require assistance the day of your testing appointment, please call (860) 331-9538.",2026-11-18 15:00:00,2026-11-18 20:00:00,West Middle School Branch,Outdoors & Nature,TAP,upcoming,Free,Hartford Public Library,https://programs.hplct.org/events,https://hplct.libnet.info/event/17337760,Adults
hpl:17236405:2026-11-18 15:00:00,Wonder Wednesday,"This program gives students a fun and interactive space to test their knowledge through a variety of games, including throwback trivia, GeoGuessr, pop culture, music, history, and more.",2026-11-18 15:00:00,2026-11-18 17:00:00,Albany Library,Sports & Games | Music & Nightlife | Arts & Culture | Community & Volunteering,Media | Community,upcoming,Free,Hartford Public Library,https://programs.hplct.org/events,https://hplct.libnet.info/event/17236405,Teens
hpl:17252278:2026-11-18 15:30:00,Hands on Adobe,"Get creative with Adobe! Teens will learn the basics of popular Adobe creative programs while experimenting with digital art, graphic design, photo editing, and more.",2026-11-18 15:30:00,2026-11-18 16:30:00,Downtown,Arts & Culture | Family & Kids | Learning & Careers,Technology | STEM | Career | Arts,upcoming,Free,Hartford Public Library,https://programs.hplct.org/events,https://hplct.libnet.info/event/17252278,Teens
hpl:17165757:2026-11-18 15:30:00,"Think, Search & Solve!","Put your thinking skills to the test with fall-themed word searches, I Spy puzzles, mazes, and other fun brain-teasing activities.",2026-11-18 15:30:00,2026-11-18 16:15:00,Ropkins Library,Sports & Games | Family & Kids,STEM | Family,upcoming,Free,Hartford Public Library,https://programs.hplct.org/events,https://hplct.libnet.info/event/17165757,"Youth, Family"
hpl:17082003:2026-11-18 16:00:00,Teen Scene Craft,Teens are welcome to come to the library to make a cool craft or do a fun activity!,2026-11-18 16:00:00,2026-11-18 17:00:00,Camp Field Library,Arts & Culture | Family & Kids,Arts,upcoming,Free,Hartford Public Library,https://programs.hplct.org/events,https://hplct.libnet.info/event/17082003,Teens
hpl:16909019:2026-11-18 17:00:00,Financial Literacy: 1-on-1 Coaching,"One-on-one money management skills coaching at the Downtown Library in Spanish or in English, by appointment. For more information, call/text (860) 256-9856",2026-11-18 17:00:00,2026-11-18 18:00:00,Downtown,Learning & Careers | Community & Volunteering,Education | Education | Community | Civic Engagement,upcoming,Free,Hartford Public Library,https://programs.hplct.org/events,https://hplct.libnet.info/event/16909019,Adults
hpl:16861132:2026-11-18 17:00:00,Math Class,"Math classes offered in collaboration with Learn for Life, Inc. for adult students working to enhance workplace skills, prepare for the GED, or get ready for college",2026-11-18 17:00:00,2026-11-18 19:00:00,Downtown,Learning & Careers,STEM | Career,upcoming,Free,Hartford Public Library,https://programs.hplct.org/events,https://hplct.libnet.info/event/16861132,Adults
hpl:17450899:2026-11-18 17:30:00,Hartford Reads In Color,Join Nzima Hutchings and T'challa Williams of Harford's L.I.T. for their quarterly book discussions. Registration is appreciated but not required.,2026-11-18 17:30:00,2026-11-18 19:30:00,Downtown,Arts & Culture | Community & Volunteering,Reading & Writing | Community,upcoming,Free,Hartford Public Library,https://programs.hplct.org/events,https://hplct.libnet.info/event/17450899,"Teens, Adults"
hpl:17426384:2026-11-18 18:30:00,Intro to Studio Technology,Learn how to operate a professional recording session.,2026-11-18 18:30:00,2026-11-18 20:00:00,Downtown,Music & Nightlife | Learning & Careers,Technology | Media | Job Training | Arts,upcoming,Free,Hartford Public Library,https://programs.hplct.org/events,https://hplct.libnet.info/event/17426384,"Teens, Adults"
hpl:17168102:2026-11-19 00:00:00,The Puzzle Place for Teens,"Take a break, unwind, and help complete our community puzzle! Drop in anytime to add a few pieces, meet other teens, or enjoy a quiet brain break.",2026-11-19 00:00:00,2026-11-19 23:59:00,Ropkins Library,Sports & Games | Family & Kids | Community & Volunteering,STEM | Community,upcoming,Free,Hartford Public Library,https://programs.hplct.org/events,https://hplct.libnet.info/event/17168102,Teens
hpl:16809263:2026-11-19 09:30:00,ESL Classes,English as a second language classes. Registered students only. Please contact ESL@hplct.org for more information.,2026-11-19 09:30:00,2026-11-19 12:00:00,Downtown,Arts & Culture | Learning & Careers | Community & Volunteering,Reading & Writing | Language | Civic Engagement | Career,upcoming,Free,Hartford Public Library,https://programs.hplct.org/events,https://hplct.libnet.info/event/16809263,Adults
hpl:16809597:2026-11-19 09:30:00,ESL Classes,English as a second language classes for adults. Registered students only. Please contact ESL@hplct.org for more information.,2026-11-19 09:30:00,2026-11-19 12:00:00,Downtown,Arts & Culture | Learning & Careers | Community & Volunteering,Reading & Writing | Language | Civic Engagement | Career,upcoming,Free,Hartford Public Library,https://programs.hplct.org/events,https://hplct.libnet.info/event/16809597,Adults
hpl:16809700:2026-11-19 09:30:00,ESL Classes,English as a second language classes for adults. Registered students only. Please contact ESL@hplct.org for more information.,2026-11-19 09:30:00,2026-11-19 12:00:00,Downtown,Arts & Culture | Learning & Careers | Community & Volunteering,Reading & Writing | Language | Civic Engagement | Career,upcoming,Free,Hartford Public Library,https://programs.hplct.org/events,https://hplct.libnet.info/event/16809700,Adults
hpl:16809860:2026-11-19 09:30:00,ESL Classes,English as a second language classes for adults. Registered students only. Please contact ESL@hplct.org for more information.,2026-11-19 09:30:00,2026-11-19 12:00:00,Downtown,Arts & Culture | Learning & Careers | Community & Volunteering,Reading & Writing | Language | Civic Engagement | Career,upcoming,Free,Hartford Public Library,https://programs.hplct.org/events,https://hplct.libnet.info/event/16809860,Adults
hpl:17537137:2026-11-19 11:00:00,Everyday Tech,"Are you interested in improving your basic computer skills, learning how to navigate tech tools or earning a Northstar Digital Certificate? If so, register for our small group tech assistance!",2026-11-19 11:00:00,2026-11-19 12:00:00,Albany Library,Learning & Careers,Technology,upcoming,Free,Hartford Public Library,https://programs.hplct.org/events,https://hplct.libnet.info/event/17537137,Adults
hpl:17417190:2026-11-19 11:00:00,Floral Paintings,Join us for a relaxing hour of painting.,2026-11-19 11:00:00,2026-11-19 12:00:00,Dwight Library,Other & General,Arts,upcoming,Free,Hartford Public Library,https://programs.hplct.org/events,https://hplct.libnet.info/event/17417190,Adults
hpl:17166307:2026-11-19 13:30:00,Teen Takeover,"Take a break, hang out with friends, and meet new people every Thursday! Enjoy a different activity each week—from games and crafts to creative challenges and more.",2026-11-19 13:30:00,2026-11-19 14:30:00,Ropkins Library,Sports & Games | Arts & Culture | Family & Kids | Learning & Careers,Technology | STEM | Arts,upcoming,Free,Hartford Public Library,https://programs.hplct.org/events,https://hplct.libnet.info/event/17166307,Teens
hpl:17491885:2026-11-19 14:30:00,English Learners Success,"This program supports high school English Learners through engaging, project-based instruction that strengthens English language proficiency, academic success, and college and career readiness.",2026-11-19 14:30:00,2026-11-19 16:30:00,Downtown,Arts & Culture | Family & Kids | Learning & Careers,TAP | STEM | Reading & Writing | Language,upcoming,Free,Hartford Public Library,https://programs.hplct.org/events,https://hplct.libnet.info/event/17491885,Teens
hpl:17251424:2026-11-19 15:00:00,Brick by Brick,"Learn LEGO building through hands-on creative challenges, individual projects, and team builds. Explore design, engineering, structure, and storytelling while developing problem-solving and teamwork.",2026-11-19 15:00:00,2026-11-19 17:00:00,Downtown,Family & Kids | Learning & Careers | Community & Volunteering,STEM | Community | Career | Arts,upcoming,Free,Hartford Public Library,https://programs.hplct.org/events,https://hplct.libnet.info/event/17251424,Teens
hpl:17236465:2026-11-19 15:00:00,Creative Arts & Design,"Express creativity through painting, drawing, collage, origami, crafts, button making, and other hands-on art projects while exploring different artistic techniques and styles.",2026-11-19 15:00:00,2026-11-19 17:00:00,Albany Library,Arts & Culture | Community & Volunteering,Community | Arts,upcoming,Free,Hartford Public Library,https://programs.hplct.org/events,https://hplct.libnet.info/event/17236465,Teens
hpl:17236506:2026-11-19 15:00:00,Self Care Lab,"Learn the creative and practical side of personal care through hands-on projects such as making soaps, deodorants, body oils, hair-care products, and other self-care items.",2026-11-19 15:00:00,2026-11-19 17:00:00,Albany Library,Learning & Careers,Arts,upcoming,Free,Hartford Public Library,https://programs.hplct.org/events,https://hplct.libnet.info/event/17236506,Teens
hpl:17252493:2026-11-19 15:30:00,"Create, Sketch & Make @ YOUmedia","Unleash your creativity with hands-on art projects, crafts and sketching. Teens will have opportunities to create indoors and outdoors while exploring new ways to turn inspiration into art.",2026-11-19 15:30:00,2026-11-19 16:30:00,Downtown,Arts & Culture | Family & Kids | Learning & Careers | Outdoors & Nature,STEM | Career | Arts,upcoming,Free,Hartford Public Library,https://programs.hplct.org/events,https://hplct.libnet.info/event/17252493,Teens
hpl:17081747:2026-11-19 16:00:00,Thursday Fun Zone,Join us on Thursdays for a different themed activity or craft! For ages 6-12.,2026-11-19 16:00:00,2026-11-19 17:00:00,Camp Field Library,Arts & Culture,Arts,upcoming,Free,Hartford Public Library,https://programs.hplct.org/events,https://hplct.libnet.info/event/17081747,Youth
hpl:17478740:2026-11-19 17:00:00,YOGA,"Join us for a relaxing yoga session designed to improve flexibility, balance, strength, and mindfulness. All experience levels are welcome. Registration not required.",2026-11-19 17:00:00,2026-11-19 18:00:00,Park Street Library @ The Lyric,Sports & Games | Health & Wellness,Health & Wellness,upcoming,Free,Hartford Public Library,https://programs.hplct.org/events,https://hplct.libnet.info/event/17478740,Adults
hpl:17497753:2026-11-19 17:30:00,ESL Classes,Adult Education English as a Second Language,2026-11-19 17:30:00,2026-11-19 19:30:00,Downtown,Arts & Culture | Learning & Careers,TAP | Reading & Writing,upcoming,Free,Hartford Public Library,https://programs.hplct.org/events,https://hplct.libnet.info/event/17497753,Adults
hpl:17350668:2026-11-19 17:30:00,ServSafe Food Manager Certification,Earn your ServSafe Food Manager certification at no cost in this free course covering advanced food safety and Connecticut law compliance. Step up. Lead Hartford's food service businesses.,2026-11-19 17:30:00,2026-11-19 19:30:00,Downtown,Food & Restaurants | Learning & Careers,Job Training | Career,upcoming,Free,Hartford Public Library,https://programs.hplct.org/events,https://hplct.libnet.info/event/17350668,Adults
hpl:17210494:2026-11-20 10:00:00,Family Literacy PACT,Activities for families enrolled in ESL Family Literacy program,2026-11-20 10:00:00,2026-11-20 12:00:00,Downtown,Family & Kids | Learning & Careers,Language | Family,upcoming,Free,Hartford Public Library,https://programs.hplct.org/events,https://hplct.libnet.info/event/17210494,"Family, Adults"
hpl:14683712:2026-11-20 11:00:00,Family Sensory Storytime,"Ages 5 and under with parents/caregivers. Join Ms Williams for a fun read-along Sensory Storytime. Enjoy sensory play, stories, music, rhymes, and fingerplays.",2026-11-20 11:00:00,2026-11-20 12:00:00,Downtown,Music & Nightlife | Family & Kids | Learning & Careers,Storytime | Leap into Learning,upcoming,Free,Hartford Public Library,https://programs.hplct.org/events,https://hplct.libnet.info/event/14683712,"Youth, Family"
hpl:17236524:2026-11-20 12:00:00,Community Challenge,"Wrap up the week with interactive Kahoot! trivia, team-building games, creative challenges, and group activities that encourage collaboration, communication, and fun.",2026-11-20 12:00:00,2026-11-20 15:00:00,Albany Library,Sports & Games | Community & Volunteering,Community,upcoming,Free,Hartford Public Library,https://programs.hplct.org/events,https://hplct.libnet.info/event/17236524,Teens
hpl:17236621:2026-11-20 12:00:00,Hear Me Out: Debate Club,"Hear Me Out provides students with a space to explore relevant topics, develop opinions, and practice expressing their ideas in a respectful and structured environment.",2026-11-20 12:00:00,2026-11-20 15:00:00,Albany Library,Community & Volunteering | Outdoors & Nature,Community | Civic Engagement,upcoming,Free,Hartford Public Library,https://programs.hplct.org/events,https://hplct.libnet.info/event/17236621,Teens
hpl:17236544:2026-11-20 13:00:00,Monster of the Week,"Join your friends, get your gear and roll the dice to defeat monsters using different storytelling games like Dungeons & Dragons, Fallout, Savage Worlds, and more!",2026-11-20 13:00:00,2026-11-20 16:00:00,Albany Library,Sports & Games | Community & Volunteering,Community,upcoming,Free,Hartford Public Library,https://programs.hplct.org/events,https://hplct.libnet.info/event/17236544,Teens
hpl:17252935:2026-11-20 14:00:00,Fidget Toy Workshop @ YOUmedia,"Explore a variety of 3D-printed fidget toys, discover how they work, and customize one to make it your own. Mix, match, experiment, and create a fidget that fits your style.",2026-11-20 14:00:00,2026-11-20 16:00:00,Downtown,Learning & Careers,Technology | STEM | Arts,upcoming,Free,Hartford Public Library,https://programs.hplct.org/events,https://hplct.libnet.info/event/17252935,Teens
hpl:17251775:2026-11-20 14:30:00,DJ Foundation Lab @ YOUmedia,"Learn the fundamentals of DJing through hands-on experience with professional equipment and software. Explore beatmatching, transitions, music selection, and performance skills.",2026-11-20 14:30:00,2026-11-20 16:30:00,Downtown,Music & Nightlife | Health & Wellness | Learning & Careers,Technology | STEM | Career | Arts,upcoming,Free,Hartford Public Library,https://programs.hplct.org/events,https://hplct.libnet.info/event/17251775,Teens
hpl:17517671:2026-11-20 16:00:00,Homework Hub,Need some extra help with homework? Stop by after school for support with assignments and studying. For ages 6-12.,2026-11-20 16:00:00,2026-11-20 17:00:00,Camp Field Library,Arts & Culture | Family & Kids,STEM | Reading & Writing,upcoming,Free,Hartford Public Library,https://programs.hplct.org/events,https://hplct.libnet.info/event/17517671,"Youth, Family"
eventbrite:2001946045513:2026-11-21,GREEN COOKIE AND NESIPR,"Open the event listing for details, cost, time, and registration.",2026-11-21,2026-11-22,ELEGANCE · 2964 MAIN ST,Food & Restaurants,,upcoming,Check event listing,Eventbrite,https://www.eventbrite.com/d/ct--hartford/events/,https://www.eventbrite.com/e/green-cookie-and-nesipr-tickets-2001946045513,Check event listing
eventbrite:1997216337830:2026-11-21,Ladies Night! Men in Motion LIVE - Hartford CT (21+) FOOD AVAILABLE,"Open the event listing for details, cost, time, and registration.",2026-11-21,2026-11-21,The Lady · 191 Ann Uccello Street,Food & Restaurants,,upcoming,Check event listing,Eventbrite,https://www.eventbrite.com/d/ct--hartford/events/,https://www.eventbrite.com/e/ladies-night-men-in-motion-live-hartford-ct-21-food-available-tickets-1997216337830,Check event listing
hpl:16811412:2026-11-21 09:30:00,ESL Classes,English as a second language classes for adults. Registered students only. Please contact ESL@hplct.org for more information.,2026-11-21 09:30:00,2026-11-21 12:30:00,Downtown,Arts & Culture | Learning & Careers | Community & Volunteering,Reading & Writing | Language | Civic Engagement | Career,upcoming,Free,Hartford Public Library,https://programs.hplct.org/events,https://hplct.libnet.info/event/16811412,Adults
hpl:16810122:2026-11-21 09:30:00,ESL Classes,English as a second language classes for adults. Registered students only. Please contact ESL@hplct.org for more information.,2026-11-21 09:30:00,2026-11-21 12:30:00,Downtown,Arts & Culture | Learning & Careers | Community & Volunteering,Reading & Writing | Language | Civic Engagement | Career,upcoming,Free,Hartford Public Library,https://programs.hplct.org/events,https://hplct.libnet.info/event/16810122,Adults
hpl:16810057:2026-11-21 09:30:00,ESL Classes,English as a second language classes for adults. Registered students only. Please contact ESL@hplct.org for more information.,2026-11-21 09:30:00,2026-11-21 12:30:00,Downtown,Arts & Culture | Learning & Careers | Community & Volunteering,Reading & Writing | Language | Civic Engagement | Career,upcoming,Free,Hartford Public Library,https://programs.hplct.org/events,https://hplct.libnet.info/event/16810057,Adults
hpl:16810773:2026-11-21 09:30:00,ESL Classes,English as a second language classes for adults. Registered students only. Please contact ESL@hplct.org for more information.,2026-11-21 09:30:00,2026-11-21 12:30:00,Downtown,Arts & Culture | Learning & Careers | Community & Volunteering,Reading & Writing | Language | Civic Engagement | Career,upcoming,Free,Hartford Public Library,https://programs.hplct.org/events,https://hplct.libnet.info/event/16810773,Adults
hpl:17484098:2026-11-21 09:30:00,GED Learning Circles,"Instructor-led small group study support toward the Science, Social Studies, Mathematical Reasoning, and Language Arts GED subject tests, utilizing GED prep software provided by the Library.",2026-11-21 09:30:00,2026-11-21 11:00:00,Downtown,Arts & Culture | Learning & Careers,STEM | Reading & Writing,upcoming,Free,Hartford Public Library,https://programs.hplct.org/events,https://hplct.libnet.info/event/17484098,Adults
hpl:17537005:2026-11-21 11:00:00,Community Craft & Chat,"Bring out your inner artist with a relaxing craft, while chatting with other community members. Registration is not required, but highly recommended.",2026-11-21 11:00:00,2026-11-21 13:00:00,Albany Library,Arts & Culture | Community & Volunteering,Community | Arts,upcoming,Free,Hartford Public Library,https://programs.hplct.org/events,https://hplct.libnet.info/event/17537005,Adults
hpl:17484133:2026-11-21 11:00:00,GED Learning Circles,"Instructor-led small group study support toward the Science, Social Studies, Mathematical Reasoning, and Language Arts GED subject tests, utilizing GED prep software provided by the Library.",2026-11-21 11:00:00,2026-11-21 12:30:00,Downtown,Arts & Culture | Learning & Careers,STEM | Reading & Writing,upcoming,Free,Hartford Public Library,https://programs.hplct.org/events,https://hplct.libnet.info/event/17484133,Adults
hpl:16693301:2026-11-21 12:00:00,Pearson Test Center examinations,Testing in the Downtown Library's Pearson Test Center. By registration in advance only.,2026-11-21 12:00:00,2026-11-21 17:30:00,Downtown,Learning & Careers,Technology | Career,upcoming,Free,Hartford Public Library,https://programs.hplct.org/events,https://hplct.libnet.info/event/16693301,Adults
hpl:17484168:2026-11-21 12:30:00,Math Class,"Math classes offered in collaboration with Learn for Life, Inc. for adult students working to enhance workplace skills, prepare for the GED, or get ready for college",2026-11-21 12:30:00,2026-11-21 14:30:00,Downtown,Learning & Careers,STEM,upcoming,Free,Hartford Public Library,https://programs.hplct.org/events,https://hplct.libnet.info/event/17484168,Adults
hpl:17264466:2026-11-21 13:00:00,Citizenship Class,Classes for adult Green Card holders studying for the 128-question version of the civics test for U.S. citizenship and other key components of the naturalization interview.,2026-11-21 13:00:00,2026-11-21 16:00:00,Downtown,Arts & Culture | Learning & Careers | Community & Volunteering,Reading & Writing | Language | Civic Engagement,upcoming,Free,Hartford Public Library,https://programs.hplct.org/events,https://hplct.libnet.info/event/17264466,Adults
hpl:16812791:2026-11-21 13:15:00,ESL ServSafe,ServSafe training for registered ESL students only. Contact ESL@hplct.org for more information.,2026-11-21 13:15:00,2026-11-21 15:15:00,Downtown,Learning & Careers,Language | Career,upcoming,Free,Hartford Public Library,https://programs.hplct.org/events,https://hplct.libnet.info/event/16812791,Adults
hpl:17168103:2026-11-23 00:00:00,The Puzzle Place for Teens,"Take a break, unwind, and help complete our community puzzle! Drop in anytime to add a few pieces, meet other teens, or enjoy a quiet brain break.",2026-11-23 00:00:00,2026-11-23 23:59:00,Ropkins Library,Sports & Games | Family & Kids | Community & Volunteering,STEM | Community,upcoming,Free,Hartford Public Library,https://programs.hplct.org/events,https://hplct.libnet.info/event/17168103,Teens
hpl:16693207:2026-11-23 09:30:00,Pearson Test Center examination,Testing in the Downtown Library's Pearson Test Center. By registration in advance only.,2026-11-23 09:30:00,2026-11-23 15:30:00,Downtown,Learning & Careers,Technology | Career,upcoming,Free,Hartford Public Library,https://programs.hplct.org/events,https://hplct.libnet.info/event/16693207,Adults
hpl:16841080:2026-11-23 11:00:00,Everyday Tech Help,"Need help with your phone, tablet, computer, or online services?",2026-11-23 11:00:00,2026-11-23 12:00:00,Barbour Library,Learning & Careers | Community & Volunteering,Technology | STEM | Media | Community,upcoming,Free,Hartford Public Library,https://programs.hplct.org/events,https://hplct.libnet.info/event/16841080,Adults
hpl:17139482:2026-11-23 11:00:00,First Steps in Music,This joyful early childhood experience ignites a spark for a lifetime of learning and musical appreciation.,2026-11-23 11:00:00,2026-11-23 12:00:00,HPL: Downtown Library,Music & Nightlife | Learning & Careers | Outdoors & Nature,Leap into Learning | Arts,upcoming,Free,Hartford Public Library,https://programs.hplct.org/events,https://hplct.libnet.info/event/17139482,Family
hpl:17483165:2026-11-23 12:30:00,Math Class,"Math classes offered in collaboration with Learn for Life, Inc. for adult students working to enhance workplace skills, prepare for the GED, or get ready for college",2026-11-23 12:30:00,2026-11-23 14:30:00,Downtown,Learning & Careers,STEM,upcoming,Free,Hartford Public Library,https://programs.hplct.org/events,https://hplct.libnet.info/event/17483165,Adults
hpl:17491231:2026-11-23 14:30:00,Next Steps for College for English Learners,"This program supports high school English Learners in grades 11-12 as they develop English language proficiency, achieve academic success, and prepare for college and career pathways.",2026-11-23 14:30:00,2026-11-23 16:30:00,Downtown,Arts & Culture | Family & Kids | Learning & Careers,TAP | STEM | Reading & Writing | Language,upcoming,Free,Hartford Public Library,https://programs.hplct.org/events,https://hplct.libnet.info/event/17491231,Teens
hpl:17491060:2026-11-23 14:30:00,Next Steps for College for English Learners,"This program supports high school English Learners in grades 11-12 as they develop English language proficiency, achieve academic success, and prepare for college and career pathways.",2026-11-23 14:30:00,2026-11-23 16:30:00,Downtown,Arts & Culture | Family & Kids | Learning & Careers,STEM | Reading & Writing | Language,archived,Free,Hartford Public Library,https://programs.hplct.org/events,https://hplct.libnet.info/event/17491060,Teens
hpl:17251425:2026-11-23 15:00:00,Brick by Brick,"Learn LEGO building through hands-on creative challenges, individual projects, and team builds. Explore design, engineering, structure, and storytelling while developing problem-solving and teamwork.",2026-11-23 15:00:00,2026-11-23 17:00:00,Downtown,Family & Kids | Learning & Careers | Community & Volunteering,STEM | Community | Career | Arts,upcoming,Free,Hartford Public Library,https://programs.hplct.org/events,https://hplct.libnet.info/event/17251425,Teens
hpl:17235905:2026-11-23 15:00:00,Hands-On Design,"Teens decorate and personalize their own t-shirts, hats, bags, and more using popular tools like Cricut machines, heat presses, and embroidery.",2026-11-23 15:00:00,2026-11-23 17:00:00,Albany Library,Family & Kids,STEM | Arts,upcoming,Free,Hartford Public Library,https://programs.hplct.org/events,https://hplct.libnet.info/event/17235905,Teens
hpl:17235945:2026-11-23 15:00:00,Make It Monday,"a hands-on creative arts program featuring small-scale projects such as zines, jewelry, paintings, collages, and other mini crafts.",2026-11-23 15:00:00,2026-11-23 17:00:00,Albany Library,Arts & Culture,Media | Arts,upcoming,Free,Hartford Public Library,https://programs.hplct.org/events,https://hplct.libnet.info/event/17235945,Teens
hpl:17235885:2026-11-23 15:00:00,STEAM & Maker Lab,"Teens explore hands-on STEM projects using technology, engineering, and creative problem-solving. Activities include 3D printing, coding, electronics, and collaborative maker challenges.",2026-11-23 15:00:00,2026-11-23 17:00:00,Albany Library,Family & Kids | Learning & Careers,Technology | STEM,upcoming,Free,Hartford Public Library,https://programs.hplct.org/events,https://hplct.libnet.info/event/17235885,Teens
hpl:17202407:2026-11-23 15:00:00,Thanksgiving Hand Turkey Magnets,Enjoy the classic hand-print tracing art project with the whole family and magnets to attach your creations to your refrigerator!,2026-11-23 15:00:00,2026-11-23 16:00:00,Dwight Library,Arts & Culture | Family & Kids | Learning & Careers,Leap into Learning | Arts,upcoming,Free,Hartford Public Library,https://programs.hplct.org/events,https://hplct.libnet.info/event/17202407,"Youth, Teens, Family"
hpl:17165186:2026-11-23 15:30:00,Homework Heroes,"Need a little extra support? Stop by after school for help with homework, reading, and school assignments in a welcoming environment. Children under 12 must be accompanied by a parent or caregiver.",2026-11-23 15:30:00,2026-11-23 16:00:00,Ropkins Library,Arts & Culture | Family & Kids | Outdoors & Nature,STEM | Reading & Writing,upcoming,Free,Hartford Public Library,https://programs.hplct.org/events,https://hplct.libnet.info/event/17165186,"Youth, Family"
hpl:17165286:2026-11-23 15:45:00,Fall Into Creativity,"Join Ms. Linda at the Ropkins Library every Monday to explore your creativity with a fun, hands-on craft. Enjoy a different project each week in a relaxed and welcoming environment.",2026-11-23 15:45:00,2026-11-23 16:15:00,Ropkins Library,Arts & Culture | Family & Kids | Outdoors & Nature,Family | Arts,upcoming,Free,Hartford Public Library,https://programs.hplct.org/events,https://hplct.libnet.info/event/17165286,"Youth, Family"
hpl:17082150:2026-11-23 16:00:00,Builders Club,Turn your ideas into incredible Lego creations! We’ll have a different challenge every month. For children ages 5-12.,2026-11-23 16:00:00,2026-11-23 17:00:00,Camp Field Library,Family & Kids,STEM,upcoming,Free,Hartford Public Library,https://programs.hplct.org/events,https://hplct.libnet.info/event/17082150,Youth
hpl:17517672:2026-11-23 16:00:00,Homework Hub,Need some extra help with homework? Stop by after school for support with assignments and studying. For ages 6-12.,2026-11-23 16:00:00,2026-11-23 17:00:00,Camp Field Library,Arts & Culture | Family & Kids,STEM | Reading & Writing,upcoming,Free,Hartford Public Library,https://programs.hplct.org/events,https://hplct.libnet.info/event/17517672,"Youth, Family"
hpl:16861110:2026-11-23 17:00:00,Math Class,"Math classes offered in collaboration with Learn for Life, Inc. for adult students working to enhance workplace skills, prepare for the GED, or get ready for college",2026-11-23 17:00:00,2026-11-23 19:00:00,Downtown,Learning & Careers,STEM | Career,upcoming,Free,Hartford Public Library,https://programs.hplct.org/events,https://hplct.libnet.info/event/16861110,Adults
hartfordcom:95818:2026-11-24,Christmas on the Rocks,"Christmas on the Rocks at Theaterworks Hartford. Open the event listing for description, cost, times, and registration.",2026-11-24,,Theaterworks Hartford,Arts & Culture,,upcoming,Check event listing,Hartford.com,https://hartford.com/events/,https://hartford.com/calendar/christmas-on-the-rocks/?occurrence=2026-11-24&time=1795548600,Check event listing
eventbrite:2000660495398:2026-11-24,Thanksgiving Dinner at the Wilson Gray YMCA,"Open the event listing for details, cost, time, and registration.",2026-11-24,2026-11-24,444 Albany Ave · 444 Albany Avenue,Food & Restaurants,,upcoming,Check event listing,Eventbrite,https://www.eventbrite.com/d/ct--hartford/events/,https://www.eventbrite.com/e/thanksgiving-dinner-at-the-wilson-gray-ymca-tickets-2000660495398,Check event listing
hpl:17168104:2026-11-24 00:00:00,The Puzzle Place for Teens,"Take a break, unwind, and help complete our community puzzle! Drop in anytime to add a few pieces, meet other teens, or enjoy a quiet brain break.",2026-11-24 00:00:00,2026-11-24 23:59:00,Ropkins Library,Sports & Games | Family & Kids | Community & Volunteering,STEM | Community,upcoming,Free,Hartford Public Library,https://programs.hplct.org/events,https://hplct.libnet.info/event/17168104,Teens
hpl:16809744:2026-11-24 09:30:00,ESL Classes,English as a second language classes for adults. Registered students only. Please contact ESL@hplct.org for more information.,2026-11-24 09:30:00,2026-11-24 12:00:00,Downtown,Arts & Culture | Learning & Careers | Community & Volunteering,Reading & Writing | Language | Civic Engagement | Career,upcoming,Free,Hartford Public Library,https://programs.hplct.org/events,https://hplct.libnet.info/event/16809744,Adults
hpl:16809913:2026-11-24 09:30:00,ESL Classes,English as a second language classes for adults. Registered students only. Please contact ESL@hplct.org for more information.,2026-11-24 09:30:00,2026-11-24 12:00:00,Downtown,Arts & Culture | Learning & Careers | Community & Volunteering,Reading & Writing | Language | Civic Engagement | Career,upcoming,Free,Hartford Public Library,https://programs.hplct.org/events,https://hplct.libnet.info/event/16809913,Adults
hpl:16809598:2026-11-24 09:30:00,ESL Classes,English as a second language classes for adults. Registered students only. Please contact ESL@hplct.org for more information.,2026-11-24 09:30:00,2026-11-24 12:00:00,Downtown,Arts & Culture | Learning & Careers | Community & Volunteering,Reading & Writing | Language | Civic Engagement | Career,upcoming,Free,Hartford Public Library,https://programs.hplct.org/events,https://hplct.libnet.info/event/16809598,Adults
hpl:16809308:2026-11-24 09:30:00,ESL Classes,English as a second language classes. Registered students only. Please contact ESL@hplct.org for more information.,2026-11-24 09:30:00,2026-11-24 12:00:00,Downtown,Arts & Culture | Learning & Careers | Community & Volunteering,Reading & Writing | Language | Civic Engagement | Career,upcoming,Free,Hartford Public Library,https://programs.hplct.org/events,https://hplct.libnet.info/event/16809308,Adults
hpl:17160020:2026-11-24 09:30:00,Storytime Adventures with Ms. Linda,"Join Ms. Linda for an interactive storytime filled with captivating books, songs, rhymes, music, movement, and early literacy fun.",2026-11-24 09:30:00,2026-11-24 10:15:00,Ropkins Library,Music & Nightlife | Arts & Culture | Family & Kids | Learning & Careers,Storytime | Leap into Learning,upcoming,Free,Hartford Public Library,https://programs.hplct.org/events,https://hplct.libnet.info/event/17160020,Family
hpl:17202421:2026-11-24 10:00:00,Sensory Storytime,"Children and families of all abilities and sensory needs, join us at the library for an adapted storytime with a bubbletime and sensory playtime grand finale",2026-11-24 10:00:00,2026-11-24 10:30:00,Dwight Library,Arts & Culture | Family & Kids | Learning & Careers,Storytime | Reading & Writing | Leap into Learning,upcoming,Free,Hartford Public Library,https://programs.hplct.org/events,https://hplct.libnet.info/event/17202421,Family
hpl:17077429:2026-11-24 11:00:00,Story Time,"Come to the library for stories, songs, and fingerplays! For children ages birth through five with caregiver.",2026-11-24 11:00:00,2026-11-24 11:45:00,Camp Field Library,Family & Kids,Storytime,upcoming,Free,Hartford Public Library,https://programs.hplct.org/events,https://hplct.libnet.info/event/17077429,"Youth, Family"
hpl:17491693:2026-11-24 14:30:00,English Learners Success,"This program supports high school English Learners through engaging, project-based instruction that strengthens English language proficiency, academic success, and college and career readiness.",2026-11-24 14:30:00,2026-11-24 16:30:00,Downtown,Arts & Culture | Family & Kids | Learning & Careers,TAP | STEM | Reading & Writing | Language,upcoming,Free,Hartford Public Library,https://programs.hplct.org/events,https://hplct.libnet.info/event/17491693,Teens
hpl:17251776:2026-11-24 15:00:00,DJ Foundation Lab @ YOUmedia,"Learn the fundamentals of DJing through hands-on experience with professional equipment and software. Explore beatmatching, transitions, music selection, and performance skills.",2026-11-24 15:00:00,2026-11-24 17:00:00,Downtown,Music & Nightlife | Health & Wellness | Learning & Careers,Technology | STEM | Career | Arts,upcoming,Free,Hartford Public Library,https://programs.hplct.org/events,https://hplct.libnet.info/event/17251776,Teens
hpl:17236255:2026-11-24 15:00:00,Games & Strategy,"Build critical thinking and teamwork through friendly competition. Participants can play chess, dominoes, Ludo, Nintendo Switch games, and other strategy-based board and video games.",2026-11-24 15:00:00,2026-11-24 17:00:00,Albany Library,Sports & Games,Media,upcoming,Free,Hartford Public Library,https://programs.hplct.org/events,https://hplct.libnet.info/event/17236255,Teens
hpl:17337761:2026-11-24 15:00:00,Pearson Test Center testing,"Pearson testing in the West Middle test center (44 Niles Street). Registered testers only. If you have questions or require assistance the day of your testing appointment, please call (860) 331-9538.",2026-11-24 15:00:00,2026-11-24 20:00:00,West Middle School Branch,Outdoors & Nature,TAP,upcoming,Free,Hartford Public Library,https://programs.hplct.org/events,https://hplct.libnet.info/event/17337761,Adults
hpl:17236293:2026-11-24 15:00:00,Picture This,A photography-focused program taking students through the creative process from pre-production and shooting to editing and post-production.,2026-11-24 15:00:00,2026-11-24 17:00:00,Albany Library,Learning & Careers,Technology | Media | Arts,upcoming,Free,Hartford Public Library,https://programs.hplct.org/events,https://hplct.libnet.info/event/17236293,Teens
hpl:17236275:2026-11-24 15:00:00,Self Care Sesh,"Give yourself some room to breathe while participating in relaxing activities like journaling, DIY self-care products, drawing and painting.",2026-11-24 15:00:00,2026-11-24 17:00:00,Albany Library,Community & Volunteering,Community | Arts,upcoming,Free,Hartford Public Library,https://programs.hplct.org/events,https://hplct.libnet.info/event/17236275,Teens
hpl:17251502:2026-11-24 15:30:00,Characters in Motion,Bring your characters to life! Teens will explore comic art and animation while developing their visual story-telling skills.,2026-11-24 15:30:00,2026-11-24 16:30:00,Downtown,Arts & Culture | Family & Kids | Learning & Careers,Technology | STEM | Career | Arts,upcoming,Free,Hartford Public Library,https://programs.hplct.org/events,https://hplct.libnet.info/event/17251502,Teens
hpl:17165462:2026-11-24 15:30:00,Fall STEM Adventures,"Discover, build, and explore! Join us each week for hands-on STEM activities that encourage creativity, critical thinking, and problem-solving.",2026-11-24 15:30:00,2026-11-24 16:15:00,Ropkins Library,Other & General,STEM,upcoming,Free,Hartford Public Library,https://programs.hplct.org/events,https://hplct.libnet.info/event/17165462,"Youth, Family"
hpl:17165187:2026-11-24 15:30:00,Homework Heroes,"Need a little extra support? Stop by after school for help with homework, reading, and school assignments in a welcoming environment. Children under 12 must be accompanied by a parent or caregiver.",2026-11-24 15:30:00,2026-11-24 16:00:00,Ropkins Library,Arts & Culture | Family & Kids | Outdoors & Nature,STEM | Reading & Writing,upcoming,Free,Hartford Public Library,https://programs.hplct.org/events,https://hplct.libnet.info/event/17165187,"Youth, Family"
hpl:16671878:2026-11-24 16:00:00,GED Learning Circles,"Instructor-led small group study support toward the Science, Social Studies, Mathematical Reasoning, and Language Arts GED subject tests, utilizing GED prep software provided by the Library.",2026-11-24 16:00:00,2026-11-24 17:30:00,Downtown,Arts & Culture | Learning & Careers,Technology | STEM | Reading & Writing,upcoming,Free,Hartford Public Library,https://programs.hplct.org/events,https://hplct.libnet.info/event/16671878,Adults
hpl:17114353:2026-11-24 16:00:00,Thanksgiving Fun Fest,"Join us for some Thanksgiving fun by making a Thanksgiving craft, doing some fun activities, and having a special snack! All ages.",2026-11-24 16:00:00,2026-11-24 17:00:00,Camp Field Library,Arts & Culture,Arts,upcoming,Free,Hartford Public Library,https://programs.hplct.org/events,https://hplct.libnet.info/event/17114353,"Youth, Teens, Family, Adults"
hpl:16908996:2026-11-24 17:00:00,Financial Literacy: 1-on-1 Coaching,"One-on-one money management skills coaching at the Downtown Library in Spanish or in English, by appointment. For more information, call/text (860) 256-9856",2026-11-24 17:00:00,2026-11-24 18:00:00,Downtown,Learning & Careers | Community & Volunteering,Education | Education | Community | Civic Engagement,upcoming,Free,Hartford Public Library,https://programs.hplct.org/events,https://hplct.libnet.info/event/16908996,Adults
hpl:17497633:2026-11-24 17:30:00,ESL Classes,Adult Education English as a Second Language,2026-11-24 17:30:00,2026-11-24 19:30:00,Downtown,Arts & Culture | Learning & Careers,TAP | Reading & Writing,upcoming,Free,Hartford Public Library,https://programs.hplct.org/events,https://hplct.libnet.info/event/17497633,Adults
hpl:16671939:2026-11-24 17:30:00,GED Learning Circles,"Instructor-led small group study support toward the Science, Social Studies, Mathematical Reasoning, and Language Arts GED subject tests, utilizing GED prep software provided by the Library.",2026-11-24 17:30:00,2026-11-24 19:00:00,Downtown,Arts & Culture | Learning & Careers,Technology | STEM | Reading & Writing,upcoming,Free,Hartford Public Library,https://programs.hplct.org/events,https://hplct.libnet.info/event/16671939,Adults
hpl:17168105:2026-11-25 00:00:00,The Puzzle Place for Teens,"Take a break, unwind, and help complete our community puzzle! Drop in anytime to add a few pieces, meet other teens, or enjoy a quiet brain break.",2026-11-25 00:00:00,2026-11-25 23:59:00,Ropkins Library,Sports & Games | Family & Kids | Community & Volunteering,STEM | Community,upcoming,Free,Hartford Public Library,https://programs.hplct.org/events,https://hplct.libnet.info/event/17168105,Teens
hpl:16806808:2026-11-25 09:30:00,English for All,Guided online learning for English as a second language,2026-11-25 09:30:00,2026-11-25 12:00:00,Downtown,Arts & Culture | Learning & Careers,Reading & Writing | Language,upcoming,Free,Hartford Public Library,https://programs.hplct.org/events,https://hplct.libnet.info/event/16806808,Adults
hpl:16812353:2026-11-25 09:30:00,ESL ServSafe,ServSafe training for registered ESL students only. Contact ESL@hplct.org for more information. Description,2026-11-25 09:30:00,2026-11-25 12:00:00,Downtown,Learning & Careers,Language | Career,upcoming,Free,Hartford Public Library,https://programs.hplct.org/events,https://hplct.libnet.info/event/16812353,Adults
hpl:17484341:2026-11-25 09:30:00,GED Learning Circles,"Instructor-led small group study support toward the Science, Social Studies, Mathematical Reasoning, and Language Arts GED subject tests, utilizing GED prep software provided by the Library.",2026-11-25 09:30:00,2026-11-25 11:00:00,Downtown,Arts & Culture | Learning & Careers,STEM | Reading & Writing,upcoming,Free,Hartford Public Library,https://programs.hplct.org/events,https://hplct.libnet.info/event/17484341,Adults
hpl:17426977:2026-11-25 10:00:00,Placement and Progress Testing for Library Programs,"Computerized placement and progress testing for participants in GED prep, citizenship prep, English classes, and other Library educational programs",2026-11-25 10:00:00,2026-11-25 13:00:00,Downtown,Learning & Careers,TAP,upcoming,Free,Hartford Public Library,https://programs.hplct.org/events,https://hplct.libnet.info/event/17426977,Adults
hpl:17484358:2026-11-25 11:00:00,GED Learning Circles,"Instructor-led small group study support toward the Science, Social Studies, Mathematical Reasoning, and Language Arts GED subject tests, utilizing GED prep software provided by the Library.",2026-11-25 11:00:00,2026-11-25 12:30:00,Downtown,Arts & Culture | Learning & Careers,STEM | Reading & Writing,upcoming,Free,Hartford Public Library,https://programs.hplct.org/events,https://hplct.libnet.info/event/17484358,Adults
hpl:17484472:2026-11-25 12:30:00,Math Class,"Math classes offered in collaboration with Learn for Life, Inc. for adult students working to enhance workplace skills, prepare for the GED, or get ready for college",2026-11-25 12:30:00,2026-11-25 14:30:00,Downtown,Learning & Careers,STEM,upcoming,Free,Hartford Public Library,https://programs.hplct.org/events,https://hplct.libnet.info/event/17484472,Adults
hpl:17242178:2026-11-25 14:30:00,Next Steps for College for English Learners,"This program supports high school English Learners in grades 11-12 as they develop English language proficiency, achieve academic success, and prepare for college and career pathways.",2026-11-25 14:30:00,2026-11-25 17:00:00,Downtown,Arts & Culture | Family & Kids | Learning & Careers,STEM | Reading & Writing | Language,archived,Free,Hartford Public Library,https://programs.hplct.org/events,https://hplct.libnet.info/event/17242178,Teens
hpl:17491403:2026-11-25 14:30:00,Next Steps for College for English Learners,"This program supports high school English Learners in grades 11-12 as they develop English language proficiency, achieve academic success, and prepare for college and career pathways.",2026-11-25 14:30:00,2026-11-25 16:30:00,Downtown,Arts & Culture | Family & Kids | Learning & Careers,TAP | STEM | Reading & Writing | Language,upcoming,Free,Hartford Public Library,https://programs.hplct.org/events,https://hplct.libnet.info/event/17491403,Teens
hpl:17236389:2026-11-25 15:00:00,Creative Writing 101,"Learn skills like character and narrative design, world building, and writing real dialogue to bring your stories to life.",2026-11-25 15:00:00,2026-11-25 17:00:00,Albany Library,Arts & Culture | Learning & Careers | Community & Volunteering,Reading & Writing | Community | Arts,upcoming,Free,Hartford Public Library,https://programs.hplct.org/events,https://hplct.libnet.info/event/17236389,Teens
hpl:17236375:2026-11-25 15:00:00,Film & Digital Media,"Learn the fundamentals of filmmaking, photography, editing, animation, and visual effects. Teens will create short films, experiment with cameras and editing software, and develop storytelling skills.",2026-11-25 15:00:00,2026-11-25 17:00:00,Albany Library,Arts & Culture | Health & Wellness | Family & Kids | Learning & Careers,Technology | Media | Arts,upcoming,Free,Hartford Public Library,https://programs.hplct.org/events,https://hplct.libnet.info/event/17236375,Teens
hpl:17252368:2026-11-25 15:00:00,Game Design @ YOUmedia,"We’re continuing to create games for the PC and VR. Join in, add your inspiration and learn some new skills! We’ll be using the Unity Game engine.",2026-11-25 15:00:00,2026-11-25 17:00:00,Downtown,Sports & Games | Learning & Careers,Technology | STEM | Media | Career | Arts,upcoming,Free,Hartford Public Library,https://programs.hplct.org/events,https://hplct.libnet.info/event/17252368,Teens
hpl:17337762:2026-11-25 15:00:00,Pearson Test Center testing,"Pearson testing in the West Middle test center (44 Niles Street). Registered testers only. If you have questions or require assistance the day of your testing appointment, please call (860) 331-9538.",2026-11-25 15:00:00,2026-11-25 20:00:00,West Middle School Branch,Outdoors & Nature,TAP,upcoming,Free,Hartford Public Library,https://programs.hplct.org/events,https://hplct.libnet.info/event/17337762,Adults
hpl:17236406:2026-11-25 15:00:00,Wonder Wednesday,"This program gives students a fun and interactive space to test their knowledge through a variety of games, including throwback trivia, GeoGuessr, pop culture, music, history, and more.",2026-11-25 15:00:00,2026-11-25 17:00:00,Albany Library,Sports & Games | Music & Nightlife | Arts & Culture | Community & Volunteering,Media | Community,upcoming,Free,Hartford Public Library,https://programs.hplct.org/events,https://hplct.libnet.info/event/17236406,Teens
hpl:17252279:2026-11-25 15:30:00,Hands on Adobe,"Get creative with Adobe! Teens will learn the basics of popular Adobe creative programs while experimenting with digital art, graphic design, photo editing, and more.",2026-11-25 15:30:00,2026-11-25 16:30:00,Downtown,Arts & Culture | Family & Kids | Learning & Careers,Technology | STEM | Career | Arts,upcoming,Free,Hartford Public Library,https://programs.hplct.org/events,https://hplct.libnet.info/event/17252279,Teens
hpl:17165758:2026-11-25 15:30:00,"Think, Search & Solve!","Put your thinking skills to the test with fall-themed word searches, I Spy puzzles, mazes, and other fun brain-teasing activities.",2026-11-25 15:30:00,2026-11-25 16:15:00,Ropkins Library,Sports & Games | Family & Kids,STEM | Family,upcoming,Free,Hartford Public Library,https://programs.hplct.org/events,https://hplct.libnet.info/event/17165758,"Youth, Family"
hpl:16909020:2026-11-25 17:00:00,Financial Literacy: 1-on-1 Coaching,"One-on-one money management skills coaching at the Downtown Library in Spanish or in English, by appointment. For more information, call/text (860) 256-9856",2026-11-25 17:00:00,2026-11-25 18:00:00,Downtown,Learning & Careers | Community & Volunteering,Education | Education | Community | Civic Engagement,upcoming,Free,Hartford Public Library,https://programs.hplct.org/events,https://hplct.libnet.info/event/16909020,Adults
hpl:16861133:2026-11-25 17:00:00,Math Class,"Math classes offered in collaboration with Learn for Life, Inc. for adult students working to enhance workplace skills, prepare for the GED, or get ready for college",2026-11-25 17:00:00,2026-11-25 19:00:00,Downtown,Learning & Careers,STEM | Career,upcoming,Free,Hartford Public Library,https://programs.hplct.org/events,https://hplct.libnet.info/event/16861133,Adults
hpl:16809264:2026-11-26 09:30:00,ESL Classes,English as a second language classes. Registered students only. Please contact ESL@hplct.org for more information.,2026-11-26 09:30:00,2026-11-26 12:00:00,Downtown,Arts & Culture | Learning & Careers | Community & Volunteering,Reading & Writing | Language | Civic Engagement | Career,upcoming,Free,Hartford Public Library,https://programs.hplct.org/events,https://hplct.libnet.info/event/16809264,Adults
hpl:16809861:2026-11-26 09:30:00,ESL Classes,English as a second language classes for adults. Registered students only. Please contact ESL@hplct.org for more information.,2026-11-26 09:30:00,2026-11-26 12:00:00,Downtown,Arts & Culture | Learning & Careers | Community & Volunteering,Reading & Writing | Language | Civic Engagement | Career,upcoming,Free,Hartford Public Library,https://programs.hplct.org/events,https://hplct.libnet.info/event/16809861,Adults
hpl:16809701:2026-11-26 09:30:00,ESL Classes,English as a second language classes for adults. Registered students only. Please contact ESL@hplct.org for more information.,2026-11-26 09:30:00,2026-11-26 12:00:00,Downtown,Arts & Culture | Learning & Careers | Community & Volunteering,Reading & Writing | Language | Civic Engagement | Career,upcoming,Free,Hartford Public Library,https://programs.hplct.org/events,https://hplct.libnet.info/event/16809701,Adults
hpl:16809599:2026-11-26 09:30:00,ESL Classes,English as a second language classes for adults. Registered students only. Please contact ESL@hplct.org for more information.,2026-11-26 09:30:00,2026-11-26 12:00:00,Downtown,Arts & Culture | Learning & Careers | Community & Volunteering,Reading & Writing | Language | Civic Engagement | Career,upcoming,Free,Hartford Public Library,https://programs.hplct.org/events,https://hplct.libnet.info/event/16809599,Adults
hartfordcom:95704:2026-11-27,Winterfest Hartford,"Winterfest Hartford at Bushnell Park. Open the event listing for description, cost, times, and registration.",2026-11-27,,Bushnell Park,Outdoors & Nature,,upcoming,Check event listing,Hartford.com,https://hartford.com/events/,https://hartford.com/calendar/winterfest-hartford-379/?occurrence=2026-11-27,Check event listing
hpl:17210495:2026-11-27 10:00:00,Family Literacy PACT,Activities for families enrolled in ESL Family Literacy program,2026-11-27 10:00:00,2026-11-27 12:00:00,Downtown,Family & Kids | Learning & Careers,Language | Family,upcoming,Free,Hartford Public Library,https://programs.hplct.org/events,https://hplct.libnet.info/event/17210495,"Family, Adults"
hpl:17236525:2026-11-27 12:00:00,Community Challenge,"Wrap up the week with interactive Kahoot! trivia, team-building games, creative challenges, and group activities that encourage collaboration, communication, and fun.",2026-11-27 12:00:00,2026-11-27 15:00:00,Albany Library,Sports & Games | Community & Volunteering,Community,upcoming,Free,Hartford Public Library,https://programs.hplct.org/events,https://hplct.libnet.info/event/17236525,Teens
hpl:17236622:2026-11-27 12:00:00,Hear Me Out: Debate Club,"Hear Me Out provides students with a space to explore relevant topics, develop opinions, and practice expressing their ideas in a respectful and structured environment.",2026-11-27 12:00:00,2026-11-27 15:00:00,Albany Library,Community & Volunteering | Outdoors & Nature,Community | Civic Engagement,upcoming,Free,Hartford Public Library,https://programs.hplct.org/events,https://hplct.libnet.info/event/17236622,Teens
hpl:17236545:2026-11-27 13:00:00,Monster of the Week,"Join your friends, get your gear and roll the dice to defeat monsters using different storytelling games like Dungeons & Dragons, Fallout, Savage Worlds, and more!",2026-11-27 13:00:00,2026-11-27 16:00:00,Albany Library,Sports & Games | Community & Volunteering,Community,upcoming,Free,Hartford Public Library,https://programs.hplct.org/events,https://hplct.libnet.info/event/17236545,Teens
hpl:17252936:2026-11-27 14:00:00,Fidget Toy Workshop @ YOUmedia,"Explore a variety of 3D-printed fidget toys, discover how they work, and customize one to make it your own. Mix, match, experiment, and create a fidget that fits your style.",2026-11-27 14:00:00,2026-11-27 16:00:00,Downtown,Learning & Careers,Technology | STEM | Arts,upcoming,Free,Hartford Public Library,https://programs.hplct.org/events,https://hplct.libnet.info/event/17252936,Teens
hpl:17251777:2026-11-27 14:30:00,DJ Foundation Lab @ YOUmedia,"Learn the fundamentals of DJing through hands-on experience with professional equipment and software. Explore beatmatching, transitions, music selection, and performance skills.",2026-11-27 14:30:00,2026-11-27 16:30:00,Downtown,Music & Nightlife | Health & Wellness | Learning & Careers,Technology | STEM | Career | Arts,upcoming,Free,Hartford Public Library,https://programs.hplct.org/events,https://hplct.libnet.info/event/17251777,Teens
hpl:17517673:2026-11-27 16:00:00,Homework Hub,Need some extra help with homework? Stop by after school for support with assignments and studying. For ages 6-12.,2026-11-27 16:00:00,2026-11-27 17:00:00,Camp Field Library,Arts & Culture | Family & Kids,STEM | Reading & Writing,upcoming,Free,Hartford Public Library,https://programs.hplct.org/events,https://hplct.libnet.info/event/17517673,"Youth, Family"
eventbrite:1998453645651:2026-11-28,MOBAY LIFESTYLE,"Open the event listing for details, cost, time, and registration.",2026-11-28,2026-11-28,Hartford · 3229 main street,Other & General,,upcoming,Check event listing,Eventbrite,https://www.eventbrite.com/d/ct--hartford/events/,https://www.eventbrite.com/e/mobay-lifestyle-tickets-1998453645651,Check event listing
hpl:16810058:2026-11-28 09:30:00,ESL Classes,English as a second language classes for adults. Registered students only. Please contact ESL@hplct.org for more information.,2026-11-28 09:30:00,2026-11-28 12:30:00,Downtown,Arts & Culture | Learning & Careers | Community & Volunteering,Reading & Writing | Language | Civic Engagement | Career,upcoming,Free,Hartford Public Library,https://programs.hplct.org/events,https://hplct.libnet.info/event/16810058,Adults
hpl:16811413:2026-11-28 09:30:00,ESL Classes,English as a second language classes for adults. Registered students only. Please contact ESL@hplct.org for more information.,2026-11-28 09:30:00,2026-11-28 12:30:00,Downtown,Arts & Culture | Learning & Careers | Community & Volunteering,Reading & Writing | Language | Civic Engagement | Career,upcoming,Free,Hartford Public Library,https://programs.hplct.org/events,https://hplct.libnet.info/event/16811413,Adults
hpl:16810123:2026-11-28 09:30:00,ESL Classes,English as a second language classes for adults. Registered students only. Please contact ESL@hplct.org for more information.,2026-11-28 09:30:00,2026-11-28 12:30:00,Downtown,Arts & Culture | Learning & Careers | Community & Volunteering,Reading & Writing | Language | Civic Engagement | Career,upcoming,Free,Hartford Public Library,https://programs.hplct.org/events,https://hplct.libnet.info/event/16810123,Adults
hpl:16810775:2026-11-28 09:30:00,ESL Classes,English as a second language classes for adults. Registered students only. Please contact ESL@hplct.org for more information.,2026-11-28 09:30:00,2026-11-28 12:30:00,Downtown,Arts & Culture | Learning & Careers | Community & Volunteering,Reading & Writing | Language | Civic Engagement | Career,upcoming,Free,Hartford Public Library,https://programs.hplct.org/events,https://hplct.libnet.info/event/16810775,Adults
hpl:17484100:2026-11-28 09:30:00,GED Learning Circles,"Instructor-led small group study support toward the Science, Social Studies, Mathematical Reasoning, and Language Arts GED subject tests, utilizing GED prep software provided by the Library.",2026-11-28 09:30:00,2026-11-28 11:00:00,Downtown,Arts & Culture | Learning & Careers,STEM | Reading & Writing,upcoming,Free,Hartford Public Library,https://programs.hplct.org/events,https://hplct.libnet.info/event/17484100,Adults
hpl:17484134:2026-11-28 11:00:00,GED Learning Circles,"Instructor-led small group study support toward the Science, Social Studies, Mathematical Reasoning, and Language Arts GED subject tests, utilizing GED prep software provided by the Library.",2026-11-28 11:00:00,2026-11-28 12:30:00,Downtown,Arts & Culture | Learning & Careers,STEM | Reading & Writing,upcoming,Free,Hartford Public Library,https://programs.hplct.org/events,https://hplct.libnet.info/event/17484134,Adults
hpl:16693302:2026-11-28 12:00:00,Pearson Test Center examinations,Testing in the Downtown Library's Pearson Test Center. By registration in advance only.,2026-11-28 12:00:00,2026-11-28 17:30:00,Downtown,Learning & Careers,Technology | Career,upcoming,Free,Hartford Public Library,https://programs.hplct.org/events,https://hplct.libnet.info/event/16693302,Adults
hpl:17484169:2026-11-28 12:30:00,Math Class,"Math classes offered in collaboration with Learn for Life, Inc. for adult students working to enhance workplace skills, prepare for the GED, or get ready for college",2026-11-28 12:30:00,2026-11-28 14:30:00,Downtown,Learning & Careers,STEM,upcoming,Free,Hartford Public Library,https://programs.hplct.org/events,https://hplct.libnet.info/event/17484169,Adults
hpl:17264467:2026-11-28 13:00:00,Citizenship Class,Classes for adult Green Card holders studying for the 128-question version of the civics test for U.S. citizenship and other key components of the naturalization interview.,2026-11-28 13:00:00,2026-11-28 16:00:00,Downtown,Arts & Culture | Learning & Careers | Community & Volunteering,Reading & Writing | Language | Civic Engagement,upcoming,Free,Hartford Public Library,https://programs.hplct.org/events,https://hplct.libnet.info/event/17264467,Adults
hpl:16812792:2026-11-28 13:15:00,ESL ServSafe,ServSafe training for registered ESL students only. Contact ESL@hplct.org for more information.,2026-11-28 13:15:00,2026-11-28 15:15:00,Downtown,Learning & Careers,Language | Career,upcoming,Free,Hartford Public Library,https://programs.hplct.org/events,https://hplct.libnet.info/event/16812792,Adults
hpl:17537076:2026-11-28 15:00:00,Scrapbook Photo Frames,"In this cozy craft workshop, participants will design their own pressed flower–style frames using a variety of scrapbook paper, washi tape, faux florals and stickers!",2026-11-28 15:00:00,2026-11-28 16:00:00,Albany Library,Arts & Culture | Learning & Careers,Arts,upcoming,Free,Hartford Public Library,https://programs.hplct.org/events,https://hplct.libnet.info/event/17537076,Adults
hpl:17168106:2026-11-30 00:00:00,The Puzzle Place for Teens,"Take a break, unwind, and help complete our community puzzle! Drop in anytime to add a few pieces, meet other teens, or enjoy a quiet brain break.",2026-11-30 00:00:00,2026-11-30 23:59:00,Ropkins Library,Sports & Games | Family & Kids | Community & Volunteering,STEM | Community,upcoming,Free,Hartford Public Library,https://programs.hplct.org/events,https://hplct.libnet.info/event/17168106,Teens
hpl:16693208:2026-11-30 09:30:00,Pearson Test Center examination,Testing in the Downtown Library's Pearson Test Center. By registration in advance only.,2026-11-30 09:30:00,2026-11-30 15:30:00,Downtown,Learning & Careers,Technology | Career,upcoming,Free,Hartford Public Library,https://programs.hplct.org/events,https://hplct.libnet.info/event/16693208,Adults
hpl:16841081:2026-11-30 11:00:00,Everyday Tech Help,"Need help with your phone, tablet, computer, or online services?",2026-11-30 11:00:00,2026-11-30 12:00:00,Barbour Library,Learning & Careers | Community & Volunteering,Technology | STEM | Media | Community,upcoming,Free,Hartford Public Library,https://programs.hplct.org/events,https://hplct.libnet.info/event/16841081,Adults
hpl:17483166:2026-11-30 12:30:00,Math Class,"Math classes offered in collaboration with Learn for Life, Inc. for adult students working to enhance workplace skills, prepare for the GED, or get ready for college",2026-11-30 12:30:00,2026-11-30 14:30:00,Downtown,Learning & Careers,STEM,upcoming,Free,Hartford Public Library,https://programs.hplct.org/events,https://hplct.libnet.info/event/17483166,Adults
hpl:17491061:2026-11-30 14:30:00,Next Steps for College for English Learners,"This program supports high school English Learners in grades 11-12 as they develop English language proficiency, achieve academic success, and prepare for college and career pathways.",2026-11-30 14:30:00,2026-11-30 16:30:00,Downtown,Arts & Culture | Family & Kids | Learning & Careers,STEM | Reading & Writing | Language,archived,Free,Hartford Public Library,https://programs.hplct.org/events,https://hplct.libnet.info/event/17491061,Teens
hpl:17491232:2026-11-30 14:30:00,Next Steps for College for English Learners,"This program supports high school English Learners in grades 11-12 as they develop English language proficiency, achieve academic success, and prepare for college and career pathways.",2026-11-30 14:30:00,2026-11-30 16:30:00,Downtown,Arts & Culture | Family & Kids | Learning & Careers,TAP | STEM | Reading & Writing | Language,upcoming,Free,Hartford Public Library,https://programs.hplct.org/events,https://hplct.libnet.info/event/17491232,Teens
hpl:17165188:2026-11-30 15:30:00,Homework Heroes,"Need a little extra support? Stop by after school for help with homework, reading, and school assignments in a welcoming environment. Children under 12 must be accompanied by a parent or caregiver.",2026-11-30 15:30:00,2026-11-30 16:00:00,Ropkins Library,Arts & Culture | Family & Kids | Outdoors & Nature,STEM | Reading & Writing,upcoming,Free,Hartford Public Library,https://programs.hplct.org/events,https://hplct.libnet.info/event/17165188,"Youth, Family"
hpl:17165287:2026-11-30 15:45:00,Fall Into Creativity,"Join Ms. Linda at the Ropkins Library every Monday to explore your creativity with a fun, hands-on craft. Enjoy a different project each week in a relaxed and welcoming environment.",2026-11-30 15:45:00,2026-11-30 16:15:00,Ropkins Library,Arts & Culture | Family & Kids | Outdoors & Nature,Family | Arts,upcoming,Free,Hartford Public Library,https://programs.hplct.org/events,https://hplct.libnet.info/event/17165287,"Youth, Family"
hpl:16861111:2026-11-30 17:00:00,Math Class,"Math classes offered in collaboration with Learn for Life, Inc. for adult students working to enhance workplace skills, prepare for the GED, or get ready for college",2026-11-30 17:00:00,2026-11-30 19:00:00,Downtown,Learning & Careers,STEM | Career,upcoming,Free,Hartford Public Library,https://programs.hplct.org/events,https://hplct.libnet.info/event/16861111,Adults
hpl:16809600:2026-12-01 09:30:00,ESL Classes,English as a second language classes for adults. Registered students only. Please contact ESL@hplct.org for more information.,2026-12-01 09:30:00,2026-12-01 12:00:00,Downtown,Arts & Culture | Learning & Careers | Community & Volunteering,Reading & Writing | Language | Civic Engagement | Career,upcoming,Free,Hartford Public Library,https://programs.hplct.org/events,https://hplct.libnet.info/event/16809600,Adults
hpl:16809309:2026-12-01 09:30:00,ESL Classes,English as a second language classes. Registered students only. Please contact ESL@hplct.org for more information.,2026-12-01 09:30:00,2026-12-01 12:00:00,Downtown,Arts & Culture | Learning & Careers | Community & Volunteering,Reading & Writing | Language | Civic Engagement | Career,upcoming,Free,Hartford Public Library,https://programs.hplct.org/events,https://hplct.libnet.info/event/16809309,Adults
hpl:16809745:2026-12-01 09:30:00,ESL Classes,English as a second language classes for adults. Registered students only. Please contact ESL@hplct.org for more information.,2026-12-01 09:30:00,2026-12-01 12:00:00,Downtown,Arts & Culture | Learning & Careers | Community & Volunteering,Reading & Writing | Language | Civic Engagement | Career,upcoming,Free,Hartford Public Library,https://programs.hplct.org/events,https://hplct.libnet.info/event/16809745,Adults
hpl:16809914:2026-12-01 09:30:00,ESL Classes,English as a second language classes for adults. Registered students only. Please contact ESL@hplct.org for more information.,2026-12-01 09:30:00,2026-12-01 12:00:00,Downtown,Arts & Culture | Learning & Careers | Community & Volunteering,Reading & Writing | Language | Civic Engagement | Career,upcoming,Free,Hartford Public Library,https://programs.hplct.org/events,https://hplct.libnet.info/event/16809914,Adults
hpl:17491694:2026-12-01 14:30:00,English Learners Success,"This program supports high school English Learners through engaging, project-based instruction that strengthens English language proficiency, academic success, and college and career readiness.",2026-12-01 14:30:00,2026-12-01 16:30:00,Downtown,Arts & Culture | Family & Kids | Learning & Careers,TAP | STEM | Reading & Writing | Language,upcoming,Free,Hartford Public Library,https://programs.hplct.org/events,https://hplct.libnet.info/event/17491694,Teens
hpl:17337763:2026-12-01 15:00:00,Pearson Test Center testing,"Pearson testing in the West Middle test center (44 Niles Street). Registered testers only. If you have questions or require assistance the day of your testing appointment, please call (860) 331-9538.",2026-12-01 15:00:00,2026-12-01 20:00:00,West Middle School Branch,Outdoors & Nature,TAP,upcoming,Free,Hartford Public Library,https://programs.hplct.org/events,https://hplct.libnet.info/event/17337763,Adults
hpl:16671879:2026-12-01 16:00:00,GED Learning Circles,"Instructor-led small group study support toward the Science, Social Studies, Mathematical Reasoning, and Language Arts GED subject tests, utilizing GED prep software provided by the Library.",2026-12-01 16:00:00,2026-12-01 17:30:00,Downtown,Arts & Culture | Learning & Careers,Technology | STEM | Reading & Writing,upcoming,Free,Hartford Public Library,https://programs.hplct.org/events,https://hplct.libnet.info/event/16671879,Adults
hpl:16908997:2026-12-01 17:00:00,Financial Literacy: 1-on-1 Coaching,"One-on-one money management skills coaching at the Downtown Library in Spanish or in English, by appointment. For more information, call/text (860) 256-9856",2026-12-01 17:00:00,2026-12-01 18:00:00,Downtown,Learning & Careers | Community & Volunteering,Education | Education | Community | Civic Engagement,upcoming,Free,Hartford Public Library,https://programs.hplct.org/events,https://hplct.libnet.info/event/16908997,Adults
hpl:17497634:2026-12-01 17:30:00,ESL Classes,Adult Education English as a Second Language,2026-12-01 17:30:00,2026-12-01 19:30:00,Downtown,Arts & Culture | Learning & Careers,TAP | Reading & Writing,upcoming,Free,Hartford Public Library,https://programs.hplct.org/events,https://hplct.libnet.info/event/17497634,Adults
hpl:16671940:2026-12-01 17:30:00,GED Learning Circles,"Instructor-led small group study support toward the Science, Social Studies, Mathematical Reasoning, and Language Arts GED subject tests, utilizing GED prep software provided by the Library.",2026-12-01 17:30:00,2026-12-01 19:00:00,Downtown,Arts & Culture | Learning & Careers,Technology | STEM | Reading & Writing,upcoming,Free,Hartford Public Library,https://programs.hplct.org/events,https://hplct.libnet.info/event/16671940,Adults
hpl:17350669:2026-12-01 17:30:00,ServSafe Food Manager Certification,Earn your ServSafe Food Manager certification at no cost in this free course covering advanced food safety and Connecticut law compliance. Step up. Lead Hartford's food service businesses.,2026-12-01 17:30:00,2026-12-01 19:30:00,Downtown,Food & Restaurants | Learning & Careers,Job Training | Career,upcoming,Free,Hartford Public Library,https://programs.hplct.org/events,https://hplct.libnet.info/event/17350669,Adults
hpl:16904700:2026-12-01 19:00:00,HPL Scriptwriters' Circle,"HPL STUDIOS presents a roundtable for writers to share ideas and material from their feature, short film, web series, sketch or scripted audio project with peers.",2026-12-01 19:00:00,2026-12-01 20:30:00,Downtown,Arts & Culture,Reading & Writing | Media | Arts,upcoming,Free,Hartford Public Library,https://programs.hplct.org/events,https://hplct.libnet.info/event/16904700,Adults
hpl:16806809:2026-12-02 09:30:00,English for All,Guided online learning for English as a second language,2026-12-02 09:30:00,2026-12-02 12:00:00,Downtown,Arts & Culture | Learning & Careers,Reading & Writing | Language,upcoming,Free,Hartford Public Library,https://programs.hplct.org/events,https://hplct.libnet.info/event/16806809,Adults
hpl:16812354:2026-12-02 09:30:00,ESL ServSafe,ServSafe training for registered ESL students only. Contact ESL@hplct.org for more information. Description,2026-12-02 09:30:00,2026-12-02 12:00:00,Downtown,Learning & Careers,Language | Career,upcoming,Free,Hartford Public Library,https://programs.hplct.org/events,https://hplct.libnet.info/event/16812354,Adults
hpl:17484342:2026-12-02 09:30:00,GED Learning Circles,"Instructor-led small group study support toward the Science, Social Studies, Mathematical Reasoning, and Language Arts GED subject tests, utilizing GED prep software provided by the Library.",2026-12-02 09:30:00,2026-12-02 11:00:00,Downtown,Arts & Culture | Learning & Careers,STEM | Reading & Writing,upcoming,Free,Hartford Public Library,https://programs.hplct.org/events,https://hplct.libnet.info/event/17484342,Adults
hpl:17426979:2026-12-02 10:00:00,Placement and Progress Testing for Library Programs,"Computerized placement and progress testing for participants in GED prep, citizenship prep, English classes, and other Library educational programs",2026-12-02 10:00:00,2026-12-02 13:00:00,Downtown,Learning & Careers,TAP,upcoming,Free,Hartford Public Library,https://programs.hplct.org/events,https://hplct.libnet.info/event/17426979,Adults
hpl:17484359:2026-12-02 11:00:00,GED Learning Circles,"Instructor-led small group study support toward the Science, Social Studies, Mathematical Reasoning, and Language Arts GED subject tests, utilizing GED prep software provided by the Library.",2026-12-02 11:00:00,2026-12-02 12:30:00,Downtown,Arts & Culture | Learning & Careers,STEM | Reading & Writing,upcoming,Free,Hartford Public Library,https://programs.hplct.org/events,https://hplct.libnet.info/event/17484359,Adults
hpl:17484473:2026-12-02 12:30:00,Math Class,"Math classes offered in collaboration with Learn for Life, Inc. for adult students working to enhance workplace skills, prepare for the GED, or get ready for college",2026-12-02 12:30:00,2026-12-02 14:30:00,Downtown,Learning & Careers,STEM,upcoming,Free,Hartford Public Library,https://programs.hplct.org/events,https://hplct.libnet.info/event/17484473,Adults
hpl:17491404:2026-12-02 14:30:00,Next Steps for College for English Learners,"This program supports high school English Learners in grades 11-12 as they develop English language proficiency, achieve academic success, and prepare for college and career pathways.",2026-12-02 14:30:00,2026-12-02 16:30:00,Downtown,Arts & Culture | Family & Kids | Learning & Careers,TAP | STEM | Reading & Writing | Language,upcoming,Free,Hartford Public Library,https://programs.hplct.org/events,https://hplct.libnet.info/event/17491404,Teens
hpl:17242179:2026-12-02 14:30:00,Next Steps for College for English Learners,"This program supports high school English Learners in grades 11-12 as they develop English language proficiency, achieve academic success, and prepare for college and career pathways.",2026-12-02 14:30:00,2026-12-02 17:00:00,Downtown,Arts & Culture | Family & Kids | Learning & Careers,STEM | Reading & Writing | Language,archived,Free,Hartford Public Library,https://programs.hplct.org/events,https://hplct.libnet.info/event/17242179,Teens
hpl:17337764:2026-12-02 15:00:00,Pearson Test Center testing,"Pearson testing in the West Middle test center (44 Niles Street). Registered testers only. If you have questions or require assistance the day of your testing appointment, please call (860) 331-9538.",2026-12-02 15:00:00,2026-12-02 20:00:00,West Middle School Branch,Outdoors & Nature,TAP,upcoming,Free,Hartford Public Library,https://programs.hplct.org/events,https://hplct.libnet.info/event/17337764,Adults
hpl:16909021:2026-12-02 17:00:00,Financial Literacy: 1-on-1 Coaching,"One-on-one money management skills coaching at the Downtown Library in Spanish or in English, by appointment. For more information, call/text (860) 256-9856",2026-12-02 17:00:00,2026-12-02 18:00:00,Downtown,Learning & Careers | Community & Volunteering,Education | Education | Community | Civic Engagement,upcoming,Free,Hartford Public Library,https://programs.hplct.org/events,https://hplct.libnet.info/event/16909021,Adults
hpl:16861134:2026-12-02 17:00:00,Math Class,"Math classes offered in collaboration with Learn for Life, Inc. for adult students working to enhance workplace skills, prepare for the GED, or get ready for college",2026-12-02 17:00:00,2026-12-02 19:00:00,Downtown,Learning & Careers,STEM | Career,upcoming,Free,Hartford Public Library,https://programs.hplct.org/events,https://hplct.libnet.info/event/16861134,Adults
hpl:16899061:2026-12-02 17:30:00,Monthly Men's Group,"Join us for a weekly men's group. Check in with each other, discuss important topics, connect and network with men in the Hartford area.",2026-12-02 17:30:00,2026-12-02 19:00:00,Downtown,Health & Wellness,Health & Wellness,upcoming,Free,Hartford Public Library,https://programs.hplct.org/events,https://hplct.libnet.info/event/16899061,Adults
hpl:17426385:2026-12-02 18:30:00,Intro to Studio Technology,Learn how to operate a professional recording session.,2026-12-02 18:30:00,2026-12-02 20:00:00,Downtown,Music & Nightlife | Learning & Careers,Technology | Media | Job Training | Arts,upcoming,Free,Hartford Public Library,https://programs.hplct.org/events,https://hplct.libnet.info/event/17426385,"Teens, Adults"
hpl:16809601:2026-12-03 09:30:00,ESL Classes,English as a second language classes for adults. Registered students only. Please contact ESL@hplct.org for more information.,2026-12-03 09:30:00,2026-12-03 12:00:00,Downtown,Arts & Culture | Learning & Careers | Community & Volunteering,Reading & Writing | Language | Civic Engagement | Career,upcoming,Free,Hartford Public Library,https://programs.hplct.org/events,https://hplct.libnet.info/event/16809601,Adults
hpl:16809265:2026-12-03 09:30:00,ESL Classes,English as a second language classes. Registered students only. Please contact ESL@hplct.org for more information.,2026-12-03 09:30:00,2026-12-03 12:00:00,Downtown,Arts & Culture | Learning & Careers | Community & Volunteering,Reading & Writing | Language | Civic Engagement | Career,upcoming,Free,Hartford Public Library,https://programs.hplct.org/events,https://hplct.libnet.info/event/16809265,Adults
hpl:16809702:2026-12-03 09:30:00,ESL Classes,English as a second language classes for adults. Registered students only. Please contact ESL@hplct.org for more information.,2026-12-03 09:30:00,2026-12-03 12:00:00,Downtown,Arts & Culture | Learning & Careers | Community & Volunteering,Reading & Writing | Language | Civic Engagement | Career,upcoming,Free,Hartford Public Library,https://programs.hplct.org/events,https://hplct.libnet.info/event/16809702,Adults
hpl:16809862:2026-12-03 09:30:00,ESL Classes,English as a second language classes for adults. Registered students only. Please contact ESL@hplct.org for more information.,2026-12-03 09:30:00,2026-12-03 12:00:00,Downtown,Arts & Culture | Learning & Careers | Community & Volunteering,Reading & Writing | Language | Civic Engagement | Career,upcoming,Free,Hartford Public Library,https://programs.hplct.org/events,https://hplct.libnet.info/event/16809862,Adults
hpl:17491886:2026-12-03 14:30:00,English Learners Success,"This program supports high school English Learners through engaging, project-based instruction that strengthens English language proficiency, academic success, and college and career readiness.",2026-12-03 14:30:00,2026-12-03 16:30:00,Downtown,Arts & Culture | Family & Kids | Learning & Careers,TAP | STEM | Reading & Writing | Language,upcoming,Free,Hartford Public Library,https://programs.hplct.org/events,https://hplct.libnet.info/event/17491886,Teens
hpl:17497754:2026-12-03 17:30:00,ESL Classes,Adult Education English as a Second Language,2026-12-03 17:30:00,2026-12-03 19:30:00,Downtown,Arts & Culture | Learning & Careers,TAP | Reading & Writing,upcoming,Free,Hartford Public Library,https://programs.hplct.org/events,https://hplct.libnet.info/event/17497754,Adults
hpl:17350670:2026-12-03 17:30:00,ServSafe Food Manager Certification,Earn your ServSafe Food Manager certification at no cost in this free course covering advanced food safety and Connecticut law compliance. Step up. Lead Hartford's food service businesses.,2026-12-03 17:30:00,2026-12-03 19:30:00,Downtown,Food & Restaurants | Learning & Careers,Job Training | Career,upcoming,Free,Hartford Public Library,https://programs.hplct.org/events,https://hplct.libnet.info/event/17350670,Adults
hpl:17210496:2026-12-04 10:00:00,Family Literacy PACT,Activities for families enrolled in ESL Family Literacy program,2026-12-04 10:00:00,2026-12-04 12:00:00,Downtown,Family & Kids | Learning & Careers,Language | Family,upcoming,Free,Hartford Public Library,https://programs.hplct.org/events,https://hplct.libnet.info/event/17210496,"Family, Adults"
hpl:14683711:2026-12-04 11:00:00,Family Sensory Storytime,"Ages 5 and under with parents/caregivers. Join Ms Williams for a fun read-along Sensory Storytime. Enjoy sensory play, stories, music, rhymes, and fingerplays.",2026-12-04 11:00:00,2026-12-04 12:00:00,Downtown,Music & Nightlife | Family & Kids | Learning & Careers,Storytime | Leap into Learning,upcoming,Free,Hartford Public Library,https://programs.hplct.org/events,https://hplct.libnet.info/event/14683711,"Youth, Family"
hpl:17063886:2026-12-04 12:00:00,Iniciando tu negocio,Starting a Business: A Practical Guide for New Entrepreneurs (in Spanish) An CT SBDC EVENT!,2026-12-04 12:00:00,2026-12-04 13:15:00,Downtown,Learning & Careers,Job Training | Career | Business,upcoming,Free,Hartford Public Library,https://programs.hplct.org/events,https://hplct.libnet.info/event/17063886,Adults
hpl:16810124:2026-12-05 09:30:00,ESL Classes,English as a second language classes for adults. Registered students only. Please contact ESL@hplct.org for more information.,2026-12-05 09:30:00,2026-12-05 12:30:00,Downtown,Arts & Culture | Learning & Careers | Community & Volunteering,Reading & Writing | Language | Civic Engagement | Career,upcoming,Free,Hartford Public Library,https://programs.hplct.org/events,https://hplct.libnet.info/event/16810124,Adults
hpl:16810059:2026-12-05 09:30:00,ESL Classes,English as a second language classes for adults. Registered students only. Please contact ESL@hplct.org for more information.,2026-12-05 09:30:00,2026-12-05 12:30:00,Downtown,Arts & Culture | Learning & Careers | Community & Volunteering,Reading & Writing | Language | Civic Engagement | Career,upcoming,Free,Hartford Public Library,https://programs.hplct.org/events,https://hplct.libnet.info/event/16810059,Adults
hpl:16810777:2026-12-05 09:30:00,ESL Classes,English as a second language classes for adults. Registered students only. Please contact ESL@hplct.org for more information.,2026-12-05 09:30:00,2026-12-05 12:30:00,Downtown,Arts & Culture | Learning & Careers | Community & Volunteering,Reading & Writing | Language | Civic Engagement | Career,upcoming,Free,Hartford Public Library,https://programs.hplct.org/events,https://hplct.libnet.info/event/16810777,Adults
hpl:16811414:2026-12-05 09:30:00,ESL Classes,English as a second language classes for adults. Registered students only. Please contact ESL@hplct.org for more information.,2026-12-05 09:30:00,2026-12-05 12:30:00,Downtown,Arts & Culture | Learning & Careers | Community & Volunteering,Reading & Writing | Language | Civic Engagement | Career,upcoming,Free,Hartford Public Library,https://programs.hplct.org/events,https://hplct.libnet.info/event/16811414,Adults
hpl:17484101:2026-12-05 09:30:00,GED Learning Circles,"Instructor-led small group study support toward the Science, Social Studies, Mathematical Reasoning, and Language Arts GED subject tests, utilizing GED prep software provided by the Library.",2026-12-05 09:30:00,2026-12-05 11:00:00,Downtown,Arts & Culture | Learning & Careers,STEM | Reading & Writing,upcoming,Free,Hartford Public Library,https://programs.hplct.org/events,https://hplct.libnet.info/event/17484101,Adults
hpl:17484135:2026-12-05 11:00:00,GED Learning Circles,"Instructor-led small group study support toward the Science, Social Studies, Mathematical Reasoning, and Language Arts GED subject tests, utilizing GED prep software provided by the Library.",2026-12-05 11:00:00,2026-12-05 12:30:00,Downtown,Arts & Culture | Learning & Careers,STEM | Reading & Writing,upcoming,Free,Hartford Public Library,https://programs.hplct.org/events,https://hplct.libnet.info/event/17484135,Adults
hpl:16693303:2026-12-05 12:00:00,Pearson Test Center examinations,Testing in the Downtown Library's Pearson Test Center. By registration in advance only.,2026-12-05 12:00:00,2026-12-05 17:30:00,Downtown,Learning & Careers,Technology | Career,upcoming,Free,Hartford Public Library,https://programs.hplct.org/events,https://hplct.libnet.info/event/16693303,Adults
hpl:17484170:2026-12-05 12:30:00,Math Class,"Math classes offered in collaboration with Learn for Life, Inc. for adult students working to enhance workplace skills, prepare for the GED, or get ready for college",2026-12-05 12:30:00,2026-12-05 14:30:00,Downtown,Learning & Careers,STEM,upcoming,Free,Hartford Public Library,https://programs.hplct.org/events,https://hplct.libnet.info/event/17484170,Adults
hpl:17264468:2026-12-05 13:00:00,Citizenship Class,Classes for adult Green Card holders studying for the 128-question version of the civics test for U.S. citizenship and other key components of the naturalization interview.,2026-12-05 13:00:00,2026-12-05 16:00:00,Downtown,Arts & Culture | Learning & Careers | Community & Volunteering,Reading & Writing | Language | Civic Engagement,upcoming,Free,Hartford Public Library,https://programs.hplct.org/events,https://hplct.libnet.info/event/17264468,Adults
hpl:16812793:2026-12-05 13:15:00,ESL ServSafe,ServSafe training for registered ESL students only. Contact ESL@hplct.org for more information.,2026-12-05 13:15:00,2026-12-05 15:15:00,Downtown,Learning & Careers,Language | Career,upcoming,Free,Hartford Public Library,https://programs.hplct.org/events,https://hplct.libnet.info/event/16812793,Adults
hpl:16285734:2026-12-05 14:00:00,Northeast Book Discussion Group,"The Northeast Book Discussion Group is a long-standing, community-centered book club that meets on the first Saturday of each month. October 2026 book pick: Razorblade Tears by SA Cosby.",2026-12-05 14:00:00,2026-12-05 16:30:00,Albany Library,Arts & Culture | Community & Volunteering,Reading & Writing | Civic Engagement | Arts,upcoming,Free,Hartford Public Library,https://programs.hplct.org/events,https://hplct.libnet.info/event/16285734,Adults
hpl:16693209:2026-12-07 09:30:00,Pearson Test Center examination,Testing in the Downtown Library's Pearson Test Center. By registration in advance only.,2026-12-07 09:30:00,2026-12-07 15:30:00,Downtown,Learning & Careers,Technology | Career,upcoming,Free,Hartford Public Library,https://programs.hplct.org/events,https://hplct.libnet.info/event/16693209,Adults
hpl:16841082:2026-12-07 11:00:00,Everyday Tech Help,"Need help with your phone, tablet, computer, or online services?",2026-12-07 11:00:00,2026-12-07 12:00:00,Barbour Library,Learning & Careers | Community & Volunteering,Technology | STEM | Media | Community,upcoming,Free,Hartford Public Library,https://programs.hplct.org/events,https://hplct.libnet.info/event/16841082,Adults
hpl:17483167:2026-12-07 12:30:00,Math Class,"Math classes offered in collaboration with Learn for Life, Inc. for adult students working to enhance workplace skills, prepare for the GED, or get ready for college",2026-12-07 12:30:00,2026-12-07 14:30:00,Downtown,Learning & Careers,STEM,upcoming,Free,Hartford Public Library,https://programs.hplct.org/events,https://hplct.libnet.info/event/17483167,Adults
hpl:17491062:2026-12-07 14:30:00,Next Steps for College for English Learners,"This program supports high school English Learners in grades 11-12 as they develop English language proficiency, achieve academic success, and prepare for college and career pathways.",2026-12-07 14:30:00,2026-12-07 16:30:00,Downtown,Arts & Culture | Family & Kids | Learning & Careers,STEM | Reading & Writing | Language,archived,Free,Hartford Public Library,https://programs.hplct.org/events,https://hplct.libnet.info/event/17491062,Teens
hpl:17491234:2026-12-07 14:30:00,Next Steps for College for English Learners,"This program supports high school English Learners in grades 11-12 as they develop English language proficiency, achieve academic success, and prepare for college and career pathways.",2026-12-07 14:30:00,2026-12-07 16:30:00,Downtown,Arts & Culture | Family & Kids | Learning & Careers,TAP | STEM | Reading & Writing | Language,upcoming,Free,Hartford Public Library,https://programs.hplct.org/events,https://hplct.libnet.info/event/17491234,Teens
hpl:16861112:2026-12-07 17:00:00,Math Class,"Math classes offered in collaboration with Learn for Life, Inc. for adult students working to enhance workplace skills, prepare for the GED, or get ready for college",2026-12-07 17:00:00,2026-12-07 19:00:00,Downtown,Learning & Careers,STEM | Career,upcoming,Free,Hartford Public Library,https://programs.hplct.org/events,https://hplct.libnet.info/event/16861112,Adults
hpl:16809915:2026-12-08 09:30:00,ESL Classes,English as a second language classes for adults. Registered students only. Please contact ESL@hplct.org for more information.,2026-12-08 09:30:00,2026-12-08 12:00:00,Downtown,Arts & Culture | Learning & Careers | Community & Volunteering,Reading & Writing | Language | Civic Engagement | Career,upcoming,Free,Hartford Public Library,https://programs.hplct.org/events,https://hplct.libnet.info/event/16809915,Adults
hpl:16809602:2026-12-08 09:30:00,ESL Classes,English as a second language classes for adults. Registered students only. Please contact ESL@hplct.org for more information.,2026-12-08 09:30:00,2026-12-08 12:00:00,Downtown,Arts & Culture | Learning & Careers | Community & Volunteering,Reading & Writing | Language | Civic Engagement | Career,upcoming,Free,Hartford Public Library,https://programs.hplct.org/events,https://hplct.libnet.info/event/16809602,Adults
hpl:16809310:2026-12-08 09:30:00,ESL Classes,English as a second language classes. Registered students only. Please contact ESL@hplct.org for more information.,2026-12-08 09:30:00,2026-12-08 12:00:00,Downtown,Arts & Culture | Learning & Careers | Community & Volunteering,Reading & Writing | Language | Civic Engagement | Career,upcoming,Free,Hartford Public Library,https://programs.hplct.org/events,https://hplct.libnet.info/event/16809310,Adults
hpl:16809746:2026-12-08 09:30:00,ESL Classes,English as a second language classes for adults. Registered students only. Please contact ESL@hplct.org for more information.,2026-12-08 09:30:00,2026-12-08 12:00:00,Downtown,Arts & Culture | Learning & Careers | Community & Volunteering,Reading & Writing | Language | Civic Engagement | Career,upcoming,Free,Hartford Public Library,https://programs.hplct.org/events,https://hplct.libnet.info/event/16809746,Adults
hpl:17491695:2026-12-08 14:30:00,English Learners Success,"This program supports high school English Learners through engaging, project-based instruction that strengthens English language proficiency, academic success, and college and career readiness.",2026-12-08 14:30:00,2026-12-08 16:30:00,Downtown,Arts & Culture | Family & Kids | Learning & Careers,TAP | STEM | Reading & Writing | Language,upcoming,Free,Hartford Public Library,https://programs.hplct.org/events,https://hplct.libnet.info/event/17491695,Teens
hpl:17337765:2026-12-08 15:00:00,Pearson Test Center testing,"Pearson testing in the West Middle test center (44 Niles Street). Registered testers only. If you have questions or require assistance the day of your testing appointment, please call (860) 331-9538.",2026-12-08 15:00:00,2026-12-08 20:00:00,West Middle School Branch,Outdoors & Nature,TAP,upcoming,Free,Hartford Public Library,https://programs.hplct.org/events,https://hplct.libnet.info/event/17337765,Adults
hpl:16671880:2026-12-08 16:00:00,GED Learning Circles,"Instructor-led small group study support toward the Science, Social Studies, Mathematical Reasoning, and Language Arts GED subject tests, utilizing GED prep software provided by the Library.",2026-12-08 16:00:00,2026-12-08 17:30:00,Downtown,Arts & Culture | Learning & Careers,Technology | STEM | Reading & Writing,upcoming,Free,Hartford Public Library,https://programs.hplct.org/events,https://hplct.libnet.info/event/16671880,Adults
hpl:16908998:2026-12-08 17:00:00,Financial Literacy: 1-on-1 Coaching,"One-on-one money management skills coaching at the Downtown Library in Spanish or in English, by appointment. For more information, call/text (860) 256-9856",2026-12-08 17:00:00,2026-12-08 18:00:00,Downtown,Learning & Careers | Community & Volunteering,Education | Education | Community | Civic Engagement,upcoming,Free,Hartford Public Library,https://programs.hplct.org/events,https://hplct.libnet.info/event/16908998,Adults
hpl:17497635:2026-12-08 17:30:00,ESL Classes,Adult Education English as a Second Language,2026-12-08 17:30:00,2026-12-08 19:30:00,Downtown,Arts & Culture | Learning & Careers,TAP | Reading & Writing,upcoming,Free,Hartford Public Library,https://programs.hplct.org/events,https://hplct.libnet.info/event/17497635,Adults
hpl:16671941:2026-12-08 17:30:00,GED Learning Circles,"Instructor-led small group study support toward the Science, Social Studies, Mathematical Reasoning, and Language Arts GED subject tests, utilizing GED prep software provided by the Library.",2026-12-08 17:30:00,2026-12-08 19:00:00,Downtown,Arts & Culture | Learning & Careers,Technology | STEM | Reading & Writing,upcoming,Free,Hartford Public Library,https://programs.hplct.org/events,https://hplct.libnet.info/event/16671941,Adults
hpl:17350671:2026-12-08 17:30:00,ServSafe Food Manager Certification,Earn your ServSafe Food Manager certification at no cost in this free course covering advanced food safety and Connecticut law compliance. Step up. Lead Hartford's food service businesses.,2026-12-08 17:30:00,2026-12-08 19:30:00,Downtown,Food & Restaurants | Learning & Careers,Job Training | Career,upcoming,Free,Hartford Public Library,https://programs.hplct.org/events,https://hplct.libnet.info/event/17350671,Adults
hpl:16806810:2026-12-09 09:30:00,English for All,Guided online learning for English as a second language,2026-12-09 09:30:00,2026-12-09 12:00:00,Downtown,Arts & Culture | Learning & Careers,Reading & Writing | Language,upcoming,Free,Hartford Public Library,https://programs.hplct.org/events,https://hplct.libnet.info/event/16806810,Adults
hpl:17484343:2026-12-09 09:30:00,GED Learning Circles,"Instructor-led small group study support toward the Science, Social Studies, Mathematical Reasoning, and Language Arts GED subject tests, utilizing GED prep software provided by the Library.",2026-12-09 09:30:00,2026-12-09 11:00:00,Downtown,Arts & Culture | Learning & Careers,STEM | Reading & Writing,upcoming,Free,Hartford Public Library,https://programs.hplct.org/events,https://hplct.libnet.info/event/17484343,Adults
hpl:17426980:2026-12-09 10:00:00,Placement and Progress Testing for Library Programs,"Computerized placement and progress testing for participants in GED prep, citizenship prep, English classes, and other Library educational programs",2026-12-09 10:00:00,2026-12-09 13:00:00,Downtown,Learning & Careers,TAP,upcoming,Free,Hartford Public Library,https://programs.hplct.org/events,https://hplct.libnet.info/event/17426980,Adults
hpl:17484360:2026-12-09 11:00:00,GED Learning Circles,"Instructor-led small group study support toward the Science, Social Studies, Mathematical Reasoning, and Language Arts GED subject tests, utilizing GED prep software provided by the Library.",2026-12-09 11:00:00,2026-12-09 12:30:00,Downtown,Arts & Culture | Learning & Careers,STEM | Reading & Writing,upcoming,Free,Hartford Public Library,https://programs.hplct.org/events,https://hplct.libnet.info/event/17484360,Adults
hpl:17108741:2026-12-09 11:00:00,The Basics of Chocolate Truffle Making,"Learn how to make rich, decadent chocolate truffles in this fun demonstration. Discover simple techniques for creating delicious homemade treats you can recreate at home. Registration is required.",2026-12-09 11:00:00,2026-12-09 12:00:00,Albany Library,Learning & Careers,Arts,upcoming,Free,Hartford Public Library,https://programs.hplct.org/events,https://hplct.libnet.info/event/17108741,Adults
hpl:17484474:2026-12-09 12:30:00,Math Class,"Math classes offered in collaboration with Learn for Life, Inc. for adult students working to enhance workplace skills, prepare for the GED, or get ready for college",2026-12-09 12:30:00,2026-12-09 14:30:00,Downtown,Learning & Careers,STEM,upcoming,Free,Hartford Public Library,https://programs.hplct.org/events,https://hplct.libnet.info/event/17484474,Adults
hpl:17242180:2026-12-09 14:30:00,Next Steps for College for English Learners,"This program supports high school English Learners in grades 11-12 as they develop English language proficiency, achieve academic success, and prepare for college and career pathways.",2026-12-09 14:30:00,2026-12-09 17:00:00,Downtown,Arts & Culture | Family & Kids | Learning & Careers,STEM | Reading & Writing | Language,archived,Free,Hartford Public Library,https://programs.hplct.org/events,https://hplct.libnet.info/event/17242180,Teens
hpl:17491405:2026-12-09 14:30:00,Next Steps for College for English Learners,"This program supports high school English Learners in grades 11-12 as they develop English language proficiency, achieve academic success, and prepare for college and career pathways.",2026-12-09 14:30:00,2026-12-09 16:30:00,Downtown,Arts & Culture | Family & Kids | Learning & Careers,TAP | STEM | Reading & Writing | Language,upcoming,Free,Hartford Public Library,https://programs.hplct.org/events,https://hplct.libnet.info/event/17491405,Teens
hpl:17337766:2026-12-09 15:00:00,Pearson Test Center testing,"Pearson testing in the West Middle test center (44 Niles Street). Registered testers only. If you have questions or require assistance the day of your testing appointment, please call (860) 331-9538.",2026-12-09 15:00:00,2026-12-09 20:00:00,West Middle School Branch,Outdoors & Nature,TAP,upcoming,Free,Hartford Public Library,https://programs.hplct.org/events,https://hplct.libnet.info/event/17337766,Adults
hpl:16909023:2026-12-09 17:00:00,Financial Literacy: 1-on-1 Coaching,"One-on-one money management skills coaching at the Downtown Library in Spanish or in English, by appointment. For more information, call/text (860) 256-9856",2026-12-09 17:00:00,2026-12-09 18:00:00,Downtown,Learning & Careers | Community & Volunteering,Education | Education | Community | Civic Engagement,upcoming,Free,Hartford Public Library,https://programs.hplct.org/events,https://hplct.libnet.info/event/16909023,Adults
hpl:16861135:2026-12-09 17:00:00,Math Class,"Math classes offered in collaboration with Learn for Life, Inc. for adult students working to enhance workplace skills, prepare for the GED, or get ready for college",2026-12-09 17:00:00,2026-12-09 19:00:00,Downtown,Learning & Careers,STEM | Career,upcoming,Free,Hartford Public Library,https://programs.hplct.org/events,https://hplct.libnet.info/event/16861135,Adults
hpl:17426386:2026-12-09 18:30:00,Intro to Studio Technology,Learn how to operate a professional recording session.,2026-12-09 18:30:00,2026-12-09 20:00:00,Downtown,Music & Nightlife | Learning & Careers,Technology | Media | Job Training | Arts,upcoming,Free,Hartford Public Library,https://programs.hplct.org/events,https://hplct.libnet.info/event/17426386,"Teens, Adults"
hpl:16809266:2026-12-10 09:30:00,ESL Classes,English as a second language classes. Registered students only. Please contact ESL@hplct.org for more information.,2026-12-10 09:30:00,2026-12-10 12:00:00,Downtown,Arts & Culture | Learning & Careers | Community & Volunteering,Reading & Writing | Language | Civic Engagement | Career,upcoming,Free,Hartford Public Library,https://programs.hplct.org/events,https://hplct.libnet.info/event/16809266,Adults
hpl:16809603:2026-12-10 09:30:00,ESL Classes,English as a second language classes for adults. Registered students only. Please contact ESL@hplct.org for more information.,2026-12-10 09:30:00,2026-12-10 12:00:00,Downtown,Arts & Culture | Learning & Careers | Community & Volunteering,Reading & Writing | Language | Civic Engagement | Career,upcoming,Free,Hartford Public Library,https://programs.hplct.org/events,https://hplct.libnet.info/event/16809603,Adults
hpl:16809863:2026-12-10 09:30:00,ESL Classes,English as a second language classes for adults. Registered students only. Please contact ESL@hplct.org for more information.,2026-12-10 09:30:00,2026-12-10 12:00:00,Downtown,Arts & Culture | Learning & Careers | Community & Volunteering,Reading & Writing | Language | Civic Engagement | Career,upcoming,Free,Hartford Public Library,https://programs.hplct.org/events,https://hplct.libnet.info/event/16809863,Adults
hpl:16809703:2026-12-10 09:30:00,ESL Classes,English as a second language classes for adults. Registered students only. Please contact ESL@hplct.org for more information.,2026-12-10 09:30:00,2026-12-10 12:00:00,Downtown,Arts & Culture | Learning & Careers | Community & Volunteering,Reading & Writing | Language | Civic Engagement | Career,upcoming,Free,Hartford Public Library,https://programs.hplct.org/events,https://hplct.libnet.info/event/16809703,Adults
hpl:17491887:2026-12-10 14:30:00,English Learners Success,"This program supports high school English Learners through engaging, project-based instruction that strengthens English language proficiency, academic success, and college and career readiness.",2026-12-10 14:30:00,2026-12-10 16:30:00,Downtown,Arts & Culture | Family & Kids | Learning & Careers,TAP | STEM | Reading & Writing | Language,upcoming,Free,Hartford Public Library,https://programs.hplct.org/events,https://hplct.libnet.info/event/17491887,Teens
hpl:16387514:2026-12-10 16:00:00,Adult Tech Class,"Join us for hands-on computer basics lessons for adults. All experience levels welcomed, beginners encouraged! Registration is not necessary.",2026-12-10 16:00:00,2026-12-10 17:30:00,Downtown,Learning & Careers,Technology,upcoming,Free,Hartford Public Library,https://programs.hplct.org/events,https://hplct.libnet.info/event/16387514,Adults
hpl:17350728:2026-12-10 17:30:00,Career Workshop: Resume Building For Food Service Workers,You've earned your ServSafe certifications. Now take the next step. This free workshop helps food service professionals present their credentials and build a job-ready resume. Start here!,2026-12-10 17:30:00,2026-12-10 19:30:00,Downtown,Food & Restaurants | Learning & Careers,Job Training | Education | Education | Career,upcoming,Free,Hartford Public Library,https://programs.hplct.org/events,https://hplct.libnet.info/event/17350728,Adults
hpl:17497755:2026-12-10 17:30:00,ESL Classes,Adult Education English as a Second Language,2026-12-10 17:30:00,2026-12-10 19:30:00,Downtown,Arts & Culture | Learning & Careers,TAP | Reading & Writing,upcoming,Free,Hartford Public Library,https://programs.hplct.org/events,https://hplct.libnet.info/event/17497755,Adults
hpl:17210497:2026-12-11 10:00:00,Family Literacy PACT,Activities for families enrolled in ESL Family Literacy program,2026-12-11 10:00:00,2026-12-11 12:00:00,Downtown,Family & Kids | Learning & Careers,Language | Family,upcoming,Free,Hartford Public Library,https://programs.hplct.org/events,https://hplct.libnet.info/event/17210497,"Family, Adults"
eventbrite:2002356059877:2026-12-12,Spades | The All Black Event,"Open the event listing for details, cost, time, and registration.",2026-12-12,2026-12-13,2964 Main St · 2964 Main Street,Other & General,,upcoming,Check event listing,Eventbrite,https://www.eventbrite.com/d/ct--hartford/events/,https://www.eventbrite.com/e/spades-the-all-black-event-tickets-2002356059877,Check event listing
hpl:16810125:2026-12-12 09:30:00,ESL Classes,English as a second language classes for adults. Registered students only. Please contact ESL@hplct.org for more information.,2026-12-12 09:30:00,2026-12-12 12:30:00,Downtown,Arts & Culture | Learning & Careers | Community & Volunteering,Reading & Writing | Language | Civic Engagement | Career,upcoming,Free,Hartford Public Library,https://programs.hplct.org/events,https://hplct.libnet.info/event/16810125,Adults
hpl:16811415:2026-12-12 09:30:00,ESL Classes,English as a second language classes for adults. Registered students only. Please contact ESL@hplct.org for more information.,2026-12-12 09:30:00,2026-12-12 12:30:00,Downtown,Arts & Culture | Learning & Careers | Community & Volunteering,Reading & Writing | Language | Civic Engagement | Career,upcoming,Free,Hartford Public Library,https://programs.hplct.org/events,https://hplct.libnet.info/event/16811415,Adults
hpl:16810778:2026-12-12 09:30:00,ESL Classes,English as a second language classes for adults. Registered students only. Please contact ESL@hplct.org for more information.,2026-12-12 09:30:00,2026-12-12 12:30:00,Downtown,Arts & Culture | Learning & Careers | Community & Volunteering,Reading & Writing | Language | Civic Engagement | Career,upcoming,Free,Hartford Public Library,https://programs.hplct.org/events,https://hplct.libnet.info/event/16810778,Adults
hpl:16810060:2026-12-12 09:30:00,ESL Classes,English as a second language classes for adults. Registered students only. Please contact ESL@hplct.org for more information.,2026-12-12 09:30:00,2026-12-12 12:30:00,Downtown,Arts & Culture | Learning & Careers | Community & Volunteering,Reading & Writing | Language | Civic Engagement | Career,upcoming,Free,Hartford Public Library,https://programs.hplct.org/events,https://hplct.libnet.info/event/16810060,Adults
hpl:17484102:2026-12-12 09:30:00,GED Learning Circles,"Instructor-led small group study support toward the Science, Social Studies, Mathematical Reasoning, and Language Arts GED subject tests, utilizing GED prep software provided by the Library.",2026-12-12 09:30:00,2026-12-12 11:00:00,Downtown,Arts & Culture | Learning & Careers,STEM | Reading & Writing,upcoming,Free,Hartford Public Library,https://programs.hplct.org/events,https://hplct.libnet.info/event/17484102,Adults
hpl:17484136:2026-12-12 11:00:00,GED Learning Circles,"Instructor-led small group study support toward the Science, Social Studies, Mathematical Reasoning, and Language Arts GED subject tests, utilizing GED prep software provided by the Library.",2026-12-12 11:00:00,2026-12-12 12:30:00,Downtown,Arts & Culture | Learning & Careers,STEM | Reading & Writing,upcoming,Free,Hartford Public Library,https://programs.hplct.org/events,https://hplct.libnet.info/event/17484136,Adults
hpl:16693304:2026-12-12 12:00:00,Pearson Test Center examinations,Testing in the Downtown Library's Pearson Test Center. By registration in advance only.,2026-12-12 12:00:00,2026-12-12 17:30:00,Downtown,Learning & Careers,Technology | Career,upcoming,Free,Hartford Public Library,https://programs.hplct.org/events,https://hplct.libnet.info/event/16693304,Adults
hpl:17484171:2026-12-12 12:30:00,Math Class,"Math classes offered in collaboration with Learn for Life, Inc. for adult students working to enhance workplace skills, prepare for the GED, or get ready for college",2026-12-12 12:30:00,2026-12-12 14:30:00,Downtown,Learning & Careers,STEM,upcoming,Free,Hartford Public Library,https://programs.hplct.org/events,https://hplct.libnet.info/event/17484171,Adults
hpl:17264469:2026-12-12 13:00:00,Citizenship Class,Classes for adult Green Card holders studying for the 128-question version of the civics test for U.S. citizenship and other key components of the naturalization interview.,2026-12-12 13:00:00,2026-12-12 16:00:00,Downtown,Arts & Culture | Learning & Careers | Community & Volunteering,Reading & Writing | Language | Civic Engagement,upcoming,Free,Hartford Public Library,https://programs.hplct.org/events,https://hplct.libnet.info/event/17264469,Adults
hpl:16693210:2026-12-14 09:30:00,Pearson Test Center examination,Testing in the Downtown Library's Pearson Test Center. By registration in advance only.,2026-12-14 09:30:00,2026-12-14 15:30:00,Downtown,Learning & Careers,Technology | Career,upcoming,Free,Hartford Public Library,https://programs.hplct.org/events,https://hplct.libnet.info/event/16693210,Adults
hpl:16841083:2026-12-14 11:00:00,Everyday Tech Help,"Need help with your phone, tablet, computer, or online services?",2026-12-14 11:00:00,2026-12-14 12:00:00,Barbour Library,Learning & Careers | Community & Volunteering,Technology | STEM | Media | Community,upcoming,Free,Hartford Public Library,https://programs.hplct.org/events,https://hplct.libnet.info/event/16841083,Adults
hpl:17483168:2026-12-14 12:30:00,Math Class,"Math classes offered in collaboration with Learn for Life, Inc. for adult students working to enhance workplace skills, prepare for the GED, or get ready for college",2026-12-14 12:30:00,2026-12-14 14:30:00,Downtown,Learning & Careers,STEM,upcoming,Free,Hartford Public Library,https://programs.hplct.org/events,https://hplct.libnet.info/event/17483168,Adults
hpl:17491063:2026-12-14 14:30:00,Next Steps for College for English Learners,"This program supports high school English Learners in grades 11-12 as they develop English language proficiency, achieve academic success, and prepare for college and career pathways.",2026-12-14 14:30:00,2026-12-14 16:30:00,Downtown,Arts & Culture | Family & Kids | Learning & Careers,STEM | Reading & Writing | Language,archived,Free,Hartford Public Library,https://programs.hplct.org/events,https://hplct.libnet.info/event/17491063,Teens
hpl:17491235:2026-12-14 14:30:00,Next Steps for College for English Learners,"This program supports high school English Learners in grades 11-12 as they develop English language proficiency, achieve academic success, and prepare for college and career pathways.",2026-12-14 14:30:00,2026-12-14 16:30:00,Downtown,Arts & Culture | Family & Kids | Learning & Careers,TAP | STEM | Reading & Writing | Language,upcoming,Free,Hartford Public Library,https://programs.hplct.org/events,https://hplct.libnet.info/event/17491235,Teens
hpl:16861113:2026-12-14 17:00:00,Math Class,"Math classes offered in collaboration with Learn for Life, Inc. for adult students working to enhance workplace skills, prepare for the GED, or get ready for college",2026-12-14 17:00:00,2026-12-14 19:00:00,Downtown,Learning & Careers,STEM | Career,upcoming,Free,Hartford Public Library,https://programs.hplct.org/events,https://hplct.libnet.info/event/16861113,Adults
hpl:16809311:2026-12-15 09:30:00,ESL Classes,English as a second language classes. Registered students only. Please contact ESL@hplct.org for more information.,2026-12-15 09:30:00,2026-12-15 12:00:00,Downtown,Arts & Culture | Learning & Careers | Community & Volunteering,Reading & Writing | Language | Civic Engagement | Career,upcoming,Free,Hartford Public Library,https://programs.hplct.org/events,https://hplct.libnet.info/event/16809311,Adults
hpl:16809916:2026-12-15 09:30:00,ESL Classes,English as a second language classes for adults. Registered students only. Please contact ESL@hplct.org for more information.,2026-12-15 09:30:00,2026-12-15 12:00:00,Downtown,Arts & Culture | Learning & Careers | Community & Volunteering,Reading & Writing | Language | Civic Engagement | Career,upcoming,Free,Hartford Public Library,https://programs.hplct.org/events,https://hplct.libnet.info/event/16809916,Adults
hpl:16809747:2026-12-15 09:30:00,ESL Classes,English as a second language classes for adults. Registered students only. Please contact ESL@hplct.org for more information.,2026-12-15 09:30:00,2026-12-15 12:00:00,Downtown,Arts & Culture | Learning & Careers | Community & Volunteering,Reading & Writing | Language | Civic Engagement | Career,upcoming,Free,Hartford Public Library,https://programs.hplct.org/events,https://hplct.libnet.info/event/16809747,Adults
hpl:16809604:2026-12-15 09:30:00,ESL Classes,English as a second language classes for adults. Registered students only. Please contact ESL@hplct.org for more information.,2026-12-15 09:30:00,2026-12-15 12:00:00,Downtown,Arts & Culture | Learning & Careers | Community & Volunteering,Reading & Writing | Language | Civic Engagement | Career,upcoming,Free,Hartford Public Library,https://programs.hplct.org/events,https://hplct.libnet.info/event/16809604,Adults
hpl:17463661:2026-12-15 10:00:00,Everyday Tech,Are you looking to finally understand your device or boost your computer skills for work?,2026-12-15 10:00:00,2026-12-15 11:00:00,Dwight Library,Learning & Careers,Technology,upcoming,Free,Hartford Public Library,https://programs.hplct.org/events,https://hplct.libnet.info/event/17463661,Adults
hpl:17243715:2026-12-15 11:00:00,Resource Day,"Join us on every 3rd Tuesday of the month for our resource day, featuring partnering organizations throughout the city of Hartford. It's a one stop hub!",2026-12-15 11:00:00,2026-12-15 14:00:00,Park Street Library @ The Lyric,Health & Wellness | Learning & Careers | Community & Volunteering,Health & Wellness | Community | Career,upcoming,Free,Hartford Public Library,https://programs.hplct.org/events,https://hplct.libnet.info/event/17243715,Adults
hpl:17463662:2026-12-15 14:00:00,Everyday Tech,Are you looking to finally understand your device or boost your computer skills for work?,2026-12-15 14:00:00,2026-12-15 15:00:00,Dwight Library,Learning & Careers,Technology,upcoming,Free,Hartford Public Library,https://programs.hplct.org/events,https://hplct.libnet.info/event/17463662,Adults
hpl:17491696:2026-12-15 14:30:00,English Learners Success,"This program supports high school English Learners through engaging, project-based instruction that strengthens English language proficiency, academic success, and college and career readiness.",2026-12-15 14:30:00,2026-12-15 16:30:00,Downtown,Arts & Culture | Family & Kids | Learning & Careers,TAP | STEM | Reading & Writing | Language,upcoming,Free,Hartford Public Library,https://programs.hplct.org/events,https://hplct.libnet.info/event/17491696,Teens
hpl:17337767:2026-12-15 15:00:00,Pearson Test Center testing,"Pearson testing in the West Middle test center (44 Niles Street). Registered testers only. If you have questions or require assistance the day of your testing appointment, please call (860) 331-9538.",2026-12-15 15:00:00,2026-12-15 20:00:00,West Middle School Branch,Outdoors & Nature,TAP,upcoming,Free,Hartford Public Library,https://programs.hplct.org/events,https://hplct.libnet.info/event/17337767,Adults
hpl:16671881:2026-12-15 16:00:00,GED Learning Circles,"Instructor-led small group study support toward the Science, Social Studies, Mathematical Reasoning, and Language Arts GED subject tests, utilizing GED prep software provided by the Library.",2026-12-15 16:00:00,2026-12-15 17:30:00,Downtown,Arts & Culture | Learning & Careers,Technology | STEM | Reading & Writing,upcoming,Free,Hartford Public Library,https://programs.hplct.org/events,https://hplct.libnet.info/event/16671881,Adults
hpl:16908999:2026-12-15 17:00:00,Financial Literacy: 1-on-1 Coaching,"One-on-one money management skills coaching at the Downtown Library in Spanish or in English, by appointment. For more information, call/text (860) 256-9856",2026-12-15 17:00:00,2026-12-15 18:00:00,Downtown,Learning & Careers | Community & Volunteering,Education | Education | Community | Civic Engagement,upcoming,Free,Hartford Public Library,https://programs.hplct.org/events,https://hplct.libnet.info/event/16908999,Adults
hpl:17350778:2026-12-15 17:30:00,Career Workshop: Interview Prep for Food Service Workers,You've earned your ServSafe certifications. Now take the next step. This free workshop helps food service professionals practice interview skills and walk in prepared. Walk out with the job!,2026-12-15 17:30:00,2026-12-15 19:30:00,Downtown,Food & Restaurants | Learning & Careers | Outdoors & Nature,Job Training | Career,upcoming,Free,Hartford Public Library,https://programs.hplct.org/events,https://hplct.libnet.info/event/17350778,Adults
hpl:17497636:2026-12-15 17:30:00,ESL Classes,Adult Education English as a Second Language,2026-12-15 17:30:00,2026-12-15 19:30:00,Downtown,Arts & Culture | Learning & Careers,TAP | Reading & Writing,upcoming,Free,Hartford Public Library,https://programs.hplct.org/events,https://hplct.libnet.info/event/17497636,Adults
hpl:16671942:2026-12-15 17:30:00,GED Learning Circles,"Instructor-led small group study support toward the Science, Social Studies, Mathematical Reasoning, and Language Arts GED subject tests, utilizing GED prep software provided by the Library.",2026-12-15 17:30:00,2026-12-15 19:00:00,Downtown,Arts & Culture | Learning & Careers,Technology | STEM | Reading & Writing,upcoming,Free,Hartford Public Library,https://programs.hplct.org/events,https://hplct.libnet.info/event/16671942,Adults
hpl:16904702:2026-12-15 19:00:00,HPL Scriptwriters' Circle,"HPL STUDIOS presents a roundtable for writers to share ideas and material from their feature, short film, web series, sketch or scripted audio project with peers.",2026-12-15 19:00:00,2026-12-15 20:30:00,Downtown,Arts & Culture,Reading & Writing | Media | Arts,upcoming,Free,Hartford Public Library,https://programs.hplct.org/events,https://hplct.libnet.info/event/16904702,Adults
hpl:16806811:2026-12-16 09:30:00,English for All,Guided online learning for English as a second language,2026-12-16 09:30:00,2026-12-16 12:00:00,Downtown,Arts & Culture | Learning & Careers,Reading & Writing | Language,upcoming,Free,Hartford Public Library,https://programs.hplct.org/events,https://hplct.libnet.info/event/16806811,Adults
hpl:17484344:2026-12-16 09:30:00,GED Learning Circles,"Instructor-led small group study support toward the Science, Social Studies, Mathematical Reasoning, and Language Arts GED subject tests, utilizing GED prep software provided by the Library.",2026-12-16 09:30:00,2026-12-16 11:00:00,Downtown,Arts & Culture | Learning & Careers,STEM | Reading & Writing,upcoming,Free,Hartford Public Library,https://programs.hplct.org/events,https://hplct.libnet.info/event/17484344,Adults
hpl:17426981:2026-12-16 10:00:00,Placement and Progress Testing for Library Programs,"Computerized placement and progress testing for participants in GED prep, citizenship prep, English classes, and other Library educational programs",2026-12-16 10:00:00,2026-12-16 13:00:00,Downtown,Learning & Careers,TAP,upcoming,Free,Hartford Public Library,https://programs.hplct.org/events,https://hplct.libnet.info/event/17426981,Adults
hpl:17484361:2026-12-16 11:00:00,GED Learning Circles,"Instructor-led small group study support toward the Science, Social Studies, Mathematical Reasoning, and Language Arts GED subject tests, utilizing GED prep software provided by the Library.",2026-12-16 11:00:00,2026-12-16 12:30:00,Downtown,Arts & Culture | Learning & Careers,STEM | Reading & Writing,upcoming,Free,Hartford Public Library,https://programs.hplct.org/events,https://hplct.libnet.info/event/17484361,Adults
hpl:17443494:2026-12-16 11:00:00,The Basics of Chocolate Truffle Making,"Learn how to make rich, decadent chocolate truffles in this fun demonstration. Discover simple techniques for creating delicious homemade treats you can recreate at home.",2026-12-16 11:00:00,2026-12-16 12:00:00,Park Street Library @ The Lyric,Learning & Careers,Arts,upcoming,Free,Hartford Public Library,https://programs.hplct.org/events,https://hplct.libnet.info/event/17443494,Adults
hpl:17484475:2026-12-16 12:30:00,Math Class,"Math classes offered in collaboration with Learn for Life, Inc. for adult students working to enhance workplace skills, prepare for the GED, or get ready for college",2026-12-16 12:30:00,2026-12-16 14:30:00,Downtown,Learning & Careers,STEM,upcoming,Free,Hartford Public Library,https://programs.hplct.org/events,https://hplct.libnet.info/event/17484475,Adults
hpl:17491406:2026-12-16 14:30:00,Next Steps for College for English Learners,"This program supports high school English Learners in grades 11-12 as they develop English language proficiency, achieve academic success, and prepare for college and career pathways.",2026-12-16 14:30:00,2026-12-16 16:30:00,Downtown,Arts & Culture | Family & Kids | Learning & Careers,TAP | STEM | Reading & Writing | Language,upcoming,Free,Hartford Public Library,https://programs.hplct.org/events,https://hplct.libnet.info/event/17491406,Teens
hpl:17242181:2026-12-16 14:30:00,Next Steps for College for English Learners,"This program supports high school English Learners in grades 11-12 as they develop English language proficiency, achieve academic success, and prepare for college and career pathways.",2026-12-16 14:30:00,2026-12-16 17:00:00,Downtown,Arts & Culture | Family & Kids | Learning & Careers,STEM | Reading & Writing | Language,archived,Free,Hartford Public Library,https://programs.hplct.org/events,https://hplct.libnet.info/event/17242181,Teens
hpl:17337768:2026-12-16 15:00:00,Pearson Test Center testing,"Pearson testing in the West Middle test center (44 Niles Street). Registered testers only. If you have questions or require assistance the day of your testing appointment, please call (860) 331-9538.",2026-12-16 15:00:00,2026-12-16 20:00:00,West Middle School Branch,Outdoors & Nature,TAP,upcoming,Free,Hartford Public Library,https://programs.hplct.org/events,https://hplct.libnet.info/event/17337768,Adults
hpl:16909024:2026-12-16 17:00:00,Financial Literacy: 1-on-1 Coaching,"One-on-one money management skills coaching at the Downtown Library in Spanish or in English, by appointment. For more information, call/text (860) 256-9856",2026-12-16 17:00:00,2026-12-16 18:00:00,Downtown,Learning & Careers | Community & Volunteering,Education | Education | Community | Civic Engagement,upcoming,Free,Hartford Public Library,https://programs.hplct.org/events,https://hplct.libnet.info/event/16909024,Adults
hpl:16861136:2026-12-16 17:00:00,Math Class,"Math classes offered in collaboration with Learn for Life, Inc. for adult students working to enhance workplace skills, prepare for the GED, or get ready for college",2026-12-16 17:00:00,2026-12-16 19:00:00,Downtown,Learning & Careers,STEM | Career,upcoming,Free,Hartford Public Library,https://programs.hplct.org/events,https://hplct.libnet.info/event/16861136,Adults
hpl:17426387:2026-12-16 18:30:00,Intro to Studio Technology,Learn how to operate a professional recording session.,2026-12-16 18:30:00,2026-12-16 20:00:00,Downtown,Music & Nightlife | Learning & Careers,Technology | Media | Job Training | Arts,upcoming,Free,Hartford Public Library,https://programs.hplct.org/events,https://hplct.libnet.info/event/17426387,"Teens, Adults"
hpl:16809267:2026-12-17 09:30:00,ESL Classes,English as a second language classes. Registered students only. Please contact ESL@hplct.org for more information.,2026-12-17 09:30:00,2026-12-17 12:00:00,Downtown,Arts & Culture | Learning & Careers | Community & Volunteering,Reading & Writing | Language | Civic Engagement | Career,upcoming,Free,Hartford Public Library,https://programs.hplct.org/events,https://hplct.libnet.info/event/16809267,Adults
hpl:16809605:2026-12-17 09:30:00,ESL Classes,English as a second language classes for adults. Registered students only. Please contact ESL@hplct.org for more information.,2026-12-17 09:30:00,2026-12-17 12:00:00,Downtown,Arts & Culture | Learning & Careers | Community & Volunteering,Reading & Writing | Language | Civic Engagement | Career,upcoming,Free,Hartford Public Library,https://programs.hplct.org/events,https://hplct.libnet.info/event/16809605,Adults
hpl:16809704:2026-12-17 09:30:00,ESL Classes,English as a second language classes for adults. Registered students only. Please contact ESL@hplct.org for more information.,2026-12-17 09:30:00,2026-12-17 12:00:00,Downtown,Arts & Culture | Learning & Careers | Community & Volunteering,Reading & Writing | Language | Civic Engagement | Career,upcoming,Free,Hartford Public Library,https://programs.hplct.org/events,https://hplct.libnet.info/event/16809704,Adults
hpl:16809864:2026-12-17 09:30:00,ESL Classes,English as a second language classes for adults. Registered students only. Please contact ESL@hplct.org for more information.,2026-12-17 09:30:00,2026-12-17 12:00:00,Downtown,Arts & Culture | Learning & Careers | Community & Volunteering,Reading & Writing | Language | Civic Engagement | Career,upcoming,Free,Hartford Public Library,https://programs.hplct.org/events,https://hplct.libnet.info/event/16809864,Adults
hpl:17491888:2026-12-17 14:30:00,English Learners Success,"This program supports high school English Learners through engaging, project-based instruction that strengthens English language proficiency, academic success, and college and career readiness.",2026-12-17 14:30:00,2026-12-17 16:30:00,Downtown,Arts & Culture | Family & Kids | Learning & Careers,TAP | STEM | Reading & Writing | Language,upcoming,Free,Hartford Public Library,https://programs.hplct.org/events,https://hplct.libnet.info/event/17491888,Teens
hpl:17497756:2026-12-17 17:30:00,ESL Classes,Adult Education English as a Second Language,2026-12-17 17:30:00,2026-12-17 19:30:00,Downtown,Arts & Culture | Learning & Careers,TAP | Reading & Writing,upcoming,Free,Hartford Public Library,https://programs.hplct.org/events,https://hplct.libnet.info/event/17497756,Adults
hpl:17350814:2026-12-17 17:30:00,Food Entrepreneurship Workshop,"Hartford needs your food service imagination and business. This free workshop covers Connecticut cottage food licensing, business registration, and small business support. Let's make it real!",2026-12-17 17:30:00,2026-12-17 19:30:00,Downtown,Food & Restaurants | Learning & Careers,Job Training | Career | Business,upcoming,Free,Hartford Public Library,https://programs.hplct.org/events,https://hplct.libnet.info/event/17350814,Adults
eventbrite:1983143097389:2026-12-18,Hartford Invasion Bunny Fete Edition,"Open the event listing for details, cost, time, and registration.",2026-12-18,2026-12-18,TROPIX · 3229 Main Street,Other & General,,upcoming,Check event listing,Eventbrite,https://www.eventbrite.com/d/ct--hartford/events/,https://www.eventbrite.com/e/hartford-invasion-bunny-fete-edition-tickets-1983143097389,Check event listing
hpl:17210498:2026-12-18 10:00:00,Family Literacy PACT,Activities for families enrolled in ESL Family Literacy program,2026-12-18 10:00:00,2026-12-18 12:00:00,Downtown,Family & Kids | Learning & Careers,Language | Family,upcoming,Free,Hartford Public Library,https://programs.hplct.org/events,https://hplct.libnet.info/event/17210498,"Family, Adults"
hpl:16810779:2026-12-19 09:30:00,ESL Classes,English as a second language classes for adults. Registered students only. Please contact ESL@hplct.org for more information.,2026-12-19 09:30:00,2026-12-19 12:30:00,Downtown,Arts & Culture | Learning & Careers | Community & Volunteering,Reading & Writing | Language | Civic Engagement | Career,upcoming,Free,Hartford Public Library,https://programs.hplct.org/events,https://hplct.libnet.info/event/16810779,Adults
hpl:16811416:2026-12-19 09:30:00,ESL Classes,English as a second language classes for adults. Registered students only. Please contact ESL@hplct.org for more information.,2026-12-19 09:30:00,2026-12-19 12:30:00,Downtown,Arts & Culture | Learning & Careers | Community & Volunteering,Reading & Writing | Language | Civic Engagement | Career,upcoming,Free,Hartford Public Library,https://programs.hplct.org/events,https://hplct.libnet.info/event/16811416,Adults
hpl:16810126:2026-12-19 09:30:00,ESL Classes,English as a second language classes for adults. Registered students only. Please contact ESL@hplct.org for more information.,2026-12-19 09:30:00,2026-12-19 12:30:00,Downtown,Arts & Culture | Learning & Careers | Community & Volunteering,Reading & Writing | Language | Civic Engagement | Career,upcoming,Free,Hartford Public Library,https://programs.hplct.org/events,https://hplct.libnet.info/event/16810126,Adults
hpl:16810061:2026-12-19 09:30:00,ESL Classes,English as a second language classes for adults. Registered students only. Please contact ESL@hplct.org for more information.,2026-12-19 09:30:00,2026-12-19 12:30:00,Downtown,Arts & Culture | Learning & Careers | Community & Volunteering,Reading & Writing | Language | Civic Engagement | Career,upcoming,Free,Hartford Public Library,https://programs.hplct.org/events,https://hplct.libnet.info/event/16810061,Adults
hpl:17484103:2026-12-19 09:30:00,GED Learning Circles,"Instructor-led small group study support toward the Science, Social Studies, Mathematical Reasoning, and Language Arts GED subject tests, utilizing GED prep software provided by the Library.",2026-12-19 09:30:00,2026-12-19 11:00:00,Downtown,Arts & Culture | Learning & Careers,STEM | Reading & Writing,upcoming,Free,Hartford Public Library,https://programs.hplct.org/events,https://hplct.libnet.info/event/17484103,Adults
hpl:17484137:2026-12-19 11:00:00,GED Learning Circles,"Instructor-led small group study support toward the Science, Social Studies, Mathematical Reasoning, and Language Arts GED subject tests, utilizing GED prep software provided by the Library.",2026-12-19 11:00:00,2026-12-19 12:30:00,Downtown,Arts & Culture | Learning & Careers,STEM | Reading & Writing,upcoming,Free,Hartford Public Library,https://programs.hplct.org/events,https://hplct.libnet.info/event/17484137,Adults
hpl:16693305:2026-12-19 12:00:00,Pearson Test Center examinations,Testing in the Downtown Library's Pearson Test Center. By registration in advance only.,2026-12-19 12:00:00,2026-12-19 17:30:00,Downtown,Learning & Careers,Technology | Career,upcoming,Free,Hartford Public Library,https://programs.hplct.org/events,https://hplct.libnet.info/event/16693305,Adults
hpl:17484172:2026-12-19 12:30:00,Math Class,"Math classes offered in collaboration with Learn for Life, Inc. for adult students working to enhance workplace skills, prepare for the GED, or get ready for college",2026-12-19 12:30:00,2026-12-19 14:30:00,Downtown,Learning & Careers,STEM,upcoming,Free,Hartford Public Library,https://programs.hplct.org/events,https://hplct.libnet.info/event/17484172,Adults
hpl:16693211:2026-12-21 09:30:00,Pearson Test Center examination,Testing in the Downtown Library's Pearson Test Center. By registration in advance only.,2026-12-21 09:30:00,2026-12-21 15:30:00,Downtown,Learning & Careers,Technology | Career,upcoming,Free,Hartford Public Library,https://programs.hplct.org/events,https://hplct.libnet.info/event/16693211,Adults
hpl:16841084:2026-12-21 11:00:00,Everyday Tech Help,"Need help with your phone, tablet, computer, or online services?",2026-12-21 11:00:00,2026-12-21 12:00:00,Barbour Library,Learning & Careers | Community & Volunteering,Technology | STEM | Media | Community,upcoming,Free,Hartford Public Library,https://programs.hplct.org/events,https://hplct.libnet.info/event/16841084,Adults
hpl:17491064:2026-12-21 14:30:00,Next Steps for College for English Learners,"This program supports high school English Learners in grades 11-12 as they develop English language proficiency, achieve academic success, and prepare for college and career pathways.",2026-12-21 14:30:00,2026-12-21 16:30:00,Downtown,Arts & Culture | Family & Kids | Learning & Careers,STEM | Reading & Writing | Language,archived,Free,Hartford Public Library,https://programs.hplct.org/events,https://hplct.libnet.info/event/17491064,Teens
hpl:17491236:2026-12-21 14:30:00,Next Steps for College for English Learners,"This program supports high school English Learners in grades 11-12 as they develop English language proficiency, achieve academic success, and prepare for college and career pathways.",2026-12-21 14:30:00,2026-12-21 16:30:00,Downtown,Arts & Culture | Family & Kids | Learning & Careers,TAP | STEM | Reading & Writing | Language,upcoming,Free,Hartford Public Library,https://programs.hplct.org/events,https://hplct.libnet.info/event/17491236,Teens
hpl:16861114:2026-12-21 17:00:00,Math Class,"Math classes offered in collaboration with Learn for Life, Inc. for adult students working to enhance workplace skills, prepare for the GED, or get ready for college",2026-12-21 17:00:00,2026-12-21 19:00:00,Downtown,Learning & Careers,STEM | Career,upcoming,Free,Hartford Public Library,https://programs.hplct.org/events,https://hplct.libnet.info/event/16861114,Adults
hpl:16809312:2026-12-22 09:30:00,ESL Classes,English as a second language classes. Registered students only. Please contact ESL@hplct.org for more information.,2026-12-22 09:30:00,2026-12-22 12:00:00,Downtown,Arts & Culture | Learning & Careers | Community & Volunteering,Reading & Writing | Language | Civic Engagement | Career,upcoming,Free,Hartford Public Library,https://programs.hplct.org/events,https://hplct.libnet.info/event/16809312,Adults
hpl:16809917:2026-12-22 09:30:00,ESL Classes,English as a second language classes for adults. Registered students only. Please contact ESL@hplct.org for more information.,2026-12-22 09:30:00,2026-12-22 12:00:00,Downtown,Arts & Culture | Learning & Careers | Community & Volunteering,Reading & Writing | Language | Civic Engagement | Career,upcoming,Free,Hartford Public Library,https://programs.hplct.org/events,https://hplct.libnet.info/event/16809917,Adults
hpl:16809606:2026-12-22 09:30:00,ESL Classes,English as a second language classes for adults. Registered students only. Please contact ESL@hplct.org for more information.,2026-12-22 09:30:00,2026-12-22 12:00:00,Downtown,Arts & Culture | Learning & Careers | Community & Volunteering,Reading & Writing | Language | Civic Engagement | Career,upcoming,Free,Hartford Public Library,https://programs.hplct.org/events,https://hplct.libnet.info/event/16809606,Adults
hpl:16809748:2026-12-22 09:30:00,ESL Classes,English as a second language classes for adults. Registered students only. Please contact ESL@hplct.org for more information.,2026-12-22 09:30:00,2026-12-22 12:00:00,Downtown,Arts & Culture | Learning & Careers | Community & Volunteering,Reading & Writing | Language | Civic Engagement | Career,upcoming,Free,Hartford Public Library,https://programs.hplct.org/events,https://hplct.libnet.info/event/16809748,Adults
hpl:17491697:2026-12-22 14:30:00,English Learners Success,"This program supports high school English Learners through engaging, project-based instruction that strengthens English language proficiency, academic success, and college and career readiness.",2026-12-22 14:30:00,2026-12-22 16:30:00,Downtown,Arts & Culture | Family & Kids | Learning & Careers,TAP | STEM | Reading & Writing | Language,upcoming,Free,Hartford Public Library,https://programs.hplct.org/events,https://hplct.libnet.info/event/17491697,Teens
hpl:17337769:2026-12-22 15:00:00,Pearson Test Center testing,"Pearson testing in the West Middle test center (44 Niles Street). Registered testers only. If you have questions or require assistance the day of your testing appointment, please call (860) 331-9538.",2026-12-22 15:00:00,2026-12-22 20:00:00,West Middle School Branch,Outdoors & Nature,TAP,upcoming,Free,Hartford Public Library,https://programs.hplct.org/events,https://hplct.libnet.info/event/17337769,Adults
hpl:17497637:2026-12-22 17:30:00,ESL Classes,Adult Education English as a Second Language,2026-12-22 17:30:00,2026-12-22 19:30:00,Downtown,Arts & Culture | Learning & Careers,TAP | Reading & Writing,upcoming,Free,Hartford Public Library,https://programs.hplct.org/events,https://hplct.libnet.info/event/17497637,Adults
hpl:16904703:2026-12-22 18:15:00,HPL Scriptwriters' Circle,"HPL STUDIOS presents a roundtable for writers to share ideas and material from their feature, short film, web series, sketch or scripted audio project with peers.",2026-12-22 18:15:00,2026-12-22 20:30:00,Downtown,Arts & Culture,Reading & Writing | Media | Arts,archived,Free,Hartford Public Library,https://programs.hplct.org/events,https://hplct.libnet.info/event/16904703,Adults
hpl:16806812:2026-12-23 09:30:00,English for All,Guided online learning for English as a second language,2026-12-23 09:30:00,2026-12-23 12:00:00,Downtown,Arts & Culture | Learning & Careers,Reading & Writing | Language,upcoming,Free,Hartford Public Library,https://programs.hplct.org/events,https://hplct.libnet.info/event/16806812,Adults
hpl:17242182:2026-12-23 14:30:00,Next Steps for College for English Learners,"This program supports high school English Learners in grades 11-12 as they develop English language proficiency, achieve academic success, and prepare for college and career pathways.",2026-12-23 14:30:00,2026-12-23 17:00:00,Downtown,Arts & Culture | Family & Kids | Learning & Careers,STEM | Reading & Writing | Language,archived,Free,Hartford Public Library,https://programs.hplct.org/events,https://hplct.libnet.info/event/17242182,Teens
hpl:17491408:2026-12-23 14:30:00,Next Steps for College for English Learners,"This program supports high school English Learners in grades 11-12 as they develop English language proficiency, achieve academic success, and prepare for college and career pathways.",2026-12-23 14:30:00,2026-12-23 16:30:00,Downtown,Arts & Culture | Family & Kids | Learning & Careers,TAP | STEM | Reading & Writing | Language,upcoming,Free,Hartford Public Library,https://programs.hplct.org/events,https://hplct.libnet.info/event/17491408,Teens
hpl:17337770:2026-12-23 15:00:00,Pearson Test Center testing,"Pearson testing in the West Middle test center (44 Niles Street). Registered testers only. If you have questions or require assistance the day of your testing appointment, please call (860) 331-9538.",2026-12-23 15:00:00,2026-12-23 20:00:00,West Middle School Branch,Outdoors & Nature,TAP,upcoming,Free,Hartford Public Library,https://programs.hplct.org/events,https://hplct.libnet.info/event/17337770,Adults
hpl:16809268:2026-12-24 09:30:00,ESL Classes,English as a second language classes. Registered students only. Please contact ESL@hplct.org for more information.,2026-12-24 09:30:00,2026-12-24 12:00:00,Downtown,Arts & Culture | Learning & Careers | Community & Volunteering,Reading & Writing | Language | Civic Engagement | Career,upcoming,Free,Hartford Public Library,https://programs.hplct.org/events,https://hplct.libnet.info/event/16809268,Adults
hpl:16809865:2026-12-24 09:30:00,ESL Classes,English as a second language classes for adults. Registered students only. Please contact ESL@hplct.org for more information.,2026-12-24 09:30:00,2026-12-24 12:00:00,Downtown,Arts & Culture | Learning & Careers | Community & Volunteering,Reading & Writing | Language | Civic Engagement | Career,upcoming,Free,Hartford Public Library,https://programs.hplct.org/events,https://hplct.libnet.info/event/16809865,Adults
hpl:16809705:2026-12-24 09:30:00,ESL Classes,English as a second language classes for adults. Registered students only. Please contact ESL@hplct.org for more information.,2026-12-24 09:30:00,2026-12-24 12:00:00,Downtown,Arts & Culture | Learning & Careers | Community & Volunteering,Reading & Writing | Language | Civic Engagement | Career,upcoming,Free,Hartford Public Library,https://programs.hplct.org/events,https://hplct.libnet.info/event/16809705,Adults
hpl:16809607:2026-12-24 09:30:00,ESL Classes,English as a second language classes for adults. Registered students only. Please contact ESL@hplct.org for more information.,2026-12-24 09:30:00,2026-12-24 12:00:00,Downtown,Arts & Culture | Learning & Careers | Community & Volunteering,Reading & Writing | Language | Civic Engagement | Career,upcoming,Free,Hartford Public Library,https://programs.hplct.org/events,https://hplct.libnet.info/event/16809607,Adults
hpl:16810780:2026-12-26 09:30:00,ESL Classes,English as a second language classes for adults. Registered students only. Please contact ESL@hplct.org for more information.,2026-12-26 09:30:00,2026-12-26 12:30:00,Downtown,Arts & Culture | Learning & Careers | Community & Volunteering,Reading & Writing | Language | Civic Engagement | Career,upcoming,Free,Hartford Public Library,https://programs.hplct.org/events,https://hplct.libnet.info/event/16810780,Adults
hpl:16811417:2026-12-26 09:30:00,ESL Classes,English as a second language classes for adults. Registered students only. Please contact ESL@hplct.org for more information.,2026-12-26 09:30:00,2026-12-26 12:30:00,Downtown,Arts & Culture | Learning & Careers | Community & Volunteering,Reading & Writing | Language | Civic Engagement | Career,upcoming,Free,Hartford Public Library,https://programs.hplct.org/events,https://hplct.libnet.info/event/16811417,Adults
hpl:16810062:2026-12-26 09:30:00,ESL Classes,English as a second language classes for adults. Registered students only. Please contact ESL@hplct.org for more information.,2026-12-26 09:30:00,2026-12-26 12:30:00,Downtown,Arts & Culture | Learning & Careers | Community & Volunteering,Reading & Writing | Language | Civic Engagement | Career,upcoming,Free,Hartford Public Library,https://programs.hplct.org/events,https://hplct.libnet.info/event/16810062,Adults
hpl:16810127:2026-12-26 09:30:00,ESL Classes,English as a second language classes for adults. Registered students only. Please contact ESL@hplct.org for more information.,2026-12-26 09:30:00,2026-12-26 12:30:00,Downtown,Arts & Culture | Learning & Careers | Community & Volunteering,Reading & Writing | Language | Civic Engagement | Career,upcoming,Free,Hartford Public Library,https://programs.hplct.org/events,https://hplct.libnet.info/event/16810127,Adults
hpl:16693306:2026-12-26 12:00:00,Pearson Test Center examinations,Testing in the Downtown Library's Pearson Test Center. By registration in advance only.,2026-12-26 12:00:00,2026-12-26 17:30:00,Downtown,Learning & Careers,Technology | Career,upcoming,Free,Hartford Public Library,https://programs.hplct.org/events,https://hplct.libnet.info/event/16693306,Adults
hpl:16693212:2026-12-28 09:30:00,Pearson Test Center examination,Testing in the Downtown Library's Pearson Test Center. By registration in advance only.,2026-12-28 09:30:00,2026-12-28 15:30:00,Downtown,Learning & Careers,Technology | Career,upcoming,Free,Hartford Public Library,https://programs.hplct.org/events,https://hplct.libnet.info/event/16693212,Adults
hpl:16841085:2026-12-28 11:00:00,Everyday Tech Help,"Need help with your phone, tablet, computer, or online services?",2026-12-28 11:00:00,2026-12-28 12:00:00,Barbour Library,Learning & Careers | Community & Volunteering,Technology | STEM | Media | Community,upcoming,Free,Hartford Public Library,https://programs.hplct.org/events,https://hplct.libnet.info/event/16841085,Adults
hpl:17491237:2026-12-28 14:30:00,Next Steps for College for English Learners,"This program supports high school English Learners in grades 11-12 as they develop English language proficiency, achieve academic success, and prepare for college and career pathways.",2026-12-28 14:30:00,2026-12-28 16:30:00,Downtown,Arts & Culture | Family & Kids | Learning & Careers,TAP | STEM | Reading & Writing | Language,upcoming,Free,Hartford Public Library,https://programs.hplct.org/events,https://hplct.libnet.info/event/17491237,Teens
hpl:16809608:2026-12-29 09:30:00,ESL Classes,English as a second language classes for adults. Registered students only. Please contact ESL@hplct.org for more information.,2026-12-29 09:30:00,2026-12-29 12:00:00,Downtown,Arts & Culture | Learning & Careers | Community & Volunteering,Reading & Writing | Language | Civic Engagement | Career,upcoming,Free,Hartford Public Library,https://programs.hplct.org/events,https://hplct.libnet.info/event/16809608,Adults
hpl:16809313:2026-12-29 09:30:00,ESL Classes,English as a second language classes. Registered students only. Please contact ESL@hplct.org for more information.,2026-12-29 09:30:00,2026-12-29 12:00:00,Downtown,Arts & Culture | Learning & Careers | Community & Volunteering,Reading & Writing | Language | Civic Engagement | Career,upcoming,Free,Hartford Public Library,https://programs.hplct.org/events,https://hplct.libnet.info/event/16809313,Adults
hpl:16809918:2026-12-29 09:30:00,ESL Classes,English as a second language classes for adults. Registered students only. Please contact ESL@hplct.org for more information.,2026-12-29 09:30:00,2026-12-29 12:00:00,Downtown,Arts & Culture | Learning & Careers | Community & Volunteering,Reading & Writing | Language | Civic Engagement | Career,upcoming,Free,Hartford Public Library,https://programs.hplct.org/events,https://hplct.libnet.info/event/16809918,Adults
hpl:16809749:2026-12-29 09:30:00,ESL Classes,English as a second language classes for adults. Registered students only. Please contact ESL@hplct.org for more information.,2026-12-29 09:30:00,2026-12-29 12:00:00,Downtown,Arts & Culture | Learning & Careers | Community & Volunteering,Reading & Writing | Language | Civic Engagement | Career,upcoming,Free,Hartford Public Library,https://programs.hplct.org/events,https://hplct.libnet.info/event/16809749,Adults
hpl:17491698:2026-12-29 14:30:00,English Learners Success,"This program supports high school English Learners through engaging, project-based instruction that strengthens English language proficiency, academic success, and college and career readiness.",2026-12-29 14:30:00,2026-12-29 16:30:00,Downtown,Arts & Culture | Family & Kids | Learning & Careers,TAP | STEM | Reading & Writing | Language,upcoming,Free,Hartford Public Library,https://programs.hplct.org/events,https://hplct.libnet.info/event/17491698,Teens
hpl:17337771:2026-12-29 15:00:00,Pearson Test Center testing,"Pearson testing in the West Middle test center (44 Niles Street). Registered testers only. If you have questions or require assistance the day of your testing appointment, please call (860) 331-9538.",2026-12-29 15:00:00,2026-12-29 20:00:00,West Middle School Branch,Outdoors & Nature,TAP,upcoming,Free,Hartford Public Library,https://programs.hplct.org/events,https://hplct.libnet.info/event/17337771,Adults
hpl:17497638:2026-12-29 17:30:00,ESL Classes,Adult Education English as a Second Language,2026-12-29 17:30:00,2026-12-29 19:30:00,Downtown,Arts & Culture | Learning & Careers,TAP | Reading & Writing,upcoming,Free,Hartford Public Library,https://programs.hplct.org/events,https://hplct.libnet.info/event/17497638,Adults
hpl:16806813:2026-12-30 09:30:00,English for All,Guided online learning for English as a second language,2026-12-30 09:30:00,2026-12-30 12:00:00,Downtown,Arts & Culture | Learning & Careers,Reading & Writing | Language,upcoming,Free,Hartford Public Library,https://programs.hplct.org/events,https://hplct.libnet.info/event/16806813,Adults
hpl:17491409:2026-12-30 14:30:00,Next Steps for College for English Learners,"This program supports high school English Learners in grades 11-12 as they develop English language proficiency, achieve academic success, and prepare for college and career pathways.",2026-12-30 14:30:00,2026-12-30 16:30:00,Downtown,Arts & Culture | Family & Kids | Learning & Careers,TAP | STEM | Reading & Writing | Language,upcoming,Free,Hartford Public Library,https://programs.hplct.org/events,https://hplct.libnet.info/event/17491409,Teens
hpl:17337772:2026-12-30 15:00:00,Pearson Test Center testing,"Pearson testing in the West Middle test center (44 Niles Street). Registered testers only. If you have questions or require assistance the day of your testing appointment, please call (860) 331-9538.",2026-12-30 15:00:00,2026-12-30 20:00:00,West Middle School Branch,Outdoors & Nature,TAP,upcoming,Free,Hartford Public Library,https://programs.hplct.org/events,https://hplct.libnet.info/event/17337772,Adults
hartfordcom:96716:2026-12-31,First Night Hartford,"First Night Hartford at Bushnell Park. Open the event listing for description, cost, times, and registration.",2026-12-31,,Bushnell Park,Outdoors & Nature,,upcoming,Check event listing,Hartford.com,https://hartford.com/events/,https://hartford.com/calendar/first-night-hartford/?occurrence=2026-12-31,Check event listing
hpl:16809269:2026-12-31 09:30:00,ESL Classes,English as a second language classes. Registered students only. Please contact ESL@hplct.org for more information.,2026-12-31 09:30:00,2026-12-31 12:00:00,Downtown,Arts & Culture | Learning & Careers | Community & Volunteering,Reading & Writing | Language | Civic Engagement | Career,upcoming,Free,Hartford Public Library,https://programs.hplct.org/events,https://hplct.libnet.info/event/16809269,Adults
hpl:16809866:2026-12-31 09:30:00,ESL Classes,English as a second language classes for adults. Registered students only. Please contact ESL@hplct.org for more information.,2026-12-31 09:30:00,2026-12-31 12:00:00,Downtown,Arts & Culture | Learning & Careers | Community & Volunteering,Reading & Writing | Language | Civic Engagement | Career,upcoming,Free,Hartford Public Library,https://programs.hplct.org/events,https://hplct.libnet.info/event/16809866,Adults
hpl:16809609:2026-12-31 09:30:00,ESL Classes,English as a second language classes for adults. Registered students only. Please contact ESL@hplct.org for more information.,2026-12-31 09:30:00,2026-12-31 12:00:00,Downtown,Arts & Culture | Learning & Careers | Community & Volunteering,Reading & Writing | Language | Civic Engagement | Career,upcoming,Free,Hartford Public Library,https://programs.hplct.org/events,https://hplct.libnet.info/event/16809609,Adults
hpl:16809706:2026-12-31 09:30:00,ESL Classes,English as a second language classes for adults. Registered students only. Please contact ESL@hplct.org for more information.,2026-12-31 09:30:00,2026-12-31 12:00:00,Downtown,Arts & Culture | Learning & Careers | Community & Volunteering,Reading & Writing | Language | Civic Engagement | Career,upcoming,Free,Hartford Public Library,https://programs.hplct.org/events,https://hplct.libnet.info/event/16809706,Adults
hpl:17491889:2026-12-31 14:30:00,English Learners Success,"This program supports high school English Learners through engaging, project-based instruction that strengthens English language proficiency, academic success, and college and career readiness.",2026-12-31 14:30:00,2026-12-31 16:30:00,Downtown,Arts & Culture | Family & Kids | Learning & Careers,TAP | STEM | Reading & Writing | Language,upcoming,Free,Hartford Public Library,https://programs.hplct.org/events,https://hplct.libnet.info/event/17491889,Teens
hpl:17497757:2026-12-31 17:30:00,ESL Classes,Adult Education English as a Second Language,2026-12-31 17:30:00,2026-12-31 19:30:00,Downtown,Arts & Culture | Learning & Careers,TAP | Reading & Writing,upcoming,Free,Hartford Public Library,https://programs.hplct.org/events,https://hplct.libnet.info/event/17497757,Adults
hpl:16810063:2027-01-02 09:30:00,ESL Classes,English as a second language classes for adults. Registered students only. Please contact ESL@hplct.org for more information.,2027-01-02 09:30:00,2027-01-02 12:30:00,Downtown,Arts & Culture | Learning & Careers | Community & Volunteering,Reading & Writing | Language | Civic Engagement | Career,upcoming,Free,Hartford Public Library,https://programs.hplct.org/events,https://hplct.libnet.info/event/16810063,Adults
hpl:16811418:2027-01-02 09:30:00,ESL Classes,English as a second language classes for adults. Registered students only. Please contact ESL@hplct.org for more information.,2027-01-02 09:30:00,2027-01-02 12:30:00,Downtown,Arts & Culture | Learning & Careers | Community & Volunteering,Reading & Writing | Language | Civic Engagement | Career,upcoming,Free,Hartford Public Library,https://programs.hplct.org/events,https://hplct.libnet.info/event/16811418,Adults
hpl:16810781:2027-01-02 09:30:00,ESL Classes,English as a second language classes for adults. Registered students only. Please contact ESL@hplct.org for more information.,2027-01-02 09:30:00,2027-01-02 12:30:00,Downtown,Arts & Culture | Learning & Careers | Community & Volunteering,Reading & Writing | Language | Civic Engagement | Career,upcoming,Free,Hartford Public Library,https://programs.hplct.org/events,https://hplct.libnet.info/event/16810781,Adults
hpl:16810128:2027-01-02 09:30:00,ESL Classes,English as a second language classes for adults. Registered students only. Please contact ESL@hplct.org for more information.,2027-01-02 09:30:00,2027-01-02 12:30:00,Downtown,Arts & Culture | Learning & Careers | Community & Volunteering,Reading & Writing | Language | Civic Engagement | Career,upcoming,Free,Hartford Public Library,https://programs.hplct.org/events,https://hplct.libnet.info/event/16810128,Adults
hpl:16841086:2027-01-04 11:00:00,Everyday Tech Help,"Need help with your phone, tablet, computer, or online services?",2027-01-04 11:00:00,2027-01-04 12:00:00,Barbour Library,Learning & Careers | Community & Volunteering,Technology | STEM | Media | Community,upcoming,Free,Hartford Public Library,https://programs.hplct.org/events,https://hplct.libnet.info/event/16841086,Adults
hpl:17491238:2027-01-04 14:30:00,Next Steps for College for English Learners,"This program supports high school English Learners in grades 11-12 as they develop English language proficiency, achieve academic success, and prepare for college and career pathways.",2027-01-04 14:30:00,2027-01-04 16:30:00,Downtown,Arts & Culture | Family & Kids | Learning & Careers,TAP | STEM | Reading & Writing | Language,upcoming,Free,Hartford Public Library,https://programs.hplct.org/events,https://hplct.libnet.info/event/17491238,Teens
hpl:17491065:2027-01-04 14:30:00,Next Steps for College for English Learners,"This program supports high school English Learners in grades 11-12 as they develop English language proficiency, achieve academic success, and prepare for college and career pathways.",2027-01-04 14:30:00,2027-01-04 16:30:00,Downtown,Arts & Culture | Family & Kids | Learning & Careers,STEM | Reading & Writing | Language,archived,Free,Hartford Public Library,https://programs.hplct.org/events,https://hplct.libnet.info/event/17491065,Teens
hpl:16809750:2027-01-05 09:30:00,ESL Classes,English as a second language classes for adults. Registered students only. Please contact ESL@hplct.org for more information.,2027-01-05 09:30:00,2027-01-05 12:00:00,Downtown,Arts & Culture | Learning & Careers | Community & Volunteering,Reading & Writing | Language | Civic Engagement | Career,upcoming,Free,Hartford Public Library,https://programs.hplct.org/events,https://hplct.libnet.info/event/16809750,Adults
hpl:16809919:2027-01-05 09:30:00,ESL Classes,English as a second language classes for adults. Registered students only. Please contact ESL@hplct.org for more information.,2027-01-05 09:30:00,2027-01-05 12:00:00,Downtown,Arts & Culture | Learning & Careers | Community & Volunteering,Reading & Writing | Language | Civic Engagement | Career,upcoming,Free,Hartford Public Library,https://programs.hplct.org/events,https://hplct.libnet.info/event/16809919,Adults
hpl:16809314:2027-01-05 09:30:00,ESL Classes,English as a second language classes. Registered students only. Please contact ESL@hplct.org for more information.,2027-01-05 09:30:00,2027-01-05 12:00:00,Downtown,Arts & Culture | Learning & Careers | Community & Volunteering,Reading & Writing | Language | Civic Engagement | Career,upcoming,Free,Hartford Public Library,https://programs.hplct.org/events,https://hplct.libnet.info/event/16809314,Adults
hpl:16809610:2027-01-05 09:30:00,ESL Classes,English as a second language classes for adults. Registered students only. Please contact ESL@hplct.org for more information.,2027-01-05 09:30:00,2027-01-05 12:00:00,Downtown,Arts & Culture | Learning & Careers | Community & Volunteering,Reading & Writing | Language | Civic Engagement | Career,upcoming,Free,Hartford Public Library,https://programs.hplct.org/events,https://hplct.libnet.info/event/16809610,Adults
hpl:17491699:2027-01-05 14:30:00,English Learners Success,"This program supports high school English Learners through engaging, project-based instruction that strengthens English language proficiency, academic success, and college and career readiness.",2027-01-05 14:30:00,2027-01-05 16:30:00,Downtown,Arts & Culture | Family & Kids | Learning & Careers,TAP | STEM | Reading & Writing | Language,upcoming,Free,Hartford Public Library,https://programs.hplct.org/events,https://hplct.libnet.info/event/17491699,Teens
hpl:17337773:2027-01-05 15:00:00,Pearson Test Center testing,"Pearson testing in the West Middle test center (44 Niles Street). Registered testers only. If you have questions or require assistance the day of your testing appointment, please call (860) 331-9538.",2027-01-05 15:00:00,2027-01-05 20:00:00,West Middle School Branch,Outdoors & Nature,TAP,upcoming,Free,Hartford Public Library,https://programs.hplct.org/events,https://hplct.libnet.info/event/17337773,Adults
hpl:17497639:2027-01-05 17:30:00,ESL Classes,Adult Education English as a Second Language,2027-01-05 17:30:00,2027-01-05 19:30:00,Downtown,Arts & Culture | Learning & Careers,TAP | Reading & Writing,upcoming,Free,Hartford Public Library,https://programs.hplct.org/events,https://hplct.libnet.info/event/17497639,Adults
hpl:16806814:2027-01-06 09:30:00,English for All,Guided online learning for English as a second language,2027-01-06 09:30:00,2027-01-06 12:00:00,Downtown,Arts & Culture | Learning & Careers,Reading & Writing | Language,upcoming,Free,Hartford Public Library,https://programs.hplct.org/events,https://hplct.libnet.info/event/16806814,Adults
hpl:17337774:2027-01-06 15:00:00,Pearson Test Center testing,"Pearson testing in the West Middle test center (44 Niles Street). Registered testers only. If you have questions or require assistance the day of your testing appointment, please call (860) 331-9538.",2027-01-06 15:00:00,2027-01-06 20:00:00,West Middle School Branch,Outdoors & Nature,TAP,upcoming,Free,Hartford Public Library,https://programs.hplct.org/events,https://hplct.libnet.info/event/17337774,Adults
hpl:17426388:2027-01-06 18:30:00,Intro to Studio Technology,Learn how to operate a professional recording session.,2027-01-06 18:30:00,2027-01-06 20:00:00,Downtown,Music & Nightlife | Learning & Careers,Technology | Media | Job Training | Arts,upcoming,Free,Hartford Public Library,https://programs.hplct.org/events,https://hplct.libnet.info/event/17426388,"Teens, Adults"
hpl:16809867:2027-01-07 09:30:00,ESL Classes,English as a second language classes for adults. Registered students only. Please contact ESL@hplct.org for more information.,2027-01-07 09:30:00,2027-01-07 12:00:00,Downtown,Arts & Culture | Learning & Careers | Community & Volunteering,Reading & Writing | Language | Civic Engagement | Career,upcoming,Free,Hartford Public Library,https://programs.hplct.org/events,https://hplct.libnet.info/event/16809867,Adults
hpl:16809270:2027-01-07 09:30:00,ESL Classes,English as a second language classes. Registered students only. Please contact ESL@hplct.org for more information.,2027-01-07 09:30:00,2027-01-07 12:00:00,Downtown,Arts & Culture | Learning & Careers | Community & Volunteering,Reading & Writing | Language | Civic Engagement | Career,upcoming,Free,Hartford Public Library,https://programs.hplct.org/events,https://hplct.libnet.info/event/16809270,Adults
hpl:16809611:2027-01-07 09:30:00,ESL Classes,English as a second language classes for adults. Registered students only. Please contact ESL@hplct.org for more information.,2027-01-07 09:30:00,2027-01-07 12:00:00,Downtown,Arts & Culture | Learning & Careers | Community & Volunteering,Reading & Writing | Language | Civic Engagement | Career,upcoming,Free,Hartford Public Library,https://programs.hplct.org/events,https://hplct.libnet.info/event/16809611,Adults
hpl:16809707:2027-01-07 09:30:00,ESL Classes,English as a second language classes for adults. Registered students only. Please contact ESL@hplct.org for more information.,2027-01-07 09:30:00,2027-01-07 12:00:00,Downtown,Arts & Culture | Learning & Careers | Community & Volunteering,Reading & Writing | Language | Civic Engagement | Career,upcoming,Free,Hartford Public Library,https://programs.hplct.org/events,https://hplct.libnet.info/event/16809707,Adults
hpl:17491890:2027-01-07 14:30:00,English Learners Success,"This program supports high school English Learners through engaging, project-based instruction that strengthens English language proficiency, academic success, and college and career readiness.",2027-01-07 14:30:00,2027-01-07 16:30:00,Downtown,Arts & Culture | Family & Kids | Learning & Careers,TAP | STEM | Reading & Writing | Language,upcoming,Free,Hartford Public Library,https://programs.hplct.org/events,https://hplct.libnet.info/event/17491890,Teens
hpl:17497759:2027-01-07 17:30:00,ESL Classes,Adult Education English as a Second Language,2027-01-07 17:30:00,2027-01-07 19:30:00,Downtown,Arts & Culture | Learning & Careers,TAP | Reading & Writing,upcoming,Free,Hartford Public Library,https://programs.hplct.org/events,https://hplct.libnet.info/event/17497759,Adults
hpl:16811419:2027-01-09 09:30:00,ESL Classes,English as a second language classes for adults. Registered students only. Please contact ESL@hplct.org for more information.,2027-01-09 09:30:00,2027-01-09 12:30:00,Downtown,Arts & Culture | Learning & Careers | Community & Volunteering,Reading & Writing | Language | Civic Engagement | Career,upcoming,Free,Hartford Public Library,https://programs.hplct.org/events,https://hplct.libnet.info/event/16811419,Adults
hpl:16810064:2027-01-09 09:30:00,ESL Classes,English as a second language classes for adults. Registered students only. Please contact ESL@hplct.org for more information.,2027-01-09 09:30:00,2027-01-09 12:30:00,Downtown,Arts & Culture | Learning & Careers | Community & Volunteering,Reading & Writing | Language | Civic Engagement | Career,upcoming,Free,Hartford Public Library,https://programs.hplct.org/events,https://hplct.libnet.info/event/16810064,Adults
hpl:16810129:2027-01-09 09:30:00,ESL Classes,English as a second language classes for adults. Registered students only. Please contact ESL@hplct.org for more information.,2027-01-09 09:30:00,2027-01-09 12:30:00,Downtown,Arts & Culture | Learning & Careers | Community & Volunteering,Reading & Writing | Language | Civic Engagement | Career,upcoming,Free,Hartford Public Library,https://programs.hplct.org/events,https://hplct.libnet.info/event/16810129,Adults
hpl:16810782:2027-01-09 09:30:00,ESL Classes,English as a second language classes for adults. Registered students only. Please contact ESL@hplct.org for more information.,2027-01-09 09:30:00,2027-01-09 12:30:00,Downtown,Arts & Culture | Learning & Careers | Community & Volunteering,Reading & Writing | Language | Civic Engagement | Career,upcoming,Free,Hartford Public Library,https://programs.hplct.org/events,https://hplct.libnet.info/event/16810782,Adults
hpl:16841087:2027-01-11 11:00:00,Everyday Tech Help,"Need help with your phone, tablet, computer, or online services?",2027-01-11 11:00:00,2027-01-11 12:00:00,Barbour Library,Learning & Careers | Community & Volunteering,Technology | STEM | Media | Community,upcoming,Free,Hartford Public Library,https://programs.hplct.org/events,https://hplct.libnet.info/event/16841087,Adults
hpl:17491066:2027-01-11 14:30:00,Next Steps for College for English Learners,"This program supports high school English Learners in grades 11-12 as they develop English language proficiency, achieve academic success, and prepare for college and career pathways.",2027-01-11 14:30:00,2027-01-11 16:30:00,Downtown,Arts & Culture | Family & Kids | Learning & Careers,STEM | Reading & Writing | Language,archived,Free,Hartford Public Library,https://programs.hplct.org/events,https://hplct.libnet.info/event/17491066,Teens
hpl:17491239:2027-01-11 14:30:00,Next Steps for College for English Learners,"This program supports high school English Learners in grades 11-12 as they develop English language proficiency, achieve academic success, and prepare for college and career pathways.",2027-01-11 14:30:00,2027-01-11 16:30:00,Downtown,Arts & Culture | Family & Kids | Learning & Careers,TAP | STEM | Reading & Writing | Language,upcoming,Free,Hartford Public Library,https://programs.hplct.org/events,https://hplct.libnet.info/event/17491239,Teens
hpl:16809920:2027-01-12 09:30:00,ESL Classes,English as a second language classes for adults. Registered students only. Please contact ESL@hplct.org for more information.,2027-01-12 09:30:00,2027-01-12 12:00:00,Downtown,Arts & Culture | Learning & Careers | Community & Volunteering,Reading & Writing | Language | Civic Engagement | Career,upcoming,Free,Hartford Public Library,https://programs.hplct.org/events,https://hplct.libnet.info/event/16809920,Adults
hpl:16809612:2027-01-12 09:30:00,ESL Classes,English as a second language classes for adults. Registered students only. Please contact ESL@hplct.org for more information.,2027-01-12 09:30:00,2027-01-12 12:00:00,Downtown,Arts & Culture | Learning & Careers | Community & Volunteering,Reading & Writing | Language | Civic Engagement | Career,upcoming,Free,Hartford Public Library,https://programs.hplct.org/events,https://hplct.libnet.info/event/16809612,Adults
hpl:16809315:2027-01-12 09:30:00,ESL Classes,English as a second language classes. Registered students only. Please contact ESL@hplct.org for more information.,2027-01-12 09:30:00,2027-01-12 12:00:00,Downtown,Arts & Culture | Learning & Careers | Community & Volunteering,Reading & Writing | Language | Civic Engagement | Career,upcoming,Free,Hartford Public Library,https://programs.hplct.org/events,https://hplct.libnet.info/event/16809315,Adults
hpl:16809751:2027-01-12 09:30:00,ESL Classes,English as a second language classes for adults. Registered students only. Please contact ESL@hplct.org for more information.,2027-01-12 09:30:00,2027-01-12 12:00:00,Downtown,Arts & Culture | Learning & Careers | Community & Volunteering,Reading & Writing | Language | Civic Engagement | Career,upcoming,Free,Hartford Public Library,https://programs.hplct.org/events,https://hplct.libnet.info/event/16809751,Adults
hpl:17491700:2027-01-12 14:30:00,English Learners Success,"This program supports high school English Learners through engaging, project-based instruction that strengthens English language proficiency, academic success, and college and career readiness.",2027-01-12 14:30:00,2027-01-12 16:30:00,Downtown,Arts & Culture | Family & Kids | Learning & Careers,TAP | STEM | Reading & Writing | Language,upcoming,Free,Hartford Public Library,https://programs.hplct.org/events,https://hplct.libnet.info/event/17491700,Teens
hpl:17337775:2027-01-12 15:00:00,Pearson Test Center testing,"Pearson testing in the West Middle test center (44 Niles Street). Registered testers only. If you have questions or require assistance the day of your testing appointment, please call (860) 331-9538.",2027-01-12 15:00:00,2027-01-12 20:00:00,West Middle School Branch,Outdoors & Nature,TAP,upcoming,Free,Hartford Public Library,https://programs.hplct.org/events,https://hplct.libnet.info/event/17337775,Adults
hpl:17497640:2027-01-12 17:30:00,ESL Classes,Adult Education English as a Second Language,2027-01-12 17:30:00,2027-01-12 19:30:00,Downtown,Arts & Culture | Learning & Careers,TAP | Reading & Writing,upcoming,Free,Hartford Public Library,https://programs.hplct.org/events,https://hplct.libnet.info/event/17497640,Adults
hpl:16806815:2027-01-13 09:30:00,English for All,Guided online learning for English as a second language,2027-01-13 09:30:00,2027-01-13 12:00:00,Downtown,Arts & Culture | Learning & Careers,Reading & Writing | Language,upcoming,Free,Hartford Public Library,https://programs.hplct.org/events,https://hplct.libnet.info/event/16806815,Adults
hpl:17242183:2027-01-13 14:30:00,Next Steps for College for English Learners,"This program supports high school English Learners in grades 11-12 as they develop English language proficiency, achieve academic success, and prepare for college and career pathways.",2027-01-13 14:30:00,2027-01-13 17:00:00,Downtown,Arts & Culture | Family & Kids | Learning & Careers,STEM | Reading & Writing | Language,archived,Free,Hartford Public Library,https://programs.hplct.org/events,https://hplct.libnet.info/event/17242183,Teens
hpl:17491410:2027-01-13 14:30:00,Next Steps for College for English Learners,"This program supports high school English Learners in grades 11-12 as they develop English language proficiency, achieve academic success, and prepare for college and career pathways.",2027-01-13 14:30:00,2027-01-13 16:30:00,Downtown,Arts & Culture | Family & Kids | Learning & Careers,TAP | STEM | Reading & Writing | Language,upcoming,Free,Hartford Public Library,https://programs.hplct.org/events,https://hplct.libnet.info/event/17491410,Teens
hpl:17337776:2027-01-13 15:00:00,Pearson Test Center testing,"Pearson testing in the West Middle test center (44 Niles Street). Registered testers only. If you have questions or require assistance the day of your testing appointment, please call (860) 331-9538.",2027-01-13 15:00:00,2027-01-13 20:00:00,West Middle School Branch,Outdoors & Nature,TAP,upcoming,Free,Hartford Public Library,https://programs.hplct.org/events,https://hplct.libnet.info/event/17337776,Adults
hpl:17426389:2027-01-13 18:30:00,Intro to Studio Technology,Learn how to operate a professional recording session.,2027-01-13 18:30:00,2027-01-13 20:00:00,Downtown,Music & Nightlife | Learning & Careers,Technology | Media | Job Training | Arts,upcoming,Free,Hartford Public Library,https://programs.hplct.org/events,https://hplct.libnet.info/event/17426389,"Teens, Adults"
hpl:16809271:2027-01-14 09:30:00,ESL Classes,English as a second language classes. Registered students only. Please contact ESL@hplct.org for more information.,2027-01-14 09:30:00,2027-01-14 12:00:00,Downtown,Arts & Culture | Learning & Careers | Community & Volunteering,Reading & Writing | Language | Civic Engagement | Career,upcoming,Free,Hartford Public Library,https://programs.hplct.org/events,https://hplct.libnet.info/event/16809271,Adults
hpl:16809868:2027-01-14 09:30:00,ESL Classes,English as a second language classes for adults. Registered students only. Please contact ESL@hplct.org for more information.,2027-01-14 09:30:00,2027-01-14 12:00:00,Downtown,Arts & Culture | Learning & Careers | Community & Volunteering,Reading & Writing | Language | Civic Engagement | Career,upcoming,Free,Hartford Public Library,https://programs.hplct.org/events,https://hplct.libnet.info/event/16809868,Adults
hpl:16809613:2027-01-14 09:30:00,ESL Classes,English as a second language classes for adults. Registered students only. Please contact ESL@hplct.org for more information.,2027-01-14 09:30:00,2027-01-14 12:00:00,Downtown,Arts & Culture | Learning & Careers | Community & Volunteering,Reading & Writing | Language | Civic Engagement | Career,upcoming,Free,Hartford Public Library,https://programs.hplct.org/events,https://hplct.libnet.info/event/16809613,Adults
hpl:16809709:2027-01-14 09:30:00,ESL Classes,English as a second language classes for adults. Registered students only. Please contact ESL@hplct.org for more information.,2027-01-14 09:30:00,2027-01-14 12:00:00,Downtown,Arts & Culture | Learning & Careers | Community & Volunteering,Reading & Writing | Language | Civic Engagement | Career,upcoming,Free,Hartford Public Library,https://programs.hplct.org/events,https://hplct.libnet.info/event/16809709,Adults
hpl:17491891:2027-01-14 14:30:00,English Learners Success,"This program supports high school English Learners through engaging, project-based instruction that strengthens English language proficiency, academic success, and college and career readiness.",2027-01-14 14:30:00,2027-01-14 16:30:00,Downtown,Arts & Culture | Family & Kids | Learning & Careers,TAP | STEM | Reading & Writing | Language,upcoming,Free,Hartford Public Library,https://programs.hplct.org/events,https://hplct.libnet.info/event/17491891,Teens
hpl:17497760:2027-01-14 17:30:00,ESL Classes,Adult Education English as a Second Language,2027-01-14 17:30:00,2027-01-14 19:30:00,Downtown,Arts & Culture | Learning & Careers,TAP | Reading & Writing,upcoming,Free,Hartford Public Library,https://programs.hplct.org/events,https://hplct.libnet.info/event/17497760,Adults
hpl:16811420:2027-01-16 09:30:00,ESL Classes,English as a second language classes for adults. Registered students only. Please contact ESL@hplct.org for more information.,2027-01-16 09:30:00,2027-01-16 12:30:00,Downtown,Arts & Culture | Learning & Careers | Community & Volunteering,Reading & Writing | Language | Civic Engagement | Career,upcoming,Free,Hartford Public Library,https://programs.hplct.org/events,https://hplct.libnet.info/event/16811420,Adults
hpl:16810065:2027-01-16 09:30:00,ESL Classes,English as a second language classes for adults. Registered students only. Please contact ESL@hplct.org for more information.,2027-01-16 09:30:00,2027-01-16 12:30:00,Downtown,Arts & Culture | Learning & Careers | Community & Volunteering,Reading & Writing | Language | Civic Engagement | Career,upcoming,Free,Hartford Public Library,https://programs.hplct.org/events,https://hplct.libnet.info/event/16810065,Adults
hpl:16810130:2027-01-16 09:30:00,ESL Classes,English as a second language classes for adults. Registered students only. Please contact ESL@hplct.org for more information.,2027-01-16 09:30:00,2027-01-16 12:30:00,Downtown,Arts & Culture | Learning & Careers | Community & Volunteering,Reading & Writing | Language | Civic Engagement | Career,upcoming,Free,Hartford Public Library,https://programs.hplct.org/events,https://hplct.libnet.info/event/16810130,Adults
hpl:16810783:2027-01-16 09:30:00,ESL Classes,English as a second language classes for adults. Registered students only. Please contact ESL@hplct.org for more information.,2027-01-16 09:30:00,2027-01-16 12:30:00,Downtown,Arts & Culture | Learning & Careers | Community & Volunteering,Reading & Writing | Language | Civic Engagement | Career,upcoming,Free,Hartford Public Library,https://programs.hplct.org/events,https://hplct.libnet.info/event/16810783,Adults
hpl:16841088:2027-01-18 11:00:00,Everyday Tech Help,"Need help with your phone, tablet, computer, or online services?",2027-01-18 11:00:00,2027-01-18 12:00:00,Barbour Library,Learning & Careers | Community & Volunteering,Technology | STEM | Media | Community,upcoming,Free,Hartford Public Library,https://programs.hplct.org/events,https://hplct.libnet.info/event/16841088,Adults
hpl:17491067:2027-01-18 14:30:00,Next Steps for College for English Learners,"This program supports high school English Learners in grades 11-12 as they develop English language proficiency, achieve academic success, and prepare for college and career pathways.",2027-01-18 14:30:00,2027-01-18 16:30:00,Downtown,Arts & Culture | Family & Kids | Learning & Careers,STEM | Reading & Writing | Language,archived,Free,Hartford Public Library,https://programs.hplct.org/events,https://hplct.libnet.info/event/17491067,Teens
hpl:16809614:2027-01-19 09:30:00,ESL Classes,English as a second language classes for adults. Registered students only. Please contact ESL@hplct.org for more information.,2027-01-19 09:30:00,2027-01-19 12:00:00,Downtown,Arts & Culture | Learning & Careers | Community & Volunteering,Reading & Writing | Language | Civic Engagement | Career,upcoming,Free,Hartford Public Library,https://programs.hplct.org/events,https://hplct.libnet.info/event/16809614,Adults
hpl:16809921:2027-01-19 09:30:00,ESL Classes,English as a second language classes for adults. Registered students only. Please contact ESL@hplct.org for more information.,2027-01-19 09:30:00,2027-01-19 12:00:00,Downtown,Arts & Culture | Learning & Careers | Community & Volunteering,Reading & Writing | Language | Civic Engagement | Career,upcoming,Free,Hartford Public Library,https://programs.hplct.org/events,https://hplct.libnet.info/event/16809921,Adults
hpl:16809316:2027-01-19 09:30:00,ESL Classes,English as a second language classes. Registered students only. Please contact ESL@hplct.org for more information.,2027-01-19 09:30:00,2027-01-19 12:00:00,Downtown,Arts & Culture | Learning & Careers | Community & Volunteering,Reading & Writing | Language | Civic Engagement | Career,upcoming,Free,Hartford Public Library,https://programs.hplct.org/events,https://hplct.libnet.info/event/16809316,Adults
hpl:16809752:2027-01-19 09:30:00,ESL Classes,English as a second language classes for adults. Registered students only. Please contact ESL@hplct.org for more information.,2027-01-19 09:30:00,2027-01-19 12:00:00,Downtown,Arts & Culture | Learning & Careers | Community & Volunteering,Reading & Writing | Language | Civic Engagement | Career,upcoming,Free,Hartford Public Library,https://programs.hplct.org/events,https://hplct.libnet.info/event/16809752,Adults
hpl:17491701:2027-01-19 14:30:00,English Learners Success,"This program supports high school English Learners through engaging, project-based instruction that strengthens English language proficiency, academic success, and college and career readiness.",2027-01-19 14:30:00,2027-01-19 16:30:00,Downtown,Arts & Culture | Family & Kids | Learning & Careers,TAP | STEM | Reading & Writing | Language,upcoming,Free,Hartford Public Library,https://programs.hplct.org/events,https://hplct.libnet.info/event/17491701,Teens
hpl:17337777:2027-01-19 15:00:00,Pearson Test Center testing,"Pearson testing in the West Middle test center (44 Niles Street). Registered testers only. If you have questions or require assistance the day of your testing appointment, please call (860) 331-9538.",2027-01-19 15:00:00,2027-01-19 20:00:00,West Middle School Branch,Outdoors & Nature,TAP,upcoming,Free,Hartford Public Library,https://programs.hplct.org/events,https://hplct.libnet.info/event/17337777,Adults
hpl:17497641:2027-01-19 17:30:00,ESL Classes,Adult Education English as a Second Language,2027-01-19 17:30:00,2027-01-19 19:30:00,Downtown,Arts & Culture | Learning & Careers,TAP | Reading & Writing,upcoming,Free,Hartford Public Library,https://programs.hplct.org/events,https://hplct.libnet.info/event/17497641,Adults
hpl:16806816:2027-01-20 09:30:00,English for All,Guided online learning for English as a second language,2027-01-20 09:30:00,2027-01-20 12:00:00,Downtown,Arts & Culture | Learning & Careers,Reading & Writing | Language,upcoming,Free,Hartford Public Library,https://programs.hplct.org/events,https://hplct.libnet.info/event/16806816,Adults
hpl:17491411:2027-01-20 14:30:00,Next Steps for College for English Learners,"This program supports high school English Learners in grades 11-12 as they develop English language proficiency, achieve academic success, and prepare for college and career pathways.",2027-01-20 14:30:00,2027-01-20 16:30:00,Downtown,Arts & Culture | Family & Kids | Learning & Careers,TAP | STEM | Reading & Writing | Language,upcoming,Free,Hartford Public Library,https://programs.hplct.org/events,https://hplct.libnet.info/event/17491411,Teens
hpl:17242184:2027-01-20 14:30:00,Next Steps for College for English Learners,"This program supports high school English Learners in grades 11-12 as they develop English language proficiency, achieve academic success, and prepare for college and career pathways.",2027-01-20 14:30:00,2027-01-20 17:00:00,Downtown,Arts & Culture | Family & Kids | Learning & Careers,STEM | Reading & Writing | Language,archived,Free,Hartford Public Library,https://programs.hplct.org/events,https://hplct.libnet.info/event/17242184,Teens
hpl:17337778:2027-01-20 15:00:00,Pearson Test Center testing,"Pearson testing in the West Middle test center (44 Niles Street). Registered testers only. If you have questions or require assistance the day of your testing appointment, please call (860) 331-9538.",2027-01-20 15:00:00,2027-01-20 20:00:00,West Middle School Branch,Outdoors & Nature,TAP,upcoming,Free,Hartford Public Library,https://programs.hplct.org/events,https://hplct.libnet.info/event/17337778,Adults
hpl:17426390:2027-01-20 18:30:00,Intro to Studio Technology,Learn how to operate a professional recording session.,2027-01-20 18:30:00,2027-01-20 20:00:00,Downtown,Music & Nightlife | Learning & Careers,Technology | Media | Job Training | Arts,upcoming,Free,Hartford Public Library,https://programs.hplct.org/events,https://hplct.libnet.info/event/17426390,"Teens, Adults"
hpl:16809869:2027-01-21 09:30:00,ESL Classes,English as a second language classes for adults. Registered students only. Please contact ESL@hplct.org for more information.,2027-01-21 09:30:00,2027-01-21 12:00:00,Downtown,Arts & Culture | Learning & Careers | Community & Volunteering,Reading & Writing | Language | Civic Engagement | Career,upcoming,Free,Hartford Public Library,https://programs.hplct.org/events,https://hplct.libnet.info/event/16809869,Adults
hpl:16809272:2027-01-21 09:30:00,ESL Classes,English as a second language classes. Registered students only. Please contact ESL@hplct.org for more information.,2027-01-21 09:30:00,2027-01-21 12:00:00,Downtown,Arts & Culture | Learning & Careers | Community & Volunteering,Reading & Writing | Language | Civic Engagement | Career,upcoming,Free,Hartford Public Library,https://programs.hplct.org/events,https://hplct.libnet.info/event/16809272,Adults
hpl:16809615:2027-01-21 09:30:00,ESL Classes,English as a second language classes for adults. Registered students only. Please contact ESL@hplct.org for more information.,2027-01-21 09:30:00,2027-01-21 12:00:00,Downtown,Arts & Culture | Learning & Careers | Community & Volunteering,Reading & Writing | Language | Civic Engagement | Career,upcoming,Free,Hartford Public Library,https://programs.hplct.org/events,https://hplct.libnet.info/event/16809615,Adults
hpl:16809710:2027-01-21 09:30:00,ESL Classes,English as a second language classes for adults. Registered students only. Please contact ESL@hplct.org for more information.,2027-01-21 09:30:00,2027-01-21 12:00:00,Downtown,Arts & Culture | Learning & Careers | Community & Volunteering,Reading & Writing | Language | Civic Engagement | Career,upcoming,Free,Hartford Public Library,https://programs.hplct.org/events,https://hplct.libnet.info/event/16809710,Adults
hpl:17491892:2027-01-21 14:30:00,English Learners Success,"This program supports high school English Learners through engaging, project-based instruction that strengthens English language proficiency, academic success, and college and career readiness.",2027-01-21 14:30:00,2027-01-21 16:30:00,Downtown,Arts & Culture | Family & Kids | Learning & Careers,TAP | STEM | Reading & Writing | Language,upcoming,Free,Hartford Public Library,https://programs.hplct.org/events,https://hplct.libnet.info/event/17491892,Teens
hpl:17497761:2027-01-21 17:30:00,ESL Classes,Adult Education English as a Second Language,2027-01-21 17:30:00,2027-01-21 19:30:00,Downtown,Arts & Culture | Learning & Careers,TAP | Reading & Writing,upcoming,Free,Hartford Public Library,https://programs.hplct.org/events,https://hplct.libnet.info/event/17497761,Adults
hartfordcom:106945:2027-01-22,Bad Dates: Endgame,"Bad Dates: Endgame at Hartford Stage. Open the event listing for description, cost, times, and registration.",2027-01-22,,Hartford Stage,Sports & Games,,upcoming,Check event listing,Hartford.com,https://hartford.com/events/,https://hartford.com/calendar/bad-dates-endgame-hartford/?occurrence=2027-01-22&time=1800646200,Check event listing
hpl:16811421:2027-01-23 09:30:00,ESL Classes,English as a second language classes for adults. Registered students only. Please contact ESL@hplct.org for more information.,2027-01-23 09:30:00,2027-01-23 12:30:00,Downtown,Arts & Culture | Learning & Careers | Community & Volunteering,Reading & Writing | Language | Civic Engagement | Career,upcoming,Free,Hartford Public Library,https://programs.hplct.org/events,https://hplct.libnet.info/event/16811421,Adults
hpl:16810066:2027-01-23 09:30:00,ESL Classes,English as a second language classes for adults. Registered students only. Please contact ESL@hplct.org for more information.,2027-01-23 09:30:00,2027-01-23 12:30:00,Downtown,Arts & Culture | Learning & Careers | Community & Volunteering,Reading & Writing | Language | Civic Engagement | Career,upcoming,Free,Hartford Public Library,https://programs.hplct.org/events,https://hplct.libnet.info/event/16810066,Adults
hpl:16810131:2027-01-23 09:30:00,ESL Classes,English as a second language classes for adults. Registered students only. Please contact ESL@hplct.org for more information.,2027-01-23 09:30:00,2027-01-23 12:30:00,Downtown,Arts & Culture | Learning & Careers | Community & Volunteering,Reading & Writing | Language | Civic Engagement | Career,upcoming,Free,Hartford Public Library,https://programs.hplct.org/events,https://hplct.libnet.info/event/16810131,Adults
hpl:16810784:2027-01-23 09:30:00,ESL Classes,English as a second language classes for adults. Registered students only. Please contact ESL@hplct.org for more information.,2027-01-23 09:30:00,2027-01-23 12:30:00,Downtown,Arts & Culture | Learning & Careers | Community & Volunteering,Reading & Writing | Language | Civic Engagement | Career,upcoming,Free,Hartford Public Library,https://programs.hplct.org/events,https://hplct.libnet.info/event/16810784,Adults
hpl:16841089:2027-01-25 11:00:00,Everyday Tech Help,"Need help with your phone, tablet, computer, or online services?",2027-01-25 11:00:00,2027-01-25 12:00:00,Barbour Library,Learning & Careers | Community & Volunteering,Technology | STEM | Media | Community,upcoming,Free,Hartford Public Library,https://programs.hplct.org/events,https://hplct.libnet.info/event/16841089,Adults
hpl:17491068:2027-01-25 14:30:00,Next Steps for College for English Learners,"This program supports high school English Learners in grades 11-12 as they develop English language proficiency, achieve academic success, and prepare for college and career pathways.",2027-01-25 14:30:00,2027-01-25 16:30:00,Downtown,Arts & Culture | Family & Kids | Learning & Careers,STEM | Reading & Writing | Language,archived,Free,Hartford Public Library,https://programs.hplct.org/events,https://hplct.libnet.info/event/17491068,Teens
hpl:17491240:2027-01-25 14:30:00,Next Steps for College for English Learners,"This program supports high school English Learners in grades 11-12 as they develop English language proficiency, achieve academic success, and prepare for college and career pathways.",2027-01-25 14:30:00,2027-01-25 16:30:00,Downtown,Arts & Culture | Family & Kids | Learning & Careers,TAP | STEM | Reading & Writing | Language,upcoming,Free,Hartford Public Library,https://programs.hplct.org/events,https://hplct.libnet.info/event/17491240,Teens
hpl:16809922:2027-01-26 09:30:00,ESL Classes,English as a second language classes for adults. Registered students only. Please contact ESL@hplct.org for more information.,2027-01-26 09:30:00,2027-01-26 12:00:00,Downtown,Arts & Culture | Learning & Careers | Community & Volunteering,Reading & Writing | Language | Civic Engagement | Career,upcoming,Free,Hartford Public Library,https://programs.hplct.org/events,https://hplct.libnet.info/event/16809922,Adults
hpl:16809616:2027-01-26 09:30:00,ESL Classes,English as a second language classes for adults. Registered students only. Please contact ESL@hplct.org for more information.,2027-01-26 09:30:00,2027-01-26 12:00:00,Downtown,Arts & Culture | Learning & Careers | Community & Volunteering,Reading & Writing | Language | Civic Engagement | Career,upcoming,Free,Hartford Public Library,https://programs.hplct.org/events,https://hplct.libnet.info/event/16809616,Adults
hpl:16809317:2027-01-26 09:30:00,ESL Classes,English as a second language classes. Registered students only. Please contact ESL@hplct.org for more information.,2027-01-26 09:30:00,2027-01-26 12:00:00,Downtown,Arts & Culture | Learning & Careers | Community & Volunteering,Reading & Writing | Language | Civic Engagement | Career,upcoming,Free,Hartford Public Library,https://programs.hplct.org/events,https://hplct.libnet.info/event/16809317,Adults
hpl:16809753:2027-01-26 09:30:00,ESL Classes,English as a second language classes for adults. Registered students only. Please contact ESL@hplct.org for more information.,2027-01-26 09:30:00,2027-01-26 12:00:00,Downtown,Arts & Culture | Learning & Careers | Community & Volunteering,Reading & Writing | Language | Civic Engagement | Career,upcoming,Free,Hartford Public Library,https://programs.hplct.org/events,https://hplct.libnet.info/event/16809753,Adults
hpl:17491702:2027-01-26 14:30:00,English Learners Success,"This program supports high school English Learners through engaging, project-based instruction that strengthens English language proficiency, academic success, and college and career readiness.",2027-01-26 14:30:00,2027-01-26 16:30:00,Downtown,Arts & Culture | Family & Kids | Learning & Careers,TAP | STEM | Reading & Writing | Language,upcoming,Free,Hartford Public Library,https://programs.hplct.org/events,https://hplct.libnet.info/event/17491702,Teens
hpl:17337779:2027-01-26 15:00:00,Pearson Test Center testing,"Pearson testing in the West Middle test center (44 Niles Street). Registered testers only. If you have questions or require assistance the day of your testing appointment, please call (860) 331-9538.",2027-01-26 15:00:00,2027-01-26 20:00:00,West Middle School Branch,Outdoors & Nature,TAP,upcoming,Free,Hartford Public Library,https://programs.hplct.org/events,https://hplct.libnet.info/event/17337779,Adults
hpl:17497642:2027-01-26 17:30:00,ESL Classes,Adult Education English as a Second Language,2027-01-26 17:30:00,2027-01-26 19:30:00,Downtown,Arts & Culture | Learning & Careers,TAP | Reading & Writing,upcoming,Free,Hartford Public Library,https://programs.hplct.org/events,https://hplct.libnet.info/event/17497642,Adults
hpl:16806817:2027-01-27 09:30:00,English for All,Guided online learning for English as a second language,2027-01-27 09:30:00,2027-01-27 12:00:00,Downtown,Arts & Culture | Learning & Careers,Reading & Writing | Language,upcoming,Free,Hartford Public Library,https://programs.hplct.org/events,https://hplct.libnet.info/event/16806817,Adults
hpl:17242185:2027-01-27 14:30:00,Next Steps for College for English Learners,"This program supports high school English Learners in grades 11-12 as they develop English language proficiency, achieve academic success, and prepare for college and career pathways.",2027-01-27 14:30:00,2027-01-27 17:00:00,Downtown,Arts & Culture | Family & Kids | Learning & Careers,STEM | Reading & Writing | Language,archived,Free,Hartford Public Library,https://programs.hplct.org/events,https://hplct.libnet.info/event/17242185,Teens
hpl:17491412:2027-01-27 14:30:00,Next Steps for College for English Learners,"This program supports high school English Learners in grades 11-12 as they develop English language proficiency, achieve academic success, and prepare for college and career pathways.",2027-01-27 14:30:00,2027-01-27 16:30:00,Downtown,Arts & Culture | Family & Kids | Learning & Careers,TAP | STEM | Reading & Writing | Language,upcoming,Free,Hartford Public Library,https://programs.hplct.org/events,https://hplct.libnet.info/event/17491412,Teens
hpl:17337780:2027-01-27 15:00:00,Pearson Test Center testing,"Pearson testing in the West Middle test center (44 Niles Street). Registered testers only. If you have questions or require assistance the day of your testing appointment, please call (860) 331-9538.",2027-01-27 15:00:00,2027-01-27 20:00:00,West Middle School Branch,Outdoors & Nature,TAP,upcoming,Free,Hartford Public Library,https://programs.hplct.org/events,https://hplct.libnet.info/event/17337780,Adults
hpl:17426391:2027-01-27 18:30:00,Intro to Studio Technology,Learn how to operate a professional recording session.,2027-01-27 18:30:00,2027-01-27 20:00:00,Downtown,Music & Nightlife | Learning & Careers,Technology | Media | Job Training | Arts,upcoming,Free,Hartford Public Library,https://programs.hplct.org/events,https://hplct.libnet.info/event/17426391,"Teens, Adults"
hpl:16809273:2027-01-28 09:30:00,ESL Classes,English as a second language classes. Registered students only. Please contact ESL@hplct.org for more information.,2027-01-28 09:30:00,2027-01-28 12:00:00,Downtown,Arts & Culture | Learning & Careers | Community & Volunteering,Reading & Writing | Language | Civic Engagement | Career,upcoming,Free,Hartford Public Library,https://programs.hplct.org/events,https://hplct.libnet.info/event/16809273,Adults
hpl:16809870:2027-01-28 09:30:00,ESL Classes,English as a second language classes for adults. Registered students only. Please contact ESL@hplct.org for more information.,2027-01-28 09:30:00,2027-01-28 12:00:00,Downtown,Arts & Culture | Learning & Careers | Community & Volunteering,Reading & Writing | Language | Civic Engagement | Career,upcoming,Free,Hartford Public Library,https://programs.hplct.org/events,https://hplct.libnet.info/event/16809870,Adults
hpl:16809711:2027-01-28 09:30:00,ESL Classes,English as a second language classes for adults. Registered students only. Please contact ESL@hplct.org for more information.,2027-01-28 09:30:00,2027-01-28 12:00:00,Downtown,Arts & Culture | Learning & Careers | Community & Volunteering,Reading & Writing | Language | Civic Engagement | Career,upcoming,Free,Hartford Public Library,https://programs.hplct.org/events,https://hplct.libnet.info/event/16809711,Adults
hpl:16809617:2027-01-28 09:30:00,ESL Classes,English as a second language classes for adults. Registered students only. Please contact ESL@hplct.org for more information.,2027-01-28 09:30:00,2027-01-28 12:00:00,Downtown,Arts & Culture | Learning & Careers | Community & Volunteering,Reading & Writing | Language | Civic Engagement | Career,upcoming,Free,Hartford Public Library,https://programs.hplct.org/events,https://hplct.libnet.info/event/16809617,Adults
hpl:17491893:2027-01-28 14:30:00,English Learners Success,"This program supports high school English Learners through engaging, project-based instruction that strengthens English language proficiency, academic success, and college and career readiness.",2027-01-28 14:30:00,2027-01-28 16:30:00,Downtown,Arts & Culture | Family & Kids | Learning & Careers,TAP | STEM | Reading & Writing | Language,upcoming,Free,Hartford Public Library,https://programs.hplct.org/events,https://hplct.libnet.info/event/17491893,Teens
hpl:17497762:2027-01-28 17:30:00,ESL Classes,Adult Education English as a Second Language,2027-01-28 17:30:00,2027-01-28 19:30:00,Downtown,Arts & Culture | Learning & Careers,TAP | Reading & Writing,upcoming,Free,Hartford Public Library,https://programs.hplct.org/events,https://hplct.libnet.info/event/17497762,Adults
hpl:16810132:2027-01-30 09:30:00,ESL Classes,English as a second language classes for adults. Registered students only. Please contact ESL@hplct.org for more information.,2027-01-30 09:30:00,2027-01-30 12:30:00,Downtown,Arts & Culture | Learning & Careers | Community & Volunteering,Reading & Writing | Language | Civic Engagement | Career,upcoming,Free,Hartford Public Library,https://programs.hplct.org/events,https://hplct.libnet.info/event/16810132,Adults
hpl:16811422:2027-01-30 09:30:00,ESL Classes,English as a second language classes for adults. Registered students only. Please contact ESL@hplct.org for more information.,2027-01-30 09:30:00,2027-01-30 12:30:00,Downtown,Arts & Culture | Learning & Careers | Community & Volunteering,Reading & Writing | Language | Civic Engagement | Career,upcoming,Free,Hartford Public Library,https://programs.hplct.org/events,https://hplct.libnet.info/event/16811422,Adults
hpl:16810785:2027-01-30 09:30:00,ESL Classes,English as a second language classes for adults. Registered students only. Please contact ESL@hplct.org for more information.,2027-01-30 09:30:00,2027-01-30 12:30:00,Downtown,Arts & Culture | Learning & Careers | Community & Volunteering,Reading & Writing | Language | Civic Engagement | Career,upcoming,Free,Hartford Public Library,https://programs.hplct.org/events,https://hplct.libnet.info/event/16810785,Adults
hpl:16810067:2027-01-30 09:30:00,ESL Classes,English as a second language classes for adults. Registered students only. Please contact ESL@hplct.org for more information.,2027-01-30 09:30:00,2027-01-30 12:30:00,Downtown,Arts & Culture | Learning & Careers | Community & Volunteering,Reading & Writing | Language | Civic Engagement | Career,upcoming,Free,Hartford Public Library,https://programs.hplct.org/events,https://hplct.libnet.info/event/16810067,Adults
hpl:16841090:2027-02-01 11:00:00,Everyday Tech Help,"Need help with your phone, tablet, computer, or online services?",2027-02-01 11:00:00,2027-02-01 12:00:00,Barbour Library,Learning & Careers | Community & Volunteering,Technology | STEM | Media | Community,upcoming,Free,Hartford Public Library,https://programs.hplct.org/events,https://hplct.libnet.info/event/16841090,Adults
hpl:17491241:2027-02-01 14:30:00,Next Steps for College for English Learners,"This program supports high school English Learners in grades 11-12 as they develop English language proficiency, achieve academic success, and prepare for college and career pathways.",2027-02-01 14:30:00,2027-02-01 16:30:00,Downtown,Arts & Culture | Family & Kids | Learning & Careers,TAP | STEM | Reading & Writing | Language,upcoming,Free,Hartford Public Library,https://programs.hplct.org/events,https://hplct.libnet.info/event/17491241,Teens
hpl:17491069:2027-02-01 14:30:00,Next Steps for College for English Learners,"This program supports high school English Learners in grades 11-12 as they develop English language proficiency, achieve academic success, and prepare for college and career pathways.",2027-02-01 14:30:00,2027-02-01 16:30:00,Downtown,Arts & Culture | Family & Kids | Learning & Careers,STEM | Reading & Writing | Language,archived,Free,Hartford Public Library,https://programs.hplct.org/events,https://hplct.libnet.info/event/17491069,Teens
hpl:16809318:2027-02-02 09:30:00,ESL Classes,English as a second language classes. Registered students only. Please contact ESL@hplct.org for more information.,2027-02-02 09:30:00,2027-02-02 12:00:00,Downtown,Arts & Culture | Learning & Careers | Community & Volunteering,Reading & Writing | Language | Civic Engagement | Career,upcoming,Free,Hartford Public Library,https://programs.hplct.org/events,https://hplct.libnet.info/event/16809318,Adults
hpl:16809923:2027-02-02 09:30:00,ESL Classes,English as a second language classes for adults. Registered students only. Please contact ESL@hplct.org for more information.,2027-02-02 09:30:00,2027-02-02 12:00:00,Downtown,Arts & Culture | Learning & Careers | Community & Volunteering,Reading & Writing | Language | Civic Engagement | Career,upcoming,Free,Hartford Public Library,https://programs.hplct.org/events,https://hplct.libnet.info/event/16809923,Adults
hpl:16809618:2027-02-02 09:30:00,ESL Classes,English as a second language classes for adults. Registered students only. Please contact ESL@hplct.org for more information.,2027-02-02 09:30:00,2027-02-02 12:00:00,Downtown,Arts & Culture | Learning & Careers | Community & Volunteering,Reading & Writing | Language | Civic Engagement | Career,upcoming,Free,Hartford Public Library,https://programs.hplct.org/events,https://hplct.libnet.info/event/16809618,Adults
hpl:16809754:2027-02-02 09:30:00,ESL Classes,English as a second language classes for adults. Registered students only. Please contact ESL@hplct.org for more information.,2027-02-02 09:30:00,2027-02-02 12:00:00,Downtown,Arts & Culture | Learning & Careers | Community & Volunteering,Reading & Writing | Language | Civic Engagement | Career,upcoming,Free,Hartford Public Library,https://programs.hplct.org/events,https://hplct.libnet.info/event/16809754,Adults
hpl:17491703:2027-02-02 14:30:00,English Learners Success,"This program supports high school English Learners through engaging, project-based instruction that strengthens English language proficiency, academic success, and college and career readiness.",2027-02-02 14:30:00,2027-02-02 16:30:00,Downtown,Arts & Culture | Family & Kids | Learning & Careers,TAP | STEM | Reading & Writing | Language,upcoming,Free,Hartford Public Library,https://programs.hplct.org/events,https://hplct.libnet.info/event/17491703,Teens
hpl:17337781:2027-02-02 15:00:00,Pearson Test Center testing,"Pearson testing in the West Middle test center (44 Niles Street). Registered testers only. If you have questions or require assistance the day of your testing appointment, please call (860) 331-9538.",2027-02-02 15:00:00,2027-02-02 20:00:00,West Middle School Branch,Outdoors & Nature,TAP,upcoming,Free,Hartford Public Library,https://programs.hplct.org/events,https://hplct.libnet.info/event/17337781,Adults
hpl:17497643:2027-02-02 17:30:00,ESL Classes,Adult Education English as a Second Language,2027-02-02 17:30:00,2027-02-02 19:30:00,Downtown,Arts & Culture | Learning & Careers,TAP | Reading & Writing,upcoming,Free,Hartford Public Library,https://programs.hplct.org/events,https://hplct.libnet.info/event/17497643,Adults
hpl:16806818:2027-02-03 09:30:00,English for All,Guided online learning for English as a second language,2027-02-03 09:30:00,2027-02-03 12:00:00,Downtown,Arts & Culture | Learning & Careers,Reading & Writing | Language,upcoming,Free,Hartford Public Library,https://programs.hplct.org/events,https://hplct.libnet.info/event/16806818,Adults
hpl:17242186:2027-02-03 14:30:00,Next Steps for College for English Learners,"This program supports high school English Learners in grades 11-12 as they develop English language proficiency, achieve academic success, and prepare for college and career pathways.",2027-02-03 14:30:00,2027-02-03 17:00:00,Downtown,Arts & Culture | Family & Kids | Learning & Careers,STEM | Reading & Writing | Language,archived,Free,Hartford Public Library,https://programs.hplct.org/events,https://hplct.libnet.info/event/17242186,Teens
hpl:17491413:2027-02-03 14:30:00,Next Steps for College for English Learners,"This program supports high school English Learners in grades 11-12 as they develop English language proficiency, achieve academic success, and prepare for college and career pathways.",2027-02-03 14:30:00,2027-02-03 16:30:00,Downtown,Arts & Culture | Family & Kids | Learning & Careers,TAP | STEM | Reading & Writing | Language,upcoming,Free,Hartford Public Library,https://programs.hplct.org/events,https://hplct.libnet.info/event/17491413,Teens
hpl:17337782:2027-02-03 15:00:00,Pearson Test Center testing,"Pearson testing in the West Middle test center (44 Niles Street). Registered testers only. If you have questions or require assistance the day of your testing appointment, please call (860) 331-9538.",2027-02-03 15:00:00,2027-02-03 20:00:00,West Middle School Branch,Outdoors & Nature,TAP,upcoming,Free,Hartford Public Library,https://programs.hplct.org/events,https://hplct.libnet.info/event/17337782,Adults
hpl:17426392:2027-02-03 18:30:00,Intro to Studio Technology,Learn how to operate a professional recording session.,2027-02-03 18:30:00,2027-02-03 20:00:00,Downtown,Music & Nightlife | Learning & Careers,Technology | Media | Job Training | Arts,upcoming,Free,Hartford Public Library,https://programs.hplct.org/events,https://hplct.libnet.info/event/17426392,"Teens, Adults"
hpl:16809274:2027-02-04 09:30:00,ESL Classes,English as a second language classes. Registered students only. Please contact ESL@hplct.org for more information.,2027-02-04 09:30:00,2027-02-04 12:00:00,Downtown,Arts & Culture | Learning & Careers | Community & Volunteering,Reading & Writing | Language | Civic Engagement | Career,upcoming,Free,Hartford Public Library,https://programs.hplct.org/events,https://hplct.libnet.info/event/16809274,Adults
hpl:16809871:2027-02-04 09:30:00,ESL Classes,English as a second language classes for adults. Registered students only. Please contact ESL@hplct.org for more information.,2027-02-04 09:30:00,2027-02-04 12:00:00,Downtown,Arts & Culture | Learning & Careers | Community & Volunteering,Reading & Writing | Language | Civic Engagement | Career,upcoming,Free,Hartford Public Library,https://programs.hplct.org/events,https://hplct.libnet.info/event/16809871,Adults
hpl:16809620:2027-02-04 09:30:00,ESL Classes,English as a second language classes for adults. Registered students only. Please contact ESL@hplct.org for more information.,2027-02-04 09:30:00,2027-02-04 12:00:00,Downtown,Arts & Culture | Learning & Careers | Community & Volunteering,Reading & Writing | Language | Civic Engagement | Career,upcoming,Free,Hartford Public Library,https://programs.hplct.org/events,https://hplct.libnet.info/event/16809620,Adults
hpl:16809712:2027-02-04 09:30:00,ESL Classes,English as a second language classes for adults. Registered students only. Please contact ESL@hplct.org for more information.,2027-02-04 09:30:00,2027-02-04 12:00:00,Downtown,Arts & Culture | Learning & Careers | Community & Volunteering,Reading & Writing | Language | Civic Engagement | Career,upcoming,Free,Hartford Public Library,https://programs.hplct.org/events,https://hplct.libnet.info/event/16809712,Adults
hpl:17491894:2027-02-04 14:30:00,English Learners Success,"This program supports high school English Learners through engaging, project-based instruction that strengthens English language proficiency, academic success, and college and career readiness.",2027-02-04 14:30:00,2027-02-04 16:30:00,Downtown,Arts & Culture | Family & Kids | Learning & Careers,TAP | STEM | Reading & Writing | Language,upcoming,Free,Hartford Public Library,https://programs.hplct.org/events,https://hplct.libnet.info/event/17491894,Teens
hpl:17497763:2027-02-04 17:30:00,ESL Classes,Adult Education English as a Second Language,2027-02-04 17:30:00,2027-02-04 19:30:00,Downtown,Arts & Culture | Learning & Careers,TAP | Reading & Writing,upcoming,Free,Hartford Public Library,https://programs.hplct.org/events,https://hplct.libnet.info/event/17497763,Adults
hpl:16811423:2027-02-06 09:30:00,ESL Classes,English as a second language classes for adults. Registered students only. Please contact ESL@hplct.org for more information.,2027-02-06 09:30:00,2027-02-06 12:30:00,Downtown,Arts & Culture | Learning & Careers | Community & Volunteering,Reading & Writing | Language | Civic Engagement | Career,upcoming,Free,Hartford Public Library,https://programs.hplct.org/events,https://hplct.libnet.info/event/16811423,Adults
hpl:16810068:2027-02-06 09:30:00,ESL Classes,English as a second language classes for adults. Registered students only. Please contact ESL@hplct.org for more information.,2027-02-06 09:30:00,2027-02-06 12:30:00,Downtown,Arts & Culture | Learning & Careers | Community & Volunteering,Reading & Writing | Language | Civic Engagement | Career,upcoming,Free,Hartford Public Library,https://programs.hplct.org/events,https://hplct.libnet.info/event/16810068,Adults
hpl:16810133:2027-02-06 09:30:00,ESL Classes,English as a second language classes for adults. Registered students only. Please contact ESL@hplct.org for more information.,2027-02-06 09:30:00,2027-02-06 12:30:00,Downtown,Arts & Culture | Learning & Careers | Community & Volunteering,Reading & Writing | Language | Civic Engagement | Career,upcoming,Free,Hartford Public Library,https://programs.hplct.org/events,https://hplct.libnet.info/event/16810133,Adults
hpl:16810786:2027-02-06 09:30:00,ESL Classes,English as a second language classes for adults. Registered students only. Please contact ESL@hplct.org for more information.,2027-02-06 09:30:00,2027-02-06 12:30:00,Downtown,Arts & Culture | Learning & Careers | Community & Volunteering,Reading & Writing | Language | Civic Engagement | Career,upcoming,Free,Hartford Public Library,https://programs.hplct.org/events,https://hplct.libnet.info/event/16810786,Adults
hpl:16841091:2027-02-08 11:00:00,Everyday Tech Help,"Need help with your phone, tablet, computer, or online services?",2027-02-08 11:00:00,2027-02-08 12:00:00,Barbour Library,Learning & Careers | Community & Volunteering,Technology | STEM | Media | Community,upcoming,Free,Hartford Public Library,https://programs.hplct.org/events,https://hplct.libnet.info/event/16841091,Adults
hpl:17491070:2027-02-08 14:30:00,Next Steps for College for English Learners,"This program supports high school English Learners in grades 11-12 as they develop English language proficiency, achieve academic success, and prepare for college and career pathways.",2027-02-08 14:30:00,2027-02-08 16:30:00,Downtown,Arts & Culture | Family & Kids | Learning & Careers,STEM | Reading & Writing | Language,archived,Free,Hartford Public Library,https://programs.hplct.org/events,https://hplct.libnet.info/event/17491070,Teens
hpl:17491242:2027-02-08 14:30:00,Next Steps for College for English Learners,"This program supports high school English Learners in grades 11-12 as they develop English language proficiency, achieve academic success, and prepare for college and career pathways.",2027-02-08 14:30:00,2027-02-08 16:30:00,Downtown,Arts & Culture | Family & Kids | Learning & Careers,TAP | STEM | Reading & Writing | Language,upcoming,Free,Hartford Public Library,https://programs.hplct.org/events,https://hplct.libnet.info/event/17491242,Teens
hpl:16809924:2027-02-09 09:30:00,ESL Classes,English as a second language classes for adults. Registered students only. Please contact ESL@hplct.org for more information.,2027-02-09 09:30:00,2027-02-09 12:00:00,Downtown,Arts & Culture | Learning & Careers | Community & Volunteering,Reading & Writing | Language | Civic Engagement | Career,upcoming,Free,Hartford Public Library,https://programs.hplct.org/events,https://hplct.libnet.info/event/16809924,Adults
hpl:16809621:2027-02-09 09:30:00,ESL Classes,English as a second language classes for adults. Registered students only. Please contact ESL@hplct.org for more information.,2027-02-09 09:30:00,2027-02-09 12:00:00,Downtown,Arts & Culture | Learning & Careers | Community & Volunteering,Reading & Writing | Language | Civic Engagement | Career,upcoming,Free,Hartford Public Library,https://programs.hplct.org/events,https://hplct.libnet.info/event/16809621,Adults
hpl:16809319:2027-02-09 09:30:00,ESL Classes,English as a second language classes. Registered students only. Please contact ESL@hplct.org for more information.,2027-02-09 09:30:00,2027-02-09 12:00:00,Downtown,Arts & Culture | Learning & Careers | Community & Volunteering,Reading & Writing | Language | Civic Engagement | Career,upcoming,Free,Hartford Public Library,https://programs.hplct.org/events,https://hplct.libnet.info/event/16809319,Adults
hpl:16809755:2027-02-09 09:30:00,ESL Classes,English as a second language classes for adults. Registered students only. Please contact ESL@hplct.org for more information.,2027-02-09 09:30:00,2027-02-09 12:00:00,Downtown,Arts & Culture | Learning & Careers | Community & Volunteering,Reading & Writing | Language | Civic Engagement | Career,upcoming,Free,Hartford Public Library,https://programs.hplct.org/events,https://hplct.libnet.info/event/16809755,Adults
hpl:17491704:2027-02-09 14:30:00,English Learners Success,"This program supports high school English Learners through engaging, project-based instruction that strengthens English language proficiency, academic success, and college and career readiness.",2027-02-09 14:30:00,2027-02-09 16:30:00,Downtown,Arts & Culture | Family & Kids | Learning & Careers,TAP | STEM | Reading & Writing | Language,upcoming,Free,Hartford Public Library,https://programs.hplct.org/events,https://hplct.libnet.info/event/17491704,Teens
hpl:17337783:2027-02-09 15:00:00,Pearson Test Center testing,"Pearson testing in the West Middle test center (44 Niles Street). Registered testers only. If you have questions or require assistance the day of your testing appointment, please call (860) 331-9538.",2027-02-09 15:00:00,2027-02-09 20:00:00,West Middle School Branch,Outdoors & Nature,TAP,upcoming,Free,Hartford Public Library,https://programs.hplct.org/events,https://hplct.libnet.info/event/17337783,Adults
hpl:17497644:2027-02-09 17:30:00,ESL Classes,Adult Education English as a Second Language,2027-02-09 17:30:00,2027-02-09 19:30:00,Downtown,Arts & Culture | Learning & Careers,TAP | Reading & Writing,upcoming,Free,Hartford Public Library,https://programs.hplct.org/events,https://hplct.libnet.info/event/17497644,Adults
hpl:16806819:2027-02-10 09:30:00,English for All,Guided online learning for English as a second language,2027-02-10 09:30:00,2027-02-10 12:00:00,Downtown,Arts & Culture | Learning & Careers,Reading & Writing | Language,upcoming,Free,Hartford Public Library,https://programs.hplct.org/events,https://hplct.libnet.info/event/16806819,Adults
hpl:17242187:2027-02-10 14:30:00,Next Steps for College for English Learners,"This program supports high school English Learners in grades 11-12 as they develop English language proficiency, achieve academic success, and prepare for college and career pathways.",2027-02-10 14:30:00,2027-02-10 17:00:00,Downtown,Arts & Culture | Family & Kids | Learning & Careers,STEM | Reading & Writing | Language,archived,Free,Hartford Public Library,https://programs.hplct.org/events,https://hplct.libnet.info/event/17242187,Teens
hpl:17491414:2027-02-10 14:30:00,Next Steps for College for English Learners,"This program supports high school English Learners in grades 11-12 as they develop English language proficiency, achieve academic success, and prepare for college and career pathways.",2027-02-10 14:30:00,2027-02-10 16:30:00,Downtown,Arts & Culture | Family & Kids | Learning & Careers,TAP | STEM | Reading & Writing | Language,upcoming,Free,Hartford Public Library,https://programs.hplct.org/events,https://hplct.libnet.info/event/17491414,Teens
hpl:17337784:2027-02-10 15:00:00,Pearson Test Center testing,"Pearson testing in the West Middle test center (44 Niles Street). Registered testers only. If you have questions or require assistance the day of your testing appointment, please call (860) 331-9538.",2027-02-10 15:00:00,2027-02-10 20:00:00,West Middle School Branch,Outdoors & Nature,TAP,upcoming,Free,Hartford Public Library,https://programs.hplct.org/events,https://hplct.libnet.info/event/17337784,Adults
hpl:16809275:2027-02-11 09:30:00,ESL Classes,English as a second language classes. Registered students only. Please contact ESL@hplct.org for more information.,2027-02-11 09:30:00,2027-02-11 12:00:00,Downtown,Arts & Culture | Learning & Careers | Community & Volunteering,Reading & Writing | Language | Civic Engagement | Career,upcoming,Free,Hartford Public Library,https://programs.hplct.org/events,https://hplct.libnet.info/event/16809275,Adults
hpl:16809872:2027-02-11 09:30:00,ESL Classes,English as a second language classes for adults. Registered students only. Please contact ESL@hplct.org for more information.,2027-02-11 09:30:00,2027-02-11 12:00:00,Downtown,Arts & Culture | Learning & Careers | Community & Volunteering,Reading & Writing | Language | Civic Engagement | Career,upcoming,Free,Hartford Public Library,https://programs.hplct.org/events,https://hplct.libnet.info/event/16809872,Adults
hpl:16809623:2027-02-11 09:30:00,ESL Classes,English as a second language classes for adults. Registered students only. Please contact ESL@hplct.org for more information.,2027-02-11 09:30:00,2027-02-11 12:00:00,Downtown,Arts & Culture | Learning & Careers | Community & Volunteering,Reading & Writing | Language | Civic Engagement | Career,upcoming,Free,Hartford Public Library,https://programs.hplct.org/events,https://hplct.libnet.info/event/16809623,Adults
hpl:16809713:2027-02-11 09:30:00,ESL Classes,English as a second language classes for adults. Registered students only. Please contact ESL@hplct.org for more information.,2027-02-11 09:30:00,2027-02-11 12:00:00,Downtown,Arts & Culture | Learning & Careers | Community & Volunteering,Reading & Writing | Language | Civic Engagement | Career,upcoming,Free,Hartford Public Library,https://programs.hplct.org/events,https://hplct.libnet.info/event/16809713,Adults
hpl:17491895:2027-02-11 14:30:00,English Learners Success,"This program supports high school English Learners through engaging, project-based instruction that strengthens English language proficiency, academic success, and college and career readiness.",2027-02-11 14:30:00,2027-02-11 16:30:00,Downtown,Arts & Culture | Family & Kids | Learning & Careers,TAP | STEM | Reading & Writing | Language,upcoming,Free,Hartford Public Library,https://programs.hplct.org/events,https://hplct.libnet.info/event/17491895,Teens
hpl:17497764:2027-02-11 17:30:00,ESL Classes,Adult Education English as a Second Language,2027-02-11 17:30:00,2027-02-11 19:30:00,Downtown,Arts & Culture | Learning & Careers,TAP | Reading & Writing,upcoming,Free,Hartford Public Library,https://programs.hplct.org/events,https://hplct.libnet.info/event/17497764,Adults
hpl:16810069:2027-02-13 09:30:00,ESL Classes,English as a second language classes for adults. Registered students only. Please contact ESL@hplct.org for more information.,2027-02-13 09:30:00,2027-02-13 12:30:00,Downtown,Arts & Culture | Learning & Careers | Community & Volunteering,Reading & Writing | Language | Civic Engagement | Career,upcoming,Free,Hartford Public Library,https://programs.hplct.org/events,https://hplct.libnet.info/event/16810069,Adults
hpl:16810134:2027-02-13 09:30:00,ESL Classes,English as a second language classes for adults. Registered students only. Please contact ESL@hplct.org for more information.,2027-02-13 09:30:00,2027-02-13 12:30:00,Downtown,Arts & Culture | Learning & Careers | Community & Volunteering,Reading & Writing | Language | Civic Engagement | Career,upcoming,Free,Hartford Public Library,https://programs.hplct.org/events,https://hplct.libnet.info/event/16810134,Adults
hpl:16811424:2027-02-13 09:30:00,ESL Classes,English as a second language classes for adults. Registered students only. Please contact ESL@hplct.org for more information.,2027-02-13 09:30:00,2027-02-13 12:30:00,Downtown,Arts & Culture | Learning & Careers | Community & Volunteering,Reading & Writing | Language | Civic Engagement | Career,upcoming,Free,Hartford Public Library,https://programs.hplct.org/events,https://hplct.libnet.info/event/16811424,Adults
hpl:16810787:2027-02-13 09:30:00,ESL Classes,English as a second language classes for adults. Registered students only. Please contact ESL@hplct.org for more information.,2027-02-13 09:30:00,2027-02-13 12:30:00,Downtown,Arts & Culture | Learning & Careers | Community & Volunteering,Reading & Writing | Language | Civic Engagement | Career,upcoming,Free,Hartford Public Library,https://programs.hplct.org/events,https://hplct.libnet.info/event/16810787,Adults
hpl:16841092:2027-02-15 11:00:00,Everyday Tech Help,"Need help with your phone, tablet, computer, or online services?",2027-02-15 11:00:00,2027-02-15 12:00:00,Barbour Library,Learning & Careers | Community & Volunteering,Technology | STEM | Media | Community,upcoming,Free,Hartford Public Library,https://programs.hplct.org/events,https://hplct.libnet.info/event/16841092,Adults
hpl:17491071:2027-02-15 14:30:00,Next Steps for College for English Learners,"This program supports high school English Learners in grades 11-12 as they develop English language proficiency, achieve academic success, and prepare for college and career pathways.",2027-02-15 14:30:00,2027-02-15 16:30:00,Downtown,Arts & Culture | Family & Kids | Learning & Careers,STEM | Reading & Writing | Language,archived,Free,Hartford Public Library,https://programs.hplct.org/events,https://hplct.libnet.info/event/17491071,Teens
hpl:16809624:2027-02-16 09:30:00,ESL Classes,English as a second language classes for adults. Registered students only. Please contact ESL@hplct.org for more information.,2027-02-16 09:30:00,2027-02-16 12:00:00,Downtown,Arts & Culture | Learning & Careers | Community & Volunteering,Reading & Writing | Language | Civic Engagement | Career,upcoming,Free,Hartford Public Library,https://programs.hplct.org/events,https://hplct.libnet.info/event/16809624,Adults
hpl:16809320:2027-02-16 09:30:00,ESL Classes,English as a second language classes. Registered students only. Please contact ESL@hplct.org for more information.,2027-02-16 09:30:00,2027-02-16 12:00:00,Downtown,Arts & Culture | Learning & Careers | Community & Volunteering,Reading & Writing | Language | Civic Engagement | Career,upcoming,Free,Hartford Public Library,https://programs.hplct.org/events,https://hplct.libnet.info/event/16809320,Adults
hpl:16809756:2027-02-16 09:30:00,ESL Classes,English as a second language classes for adults. Registered students only. Please contact ESL@hplct.org for more information.,2027-02-16 09:30:00,2027-02-16 12:00:00,Downtown,Arts & Culture | Learning & Careers | Community & Volunteering,Reading & Writing | Language | Civic Engagement | Career,upcoming,Free,Hartford Public Library,https://programs.hplct.org/events,https://hplct.libnet.info/event/16809756,Adults
hpl:16809925:2027-02-16 09:30:00,ESL Classes,English as a second language classes for adults. Registered students only. Please contact ESL@hplct.org for more information.,2027-02-16 09:30:00,2027-02-16 12:00:00,Downtown,Arts & Culture | Learning & Careers | Community & Volunteering,Reading & Writing | Language | Civic Engagement | Career,upcoming,Free,Hartford Public Library,https://programs.hplct.org/events,https://hplct.libnet.info/event/16809925,Adults
hpl:17337785:2027-02-16 15:00:00,Pearson Test Center testing,"Pearson testing in the West Middle test center (44 Niles Street). Registered testers only. If you have questions or require assistance the day of your testing appointment, please call (860) 331-9538.",2027-02-16 15:00:00,2027-02-16 20:00:00,West Middle School Branch,Outdoors & Nature,TAP,upcoming,Free,Hartford Public Library,https://programs.hplct.org/events,https://hplct.libnet.info/event/17337785,Adults
hpl:17497645:2027-02-16 17:30:00,ESL Classes,Adult Education English as a Second Language,2027-02-16 17:30:00,2027-02-16 19:30:00,Downtown,Arts & Culture | Learning & Careers,TAP | Reading & Writing,upcoming,Free,Hartford Public Library,https://programs.hplct.org/events,https://hplct.libnet.info/event/17497645,Adults
hpl:16806820:2027-02-17 09:30:00,English for All,Guided online learning for English as a second language,2027-02-17 09:30:00,2027-02-17 12:00:00,Downtown,Arts & Culture | Learning & Careers,Reading & Writing | Language,upcoming,Free,Hartford Public Library,https://programs.hplct.org/events,https://hplct.libnet.info/event/16806820,Adults
hpl:17242188:2027-02-17 14:30:00,Next Steps for College for English Learners,"This program supports high school English Learners in grades 11-12 as they develop English language proficiency, achieve academic success, and prepare for college and career pathways.",2027-02-17 14:30:00,2027-02-17 17:00:00,Downtown,Arts & Culture | Family & Kids | Learning & Careers,STEM | Reading & Writing | Language,archived,Free,Hartford Public Library,https://programs.hplct.org/events,https://hplct.libnet.info/event/17242188,Teens
hpl:17491415:2027-02-17 14:30:00,Next Steps for College for English Learners,"This program supports high school English Learners in grades 11-12 as they develop English language proficiency, achieve academic success, and prepare for college and career pathways.",2027-02-17 14:30:00,2027-02-17 16:30:00,Downtown,Arts & Culture | Family & Kids | Learning & Careers,TAP | STEM | Reading & Writing | Language,upcoming,Free,Hartford Public Library,https://programs.hplct.org/events,https://hplct.libnet.info/event/17491415,Teens
hpl:17337786:2027-02-17 15:00:00,Pearson Test Center testing,"Pearson testing in the West Middle test center (44 Niles Street). Registered testers only. If you have questions or require assistance the day of your testing appointment, please call (860) 331-9538.",2027-02-17 15:00:00,2027-02-17 20:00:00,West Middle School Branch,Outdoors & Nature,TAP,upcoming,Free,Hartford Public Library,https://programs.hplct.org/events,https://hplct.libnet.info/event/17337786,Adults
hpl:16809277:2027-02-18 09:30:00,ESL Classes,English as a second language classes. Registered students only. Please contact ESL@hplct.org for more information.,2027-02-18 09:30:00,2027-02-18 12:00:00,Downtown,Arts & Culture | Learning & Careers | Community & Volunteering,Reading & Writing | Language | Civic Engagement | Career,upcoming,Free,Hartford Public Library,https://programs.hplct.org/events,https://hplct.libnet.info/event/16809277,Adults
hpl:16809873:2027-02-18 09:30:00,ESL Classes,English as a second language classes for adults. Registered students only. Please contact ESL@hplct.org for more information.,2027-02-18 09:30:00,2027-02-18 12:00:00,Downtown,Arts & Culture | Learning & Careers | Community & Volunteering,Reading & Writing | Language | Civic Engagement | Career,upcoming,Free,Hartford Public Library,https://programs.hplct.org/events,https://hplct.libnet.info/event/16809873,Adults
hpl:16809626:2027-02-18 09:30:00,ESL Classes,English as a second language classes for adults. Registered students only. Please contact ESL@hplct.org for more information.,2027-02-18 09:30:00,2027-02-18 12:00:00,Downtown,Arts & Culture | Learning & Careers | Community & Volunteering,Reading & Writing | Language | Civic Engagement | Career,upcoming,Free,Hartford Public Library,https://programs.hplct.org/events,https://hplct.libnet.info/event/16809626,Adults
hpl:16809714:2027-02-18 09:30:00,ESL Classes,English as a second language classes for adults. Registered students only. Please contact ESL@hplct.org for more information.,2027-02-18 09:30:00,2027-02-18 12:00:00,Downtown,Arts & Culture | Learning & Careers | Community & Volunteering,Reading & Writing | Language | Civic Engagement | Career,upcoming,Free,Hartford Public Library,https://programs.hplct.org/events,https://hplct.libnet.info/event/16809714,Adults
hpl:17491896:2027-02-18 14:30:00,English Learners Success,"This program supports high school English Learners through engaging, project-based instruction that strengthens English language proficiency, academic success, and college and career readiness.",2027-02-18 14:30:00,2027-02-18 16:30:00,Downtown,Arts & Culture | Family & Kids | Learning & Careers,TAP | STEM | Reading & Writing | Language,upcoming,Free,Hartford Public Library,https://programs.hplct.org/events,https://hplct.libnet.info/event/17491896,Teens
hpl:17497765:2027-02-18 17:30:00,ESL Classes,Adult Education English as a Second Language,2027-02-18 17:30:00,2027-02-18 19:30:00,Downtown,Arts & Culture | Learning & Careers,TAP | Reading & Writing,upcoming,Free,Hartford Public Library,https://programs.hplct.org/events,https://hplct.libnet.info/event/17497765,Adults
hpl:16810070:2027-02-20 09:30:00,ESL Classes,English as a second language classes for adults. Registered students only. Please contact ESL@hplct.org for more information.,2027-02-20 09:30:00,2027-02-20 12:30:00,Downtown,Arts & Culture | Learning & Careers | Community & Volunteering,Reading & Writing | Language | Civic Engagement | Career,upcoming,Free,Hartford Public Library,https://programs.hplct.org/events,https://hplct.libnet.info/event/16810070,Adults
hpl:16811425:2027-02-20 09:30:00,ESL Classes,English as a second language classes for adults. Registered students only. Please contact ESL@hplct.org for more information.,2027-02-20 09:30:00,2027-02-20 12:30:00,Downtown,Arts & Culture | Learning & Careers | Community & Volunteering,Reading & Writing | Language | Civic Engagement | Career,upcoming,Free,Hartford Public Library,https://programs.hplct.org/events,https://hplct.libnet.info/event/16811425,Adults
hpl:16810135:2027-02-20 09:30:00,ESL Classes,English as a second language classes for adults. Registered students only. Please contact ESL@hplct.org for more information.,2027-02-20 09:30:00,2027-02-20 12:30:00,Downtown,Arts & Culture | Learning & Careers | Community & Volunteering,Reading & Writing | Language | Civic Engagement | Career,upcoming,Free,Hartford Public Library,https://programs.hplct.org/events,https://hplct.libnet.info/event/16810135,Adults
hpl:16810788:2027-02-20 09:30:00,ESL Classes,English as a second language classes for adults. Registered students only. Please contact ESL@hplct.org for more information.,2027-02-20 09:30:00,2027-02-20 12:30:00,Downtown,Arts & Culture | Learning & Careers | Community & Volunteering,Reading & Writing | Language | Civic Engagement | Career,upcoming,Free,Hartford Public Library,https://programs.hplct.org/events,https://hplct.libnet.info/event/16810788,Adults
hpl:16841093:2027-02-22 11:00:00,Everyday Tech Help,"Need help with your phone, tablet, computer, or online services?",2027-02-22 11:00:00,2027-02-22 12:00:00,Barbour Library,Learning & Careers | Community & Volunteering,Technology | STEM | Media | Community,upcoming,Free,Hartford Public Library,https://programs.hplct.org/events,https://hplct.libnet.info/event/16841093,Adults
hpl:17491243:2027-02-22 14:30:00,Next Steps for College for English Learners,"This program supports high school English Learners in grades 11-12 as they develop English language proficiency, achieve academic success, and prepare for college and career pathways.",2027-02-22 14:30:00,2027-02-22 16:30:00,Downtown,Arts & Culture | Family & Kids | Learning & Careers,TAP | STEM | Reading & Writing | Language,upcoming,Free,Hartford Public Library,https://programs.hplct.org/events,https://hplct.libnet.info/event/17491243,Teens
hpl:17491072:2027-02-22 14:30:00,Next Steps for College for English Learners,"This program supports high school English Learners in grades 11-12 as they develop English language proficiency, achieve academic success, and prepare for college and career pathways.",2027-02-22 14:30:00,2027-02-22 16:30:00,Downtown,Arts & Culture | Family & Kids | Learning & Careers,STEM | Reading & Writing | Language,archived,Free,Hartford Public Library,https://programs.hplct.org/events,https://hplct.libnet.info/event/17491072,Teens
hpl:16809757:2027-02-23 09:30:00,ESL Classes,English as a second language classes for adults. Registered students only. Please contact ESL@hplct.org for more information.,2027-02-23 09:30:00,2027-02-23 12:00:00,Downtown,Arts & Culture | Learning & Careers | Community & Volunteering,Reading & Writing | Language | Civic Engagement | Career,upcoming,Free,Hartford Public Library,https://programs.hplct.org/events,https://hplct.libnet.info/event/16809757,Adults
hpl:16809926:2027-02-23 09:30:00,ESL Classes,English as a second language classes for adults. Registered students only. Please contact ESL@hplct.org for more information.,2027-02-23 09:30:00,2027-02-23 12:00:00,Downtown,Arts & Culture | Learning & Careers | Community & Volunteering,Reading & Writing | Language | Civic Engagement | Career,upcoming,Free,Hartford Public Library,https://programs.hplct.org/events,https://hplct.libnet.info/event/16809926,Adults
hpl:16809321:2027-02-23 09:30:00,ESL Classes,English as a second language classes. Registered students only. Please contact ESL@hplct.org for more information.,2027-02-23 09:30:00,2027-02-23 12:00:00,Downtown,Arts & Culture | Learning & Careers | Community & Volunteering,Reading & Writing | Language | Civic Engagement | Career,upcoming,Free,Hartford Public Library,https://programs.hplct.org/events,https://hplct.libnet.info/event/16809321,Adults
hpl:16809628:2027-02-23 09:30:00,ESL Classes,English as a second language classes for adults. Registered students only. Please contact ESL@hplct.org for more information.,2027-02-23 09:30:00,2027-02-23 12:00:00,Downtown,Arts & Culture | Learning & Careers | Community & Volunteering,Reading & Writing | Language | Civic Engagement | Career,upcoming,Free,Hartford Public Library,https://programs.hplct.org/events,https://hplct.libnet.info/event/16809628,Adults
hpl:17491705:2027-02-23 14:30:00,English Learners Success,"This program supports high school English Learners through engaging, project-based instruction that strengthens English language proficiency, academic success, and college and career readiness.",2027-02-23 14:30:00,2027-02-23 16:30:00,Downtown,Arts & Culture | Family & Kids | Learning & Careers,TAP | STEM | Reading & Writing | Language,upcoming,Free,Hartford Public Library,https://programs.hplct.org/events,https://hplct.libnet.info/event/17491705,Teens
hpl:17337787:2027-02-23 15:00:00,Pearson Test Center testing,"Pearson testing in the West Middle test center (44 Niles Street). Registered testers only. If you have questions or require assistance the day of your testing appointment, please call (860) 331-9538.",2027-02-23 15:00:00,2027-02-23 20:00:00,West Middle School Branch,Outdoors & Nature,TAP,upcoming,Free,Hartford Public Library,https://programs.hplct.org/events,https://hplct.libnet.info/event/17337787,Adults
hpl:17497646:2027-02-23 17:30:00,ESL Classes,Adult Education English as a Second Language,2027-02-23 17:30:00,2027-02-23 19:30:00,Downtown,Arts & Culture | Learning & Careers,TAP | Reading & Writing,upcoming,Free,Hartford Public Library,https://programs.hplct.org/events,https://hplct.libnet.info/event/17497646,Adults
hpl:16806821:2027-02-24 09:30:00,English for All,Guided online learning for English as a second language,2027-02-24 09:30:00,2027-02-24 12:00:00,Downtown,Arts & Culture | Learning & Careers,Reading & Writing | Language,upcoming,Free,Hartford Public Library,https://programs.hplct.org/events,https://hplct.libnet.info/event/16806821,Adults
hpl:17491416:2027-02-24 14:30:00,Next Steps for College for English Learners,"This program supports high school English Learners in grades 11-12 as they develop English language proficiency, achieve academic success, and prepare for college and career pathways.",2027-02-24 14:30:00,2027-02-24 16:30:00,Downtown,Arts & Culture | Family & Kids | Learning & Careers,TAP | STEM | Reading & Writing | Language,upcoming,Free,Hartford Public Library,https://programs.hplct.org/events,https://hplct.libnet.info/event/17491416,Teens
hpl:17242189:2027-02-24 14:30:00,Next Steps for College for English Learners,"This program supports high school English Learners in grades 11-12 as they develop English language proficiency, achieve academic success, and prepare for college and career pathways.",2027-02-24 14:30:00,2027-02-24 17:00:00,Downtown,Arts & Culture | Family & Kids | Learning & Careers,STEM | Reading & Writing | Language,archived,Free,Hartford Public Library,https://programs.hplct.org/events,https://hplct.libnet.info/event/17242189,Teens
hpl:17337788:2027-02-24 15:00:00,Pearson Test Center testing,"Pearson testing in the West Middle test center (44 Niles Street). Registered testers only. If you have questions or require assistance the day of your testing appointment, please call (860) 331-9538.",2027-02-24 15:00:00,2027-02-24 20:00:00,West Middle School Branch,Outdoors & Nature,TAP,upcoming,Free,Hartford Public Library,https://programs.hplct.org/events,https://hplct.libnet.info/event/17337788,Adults
hpl:16809279:2027-02-25 09:30:00,ESL Classes,English as a second language classes. Registered students only. Please contact ESL@hplct.org for more information.,2027-02-25 09:30:00,2027-02-25 12:00:00,Downtown,Arts & Culture | Learning & Careers | Community & Volunteering,Reading & Writing | Language | Civic Engagement | Career,upcoming,Free,Hartford Public Library,https://programs.hplct.org/events,https://hplct.libnet.info/event/16809279,Adults
hpl:16809874:2027-02-25 09:30:00,ESL Classes,English as a second language classes for adults. Registered students only. Please contact ESL@hplct.org for more information.,2027-02-25 09:30:00,2027-02-25 12:00:00,Downtown,Arts & Culture | Learning & Careers | Community & Volunteering,Reading & Writing | Language | Civic Engagement | Career,upcoming,Free,Hartford Public Library,https://programs.hplct.org/events,https://hplct.libnet.info/event/16809874,Adults
hpl:16809715:2027-02-25 09:30:00,ESL Classes,English as a second language classes for adults. Registered students only. Please contact ESL@hplct.org for more information.,2027-02-25 09:30:00,2027-02-25 12:00:00,Downtown,Arts & Culture | Learning & Careers | Community & Volunteering,Reading & Writing | Language | Civic Engagement | Career,upcoming,Free,Hartford Public Library,https://programs.hplct.org/events,https://hplct.libnet.info/event/16809715,Adults
hpl:16809631:2027-02-25 09:30:00,ESL Classes,English as a second language classes for adults. Registered students only. Please contact ESL@hplct.org for more information.,2027-02-25 09:30:00,2027-02-25 12:00:00,Downtown,Arts & Culture | Learning & Careers | Community & Volunteering,Reading & Writing | Language | Civic Engagement | Career,upcoming,Free,Hartford Public Library,https://programs.hplct.org/events,https://hplct.libnet.info/event/16809631,Adults
hpl:17491897:2027-02-25 14:30:00,English Learners Success,"This program supports high school English Learners through engaging, project-based instruction that strengthens English language proficiency, academic success, and college and career readiness.",2027-02-25 14:30:00,2027-02-25 16:30:00,Downtown,Arts & Culture | Family & Kids | Learning & Careers,TAP | STEM | Reading & Writing | Language,upcoming,Free,Hartford Public Library,https://programs.hplct.org/events,https://hplct.libnet.info/event/17491897,Teens
hpl:17497766:2027-02-25 17:30:00,ESL Classes,Adult Education English as a Second Language,2027-02-25 17:30:00,2027-02-25 19:30:00,Downtown,Arts & Culture | Learning & Careers,TAP | Reading & Writing,upcoming,Free,Hartford Public Library,https://programs.hplct.org/events,https://hplct.libnet.info/event/17497766,Adults
hpl:16810136:2027-02-27 09:30:00,ESL Classes,English as a second language classes for adults. Registered students only. Please contact ESL@hplct.org for more information.,2027-02-27 09:30:00,2027-02-27 12:30:00,Downtown,Arts & Culture | Learning & Careers | Community & Volunteering,Reading & Writing | Language | Civic Engagement | Career,upcoming,Free,Hartford Public Library,https://programs.hplct.org/events,https://hplct.libnet.info/event/16810136,Adults
hpl:16811426:2027-02-27 09:30:00,ESL Classes,English as a second language classes for adults. Registered students only. Please contact ESL@hplct.org for more information.,2027-02-27 09:30:00,2027-02-27 12:30:00,Downtown,Arts & Culture | Learning & Careers | Community & Volunteering,Reading & Writing | Language | Civic Engagement | Career,upcoming,Free,Hartford Public Library,https://programs.hplct.org/events,https://hplct.libnet.info/event/16811426,Adults
hpl:16810071:2027-02-27 09:30:00,ESL Classes,English as a second language classes for adults. Registered students only. Please contact ESL@hplct.org for more information.,2027-02-27 09:30:00,2027-02-27 12:30:00,Downtown,Arts & Culture | Learning & Careers | Community & Volunteering,Reading & Writing | Language | Civic Engagement | Career,upcoming,Free,Hartford Public Library,https://programs.hplct.org/events,https://hplct.libnet.info/event/16810071,Adults
hpl:16810789:2027-02-27 09:30:00,ESL Classes,English as a second language classes for adults. Registered students only. Please contact ESL@hplct.org for more information.,2027-02-27 09:30:00,2027-02-27 12:30:00,Downtown,Arts & Culture | Learning & Careers | Community & Volunteering,Reading & Writing | Language | Civic Engagement | Career,upcoming,Free,Hartford Public Library,https://programs.hplct.org/events,https://hplct.libnet.info/event/16810789,Adults
hpl:16841094:2027-03-01 11:00:00,Everyday Tech Help,"Need help with your phone, tablet, computer, or online services?",2027-03-01 11:00:00,2027-03-01 12:00:00,Barbour Library,Learning & Careers | Community & Volunteering,Technology | STEM | Media | Community,upcoming,Free,Hartford Public Library,https://programs.hplct.org/events,https://hplct.libnet.info/event/16841094,Adults
hpl:17491073:2027-03-01 14:30:00,Next Steps for College for English Learners,"This program supports high school English Learners in grades 11-12 as they develop English language proficiency, achieve academic success, and prepare for college and career pathways.",2027-03-01 14:30:00,2027-03-01 16:30:00,Downtown,Arts & Culture | Family & Kids | Learning & Careers,STEM | Reading & Writing | Language,archived,Free,Hartford Public Library,https://programs.hplct.org/events,https://hplct.libnet.info/event/17491073,Teens
hpl:17491244:2027-03-01 14:30:00,Next Steps for College for English Learners,"This program supports high school English Learners in grades 11-12 as they develop English language proficiency, achieve academic success, and prepare for college and career pathways.",2027-03-01 14:30:00,2027-03-01 16:30:00,Downtown,Arts & Culture | Family & Kids | Learning & Careers,TAP | STEM | Reading & Writing | Language,upcoming,Free,Hartford Public Library,https://programs.hplct.org/events,https://hplct.libnet.info/event/17491244,Teens
hpl:16809322:2027-03-02 09:30:00,ESL Classes,English as a second language classes. Registered students only. Please contact ESL@hplct.org for more information.,2027-03-02 09:30:00,2027-03-02 12:00:00,Downtown,Arts & Culture | Learning & Careers | Community & Volunteering,Reading & Writing | Language | Civic Engagement | Career,upcoming,Free,Hartford Public Library,https://programs.hplct.org/events,https://hplct.libnet.info/event/16809322,Adults
hpl:16809927:2027-03-02 09:30:00,ESL Classes,English as a second language classes for adults. Registered students only. Please contact ESL@hplct.org for more information.,2027-03-02 09:30:00,2027-03-02 12:00:00,Downtown,Arts & Culture | Learning & Careers | Community & Volunteering,Reading & Writing | Language | Civic Engagement | Career,upcoming,Free,Hartford Public Library,https://programs.hplct.org/events,https://hplct.libnet.info/event/16809927,Adults
hpl:16809758:2027-03-02 09:30:00,ESL Classes,English as a second language classes for adults. Registered students only. Please contact ESL@hplct.org for more information.,2027-03-02 09:30:00,2027-03-02 12:00:00,Downtown,Arts & Culture | Learning & Careers | Community & Volunteering,Reading & Writing | Language | Civic Engagement | Career,upcoming,Free,Hartford Public Library,https://programs.hplct.org/events,https://hplct.libnet.info/event/16809758,Adults
hpl:16809632:2027-03-02 09:30:00,ESL Classes,English as a second language classes for adults. Registered students only. Please contact ESL@hplct.org for more information.,2027-03-02 09:30:00,2027-03-02 12:00:00,Downtown,Arts & Culture | Learning & Careers | Community & Volunteering,Reading & Writing | Language | Civic Engagement | Career,upcoming,Free,Hartford Public Library,https://programs.hplct.org/events,https://hplct.libnet.info/event/16809632,Adults
hpl:17491706:2027-03-02 14:30:00,English Learners Success,"This program supports high school English Learners through engaging, project-based instruction that strengthens English language proficiency, academic success, and college and career readiness.",2027-03-02 14:30:00,2027-03-02 16:30:00,Downtown,Arts & Culture | Family & Kids | Learning & Careers,TAP | STEM | Reading & Writing | Language,upcoming,Free,Hartford Public Library,https://programs.hplct.org/events,https://hplct.libnet.info/event/17491706,Teens
hpl:17337790:2027-03-02 15:00:00,Pearson Test Center testing,"Pearson testing in the West Middle test center (44 Niles Street). Registered testers only. If you have questions or require assistance the day of your testing appointment, please call (860) 331-9538.",2027-03-02 15:00:00,2027-03-02 20:00:00,West Middle School Branch,Outdoors & Nature,TAP,upcoming,Free,Hartford Public Library,https://programs.hplct.org/events,https://hplct.libnet.info/event/17337790,Adults
hpl:17497647:2027-03-02 17:30:00,ESL Classes,Adult Education English as a Second Language,2027-03-02 17:30:00,2027-03-02 19:30:00,Downtown,Arts & Culture | Learning & Careers,TAP | Reading & Writing,upcoming,Free,Hartford Public Library,https://programs.hplct.org/events,https://hplct.libnet.info/event/17497647,Adults
hpl:16806822:2027-03-03 09:30:00,English for All,Guided online learning for English as a second language,2027-03-03 09:30:00,2027-03-03 12:00:00,Downtown,Arts & Culture | Learning & Careers,Reading & Writing | Language,upcoming,Free,Hartford Public Library,https://programs.hplct.org/events,https://hplct.libnet.info/event/16806822,Adults
hpl:17242190:2027-03-03 14:30:00,Next Steps for College for English Learners,"This program supports high school English Learners in grades 11-12 as they develop English language proficiency, achieve academic success, and prepare for college and career pathways.",2027-03-03 14:30:00,2027-03-03 17:00:00,Downtown,Arts & Culture | Family & Kids | Learning & Careers,STEM | Reading & Writing | Language,archived,Free,Hartford Public Library,https://programs.hplct.org/events,https://hplct.libnet.info/event/17242190,Teens
hpl:17491417:2027-03-03 14:30:00,Next Steps for College for English Learners,"This program supports high school English Learners in grades 11-12 as they develop English language proficiency, achieve academic success, and prepare for college and career pathways.",2027-03-03 14:30:00,2027-03-03 16:30:00,Downtown,Arts & Culture | Family & Kids | Learning & Careers,TAP | STEM | Reading & Writing | Language,upcoming,Free,Hartford Public Library,https://programs.hplct.org/events,https://hplct.libnet.info/event/17491417,Teens
hpl:17337791:2027-03-03 15:00:00,Pearson Test Center testing,"Pearson testing in the West Middle test center (44 Niles Street). Registered testers only. If you have questions or require assistance the day of your testing appointment, please call (860) 331-9538.",2027-03-03 15:00:00,2027-03-03 20:00:00,West Middle School Branch,Outdoors & Nature,TAP,upcoming,Free,Hartford Public Library,https://programs.hplct.org/events,https://hplct.libnet.info/event/17337791,Adults
hpl:16809633:2027-03-04 09:30:00,ESL Classes,English as a second language classes for adults. Registered students only. Please contact ESL@hplct.org for more information.,2027-03-04 09:30:00,2027-03-04 12:00:00,Downtown,Arts & Culture | Learning & Careers | Community & Volunteering,Reading & Writing | Language | Civic Engagement | Career,upcoming,Free,Hartford Public Library,https://programs.hplct.org/events,https://hplct.libnet.info/event/16809633,Adults
hpl:16809875:2027-03-04 09:30:00,ESL Classes,English as a second language classes for adults. Registered students only. Please contact ESL@hplct.org for more information.,2027-03-04 09:30:00,2027-03-04 12:00:00,Downtown,Arts & Culture | Learning & Careers | Community & Volunteering,Reading & Writing | Language | Civic Engagement | Career,upcoming,Free,Hartford Public Library,https://programs.hplct.org/events,https://hplct.libnet.info/event/16809875,Adults
hpl:16809280:2027-03-04 09:30:00,ESL Classes,English as a second language classes. Registered students only. Please contact ESL@hplct.org for more information.,2027-03-04 09:30:00,2027-03-04 12:00:00,Downtown,Arts & Culture | Learning & Careers | Community & Volunteering,Reading & Writing | Language | Civic Engagement | Career,upcoming,Free,Hartford Public Library,https://programs.hplct.org/events,https://hplct.libnet.info/event/16809280,Adults
hpl:16809716:2027-03-04 09:30:00,ESL Classes,English as a second language classes for adults. Registered students only. Please contact ESL@hplct.org for more information.,2027-03-04 09:30:00,2027-03-04 12:00:00,Downtown,Arts & Culture | Learning & Careers | Community & Volunteering,Reading & Writing | Language | Civic Engagement | Career,upcoming,Free,Hartford Public Library,https://programs.hplct.org/events,https://hplct.libnet.info/event/16809716,Adults
hpl:17491898:2027-03-04 14:30:00,English Learners Success,"This program supports high school English Learners through engaging, project-based instruction that strengthens English language proficiency, academic success, and college and career readiness.",2027-03-04 14:30:00,2027-03-04 16:30:00,Downtown,Arts & Culture | Family & Kids | Learning & Careers,TAP | STEM | Reading & Writing | Language,upcoming,Free,Hartford Public Library,https://programs.hplct.org/events,https://hplct.libnet.info/event/17491898,Teens
hpl:17497767:2027-03-04 17:30:00,ESL Classes,Adult Education English as a Second Language,2027-03-04 17:30:00,2027-03-04 19:30:00,Downtown,Arts & Culture | Learning & Careers,TAP | Reading & Writing,upcoming,Free,Hartford Public Library,https://programs.hplct.org/events,https://hplct.libnet.info/event/17497767,Adults
hpl:16810072:2027-03-06 09:30:00,ESL Classes,English as a second language classes for adults. Registered students only. Please contact ESL@hplct.org for more information.,2027-03-06 09:30:00,2027-03-06 12:30:00,Downtown,Arts & Culture | Learning & Careers | Community & Volunteering,Reading & Writing | Language | Civic Engagement | Career,upcoming,Free,Hartford Public Library,https://programs.hplct.org/events,https://hplct.libnet.info/event/16810072,Adults
hpl:16811427:2027-03-06 09:30:00,ESL Classes,English as a second language classes for adults. Registered students only. Please contact ESL@hplct.org for more information.,2027-03-06 09:30:00,2027-03-06 12:30:00,Downtown,Arts & Culture | Learning & Careers | Community & Volunteering,Reading & Writing | Language | Civic Engagement | Career,upcoming,Free,Hartford Public Library,https://programs.hplct.org/events,https://hplct.libnet.info/event/16811427,Adults
hpl:16810137:2027-03-06 09:30:00,ESL Classes,English as a second language classes for adults. Registered students only. Please contact ESL@hplct.org for more information.,2027-03-06 09:30:00,2027-03-06 12:30:00,Downtown,Arts & Culture | Learning & Careers | Community & Volunteering,Reading & Writing | Language | Civic Engagement | Career,upcoming,Free,Hartford Public Library,https://programs.hplct.org/events,https://hplct.libnet.info/event/16810137,Adults
hpl:16810790:2027-03-06 09:30:00,ESL Classes,English as a second language classes for adults. Registered students only. Please contact ESL@hplct.org for more information.,2027-03-06 09:30:00,2027-03-06 12:30:00,Downtown,Arts & Culture | Learning & Careers | Community & Volunteering,Reading & Writing | Language | Civic Engagement | Career,upcoming,Free,Hartford Public Library,https://programs.hplct.org/events,https://hplct.libnet.info/event/16810790,Adults
hpl:16841095:2027-03-08 11:00:00,Everyday Tech Help,"Need help with your phone, tablet, computer, or online services?",2027-03-08 11:00:00,2027-03-08 12:00:00,Barbour Library,Learning & Careers | Community & Volunteering,Technology | STEM | Media | Community,upcoming,Free,Hartford Public Library,https://programs.hplct.org/events,https://hplct.libnet.info/event/16841095,Adults
hpl:17491245:2027-03-08 14:30:00,Next Steps for College for English Learners,"This program supports high school English Learners in grades 11-12 as they develop English language proficiency, achieve academic success, and prepare for college and career pathways.",2027-03-08 14:30:00,2027-03-08 16:30:00,Downtown,Arts & Culture | Family & Kids | Learning & Careers,TAP | STEM | Reading & Writing | Language,upcoming,Free,Hartford Public Library,https://programs.hplct.org/events,https://hplct.libnet.info/event/17491245,Teens
hpl:17491074:2027-03-08 14:30:00,Next Steps for College for English Learners,"This program supports high school English Learners in grades 11-12 as they develop English language proficiency, achieve academic success, and prepare for college and career pathways.",2027-03-08 14:30:00,2027-03-08 16:30:00,Downtown,Arts & Culture | Family & Kids | Learning & Careers,STEM | Reading & Writing | Language,archived,Free,Hartford Public Library,https://programs.hplct.org/events,https://hplct.libnet.info/event/17491074,Teens
hpl:16809323:2027-03-09 09:30:00,ESL Classes,English as a second language classes. Registered students only. Please contact ESL@hplct.org for more information.,2027-03-09 09:30:00,2027-03-09 12:00:00,Downtown,Arts & Culture | Learning & Careers | Community & Volunteering,Reading & Writing | Language | Civic Engagement | Career,upcoming,Free,Hartford Public Library,https://programs.hplct.org/events,https://hplct.libnet.info/event/16809323,Adults
hpl:16809928:2027-03-09 09:30:00,ESL Classes,English as a second language classes for adults. Registered students only. Please contact ESL@hplct.org for more information.,2027-03-09 09:30:00,2027-03-09 12:00:00,Downtown,Arts & Culture | Learning & Careers | Community & Volunteering,Reading & Writing | Language | Civic Engagement | Career,upcoming,Free,Hartford Public Library,https://programs.hplct.org/events,https://hplct.libnet.info/event/16809928,Adults
hpl:16809634:2027-03-09 09:30:00,ESL Classes,English as a second language classes for adults. Registered students only. Please contact ESL@hplct.org for more information.,2027-03-09 09:30:00,2027-03-09 12:00:00,Downtown,Arts & Culture | Learning & Careers | Community & Volunteering,Reading & Writing | Language | Civic Engagement | Career,upcoming,Free,Hartford Public Library,https://programs.hplct.org/events,https://hplct.libnet.info/event/16809634,Adults
hpl:16809759:2027-03-09 09:30:00,ESL Classes,English as a second language classes for adults. Registered students only. Please contact ESL@hplct.org for more information.,2027-03-09 09:30:00,2027-03-09 12:00:00,Downtown,Arts & Culture | Learning & Careers | Community & Volunteering,Reading & Writing | Language | Civic Engagement | Career,upcoming,Free,Hartford Public Library,https://programs.hplct.org/events,https://hplct.libnet.info/event/16809759,Adults
hpl:17491707:2027-03-09 14:30:00,English Learners Success,"This program supports high school English Learners through engaging, project-based instruction that strengthens English language proficiency, academic success, and college and career readiness.",2027-03-09 14:30:00,2027-03-09 16:30:00,Downtown,Arts & Culture | Family & Kids | Learning & Careers,TAP | STEM | Reading & Writing | Language,upcoming,Free,Hartford Public Library,https://programs.hplct.org/events,https://hplct.libnet.info/event/17491707,Teens
hpl:17337792:2027-03-09 15:00:00,Pearson Test Center testing,"Pearson testing in the West Middle test center (44 Niles Street). Registered testers only. If you have questions or require assistance the day of your testing appointment, please call (860) 331-9538.",2027-03-09 15:00:00,2027-03-09 20:00:00,West Middle School Branch,Outdoors & Nature,TAP,upcoming,Free,Hartford Public Library,https://programs.hplct.org/events,https://hplct.libnet.info/event/17337792,Adults
hpl:17497648:2027-03-09 17:30:00,ESL Classes,Adult Education English as a Second Language,2027-03-09 17:30:00,2027-03-09 19:30:00,Downtown,Arts & Culture | Learning & Careers,TAP | Reading & Writing,upcoming,Free,Hartford Public Library,https://programs.hplct.org/events,https://hplct.libnet.info/event/17497648,Adults
hpl:16806823:2027-03-10 09:30:00,English for All,Guided online learning for English as a second language,2027-03-10 09:30:00,2027-03-10 12:00:00,Downtown,Arts & Culture | Learning & Careers,Reading & Writing | Language,upcoming,Free,Hartford Public Library,https://programs.hplct.org/events,https://hplct.libnet.info/event/16806823,Adults
hpl:17337793:2027-03-10 15:00:00,Pearson Test Center testing,"Pearson testing in the West Middle test center (44 Niles Street). Registered testers only. If you have questions or require assistance the day of your testing appointment, please call (860) 331-9538.",2027-03-10 15:00:00,2027-03-10 20:00:00,West Middle School Branch,Outdoors & Nature,TAP,upcoming,Free,Hartford Public Library,https://programs.hplct.org/events,https://hplct.libnet.info/event/17337793,Adults
hpl:16809281:2027-03-11 09:30:00,ESL Classes,English as a second language classes. Registered students only. Please contact ESL@hplct.org for more information.,2027-03-11 09:30:00,2027-03-11 12:00:00,Downtown,Arts & Culture | Learning & Careers | Community & Volunteering,Reading & Writing | Language | Civic Engagement | Career,upcoming,Free,Hartford Public Library,https://programs.hplct.org/events,https://hplct.libnet.info/event/16809281,Adults
hpl:16809876:2027-03-11 09:30:00,ESL Classes,English as a second language classes for adults. Registered students only. Please contact ESL@hplct.org for more information.,2027-03-11 09:30:00,2027-03-11 12:00:00,Downtown,Arts & Culture | Learning & Careers | Community & Volunteering,Reading & Writing | Language | Civic Engagement | Career,upcoming,Free,Hartford Public Library,https://programs.hplct.org/events,https://hplct.libnet.info/event/16809876,Adults
hpl:16809635:2027-03-11 09:30:00,ESL Classes,English as a second language classes for adults. Registered students only. Please contact ESL@hplct.org for more information.,2027-03-11 09:30:00,2027-03-11 12:00:00,Downtown,Arts & Culture | Learning & Careers | Community & Volunteering,Reading & Writing | Language | Civic Engagement | Career,upcoming,Free,Hartford Public Library,https://programs.hplct.org/events,https://hplct.libnet.info/event/16809635,Adults
hpl:16809717:2027-03-11 09:30:00,ESL Classes,English as a second language classes for adults. Registered students only. Please contact ESL@hplct.org for more information.,2027-03-11 09:30:00,2027-03-11 12:00:00,Downtown,Arts & Culture | Learning & Careers | Community & Volunteering,Reading & Writing | Language | Civic Engagement | Career,upcoming,Free,Hartford Public Library,https://programs.hplct.org/events,https://hplct.libnet.info/event/16809717,Adults
hpl:17491900:2027-03-11 14:30:00,English Learners Success,"This program supports high school English Learners through engaging, project-based instruction that strengthens English language proficiency, academic success, and college and career readiness.",2027-03-11 14:30:00,2027-03-11 16:30:00,Downtown,Arts & Culture | Family & Kids | Learning & Careers,TAP | STEM | Reading & Writing | Language,upcoming,Free,Hartford Public Library,https://programs.hplct.org/events,https://hplct.libnet.info/event/17491900,Teens
hpl:17497768:2027-03-11 17:30:00,ESL Classes,Adult Education English as a Second Language,2027-03-11 17:30:00,2027-03-11 19:30:00,Downtown,Arts & Culture | Learning & Careers,TAP | Reading & Writing,upcoming,Free,Hartford Public Library,https://programs.hplct.org/events,https://hplct.libnet.info/event/17497768,Adults
hpl:16810073:2027-03-13 09:30:00,ESL Classes,English as a second language classes for adults. Registered students only. Please contact ESL@hplct.org for more information.,2027-03-13 09:30:00,2027-03-13 12:30:00,Downtown,Arts & Culture | Learning & Careers | Community & Volunteering,Reading & Writing | Language | Civic Engagement | Career,upcoming,Free,Hartford Public Library,https://programs.hplct.org/events,https://hplct.libnet.info/event/16810073,Adults
hpl:16811428:2027-03-13 09:30:00,ESL Classes,English as a second language classes for adults. Registered students only. Please contact ESL@hplct.org for more information.,2027-03-13 09:30:00,2027-03-13 12:30:00,Downtown,Arts & Culture | Learning & Careers | Community & Volunteering,Reading & Writing | Language | Civic Engagement | Career,upcoming,Free,Hartford Public Library,https://programs.hplct.org/events,https://hplct.libnet.info/event/16811428,Adults
hpl:16810138:2027-03-13 09:30:00,ESL Classes,English as a second language classes for adults. Registered students only. Please contact ESL@hplct.org for more information.,2027-03-13 09:30:00,2027-03-13 12:30:00,Downtown,Arts & Culture | Learning & Careers | Community & Volunteering,Reading & Writing | Language | Civic Engagement | Career,upcoming,Free,Hartford Public Library,https://programs.hplct.org/events,https://hplct.libnet.info/event/16810138,Adults
hpl:16810791:2027-03-13 09:30:00,ESL Classes,English as a second language classes for adults. Registered students only. Please contact ESL@hplct.org for more information.,2027-03-13 09:30:00,2027-03-13 12:30:00,Downtown,Arts & Culture | Learning & Careers | Community & Volunteering,Reading & Writing | Language | Civic Engagement | Career,upcoming,Free,Hartford Public Library,https://programs.hplct.org/events,https://hplct.libnet.info/event/16810791,Adults
hpl:16841096:2027-03-15 11:00:00,Everyday Tech Help,"Need help with your phone, tablet, computer, or online services?",2027-03-15 11:00:00,2027-03-15 12:00:00,Barbour Library,Learning & Careers | Community & Volunteering,Technology | STEM | Media | Community,upcoming,Free,Hartford Public Library,https://programs.hplct.org/events,https://hplct.libnet.info/event/16841096,Adults
hpl:17491246:2027-03-15 14:30:00,Next Steps for College for English Learners,"This program supports high school English Learners in grades 11-12 as they develop English language proficiency, achieve academic success, and prepare for college and career pathways.",2027-03-15 14:30:00,2027-03-15 16:30:00,Downtown,Arts & Culture | Family & Kids | Learning & Careers,TAP | STEM | Reading & Writing | Language,upcoming,Free,Hartford Public Library,https://programs.hplct.org/events,https://hplct.libnet.info/event/17491246,Teens
hpl:17491075:2027-03-15 14:30:00,Next Steps for College for English Learners,"This program supports high school English Learners in grades 11-12 as they develop English language proficiency, achieve academic success, and prepare for college and career pathways.",2027-03-15 14:30:00,2027-03-15 16:30:00,Downtown,Arts & Culture | Family & Kids | Learning & Careers,STEM | Reading & Writing | Language,archived,Free,Hartford Public Library,https://programs.hplct.org/events,https://hplct.libnet.info/event/17491075,Teens
hpl:16809324:2027-03-16 09:30:00,ESL Classes,English as a second language classes. Registered students only. Please contact ESL@hplct.org for more information.,2027-03-16 09:30:00,2027-03-16 12:00:00,Downtown,Arts & Culture | Learning & Careers | Community & Volunteering,Reading & Writing | Language | Civic Engagement | Career,upcoming,Free,Hartford Public Library,https://programs.hplct.org/events,https://hplct.libnet.info/event/16809324,Adults
hpl:16809929:2027-03-16 09:30:00,ESL Classes,English as a second language classes for adults. Registered students only. Please contact ESL@hplct.org for more information.,2027-03-16 09:30:00,2027-03-16 12:00:00,Downtown,Arts & Culture | Learning & Careers | Community & Volunteering,Reading & Writing | Language | Civic Engagement | Career,upcoming,Free,Hartford Public Library,https://programs.hplct.org/events,https://hplct.libnet.info/event/16809929,Adults
hpl:16809760:2027-03-16 09:30:00,ESL Classes,English as a second language classes for adults. Registered students only. Please contact ESL@hplct.org for more information.,2027-03-16 09:30:00,2027-03-16 12:00:00,Downtown,Arts & Culture | Learning & Careers | Community & Volunteering,Reading & Writing | Language | Civic Engagement | Career,upcoming,Free,Hartford Public Library,https://programs.hplct.org/events,https://hplct.libnet.info/event/16809760,Adults
hpl:16809636:2027-03-16 09:30:00,ESL Classes,English as a second language classes for adults. Registered students only. Please contact ESL@hplct.org for more information.,2027-03-16 09:30:00,2027-03-16 12:00:00,Downtown,Arts & Culture | Learning & Careers | Community & Volunteering,Reading & Writing | Language | Civic Engagement | Career,upcoming,Free,Hartford Public Library,https://programs.hplct.org/events,https://hplct.libnet.info/event/16809636,Adults
hpl:17491708:2027-03-16 14:30:00,English Learners Success,"This program supports high school English Learners through engaging, project-based instruction that strengthens English language proficiency, academic success, and college and career readiness.",2027-03-16 14:30:00,2027-03-16 16:30:00,Downtown,Arts & Culture | Family & Kids | Learning & Careers,TAP | STEM | Reading & Writing | Language,upcoming,Free,Hartford Public Library,https://programs.hplct.org/events,https://hplct.libnet.info/event/17491708,Teens
hpl:17337794:2027-03-16 15:00:00,Pearson Test Center testing,"Pearson testing in the West Middle test center (44 Niles Street). Registered testers only. If you have questions or require assistance the day of your testing appointment, please call (860) 331-9538.",2027-03-16 15:00:00,2027-03-16 20:00:00,West Middle School Branch,Outdoors & Nature,TAP,upcoming,Free,Hartford Public Library,https://programs.hplct.org/events,https://hplct.libnet.info/event/17337794,Adults
hpl:17497649:2027-03-16 17:30:00,ESL Classes,Adult Education English as a Second Language,2027-03-16 17:30:00,2027-03-16 19:30:00,Downtown,Arts & Culture | Learning & Careers,TAP | Reading & Writing,upcoming,Free,Hartford Public Library,https://programs.hplct.org/events,https://hplct.libnet.info/event/17497649,Adults
hpl:16806824:2027-03-17 09:30:00,English for All,Guided online learning for English as a second language,2027-03-17 09:30:00,2027-03-17 12:00:00,Downtown,Arts & Culture | Learning & Careers,Reading & Writing | Language,upcoming,Free,Hartford Public Library,https://programs.hplct.org/events,https://hplct.libnet.info/event/16806824,Adults
hpl:17242191:2027-03-17 14:30:00,Next Steps for College for English Learners,"This program supports high school English Learners in grades 11-12 as they develop English language proficiency, achieve academic success, and prepare for college and career pathways.",2027-03-17 14:30:00,2027-03-17 17:00:00,Downtown,Arts & Culture | Family & Kids | Learning & Careers,STEM | Reading & Writing | Language,archived,Free,Hartford Public Library,https://programs.hplct.org/events,https://hplct.libnet.info/event/17242191,Teens
hpl:17491418:2027-03-17 14:30:00,Next Steps for College for English Learners,"This program supports high school English Learners in grades 11-12 as they develop English language proficiency, achieve academic success, and prepare for college and career pathways.",2027-03-17 14:30:00,2027-03-17 16:30:00,Downtown,Arts & Culture | Family & Kids | Learning & Careers,TAP | STEM | Reading & Writing | Language,upcoming,Free,Hartford Public Library,https://programs.hplct.org/events,https://hplct.libnet.info/event/17491418,Teens
hpl:17337795:2027-03-17 15:00:00,Pearson Test Center testing,"Pearson testing in the West Middle test center (44 Niles Street). Registered testers only. If you have questions or require assistance the day of your testing appointment, please call (860) 331-9538.",2027-03-17 15:00:00,2027-03-17 20:00:00,West Middle School Branch,Outdoors & Nature,TAP,upcoming,Free,Hartford Public Library,https://programs.hplct.org/events,https://hplct.libnet.info/event/17337795,Adults
hpl:16809637:2027-03-18 09:30:00,ESL Classes,English as a second language classes for adults. Registered students only. Please contact ESL@hplct.org for more information.,2027-03-18 09:30:00,2027-03-18 12:00:00,Downtown,Arts & Culture | Learning & Careers | Community & Volunteering,Reading & Writing | Language | Civic Engagement | Career,upcoming,Free,Hartford Public Library,https://programs.hplct.org/events,https://hplct.libnet.info/event/16809637,Adults
hpl:16809877:2027-03-18 09:30:00,ESL Classes,English as a second language classes for adults. Registered students only. Please contact ESL@hplct.org for more information.,2027-03-18 09:30:00,2027-03-18 12:00:00,Downtown,Arts & Culture | Learning & Careers | Community & Volunteering,Reading & Writing | Language | Civic Engagement | Career,upcoming,Free,Hartford Public Library,https://programs.hplct.org/events,https://hplct.libnet.info/event/16809877,Adults
hpl:16809718:2027-03-18 09:30:00,ESL Classes,English as a second language classes for adults. Registered students only. Please contact ESL@hplct.org for more information.,2027-03-18 09:30:00,2027-03-18 12:00:00,Downtown,Arts & Culture | Learning & Careers | Community & Volunteering,Reading & Writing | Language | Civic Engagement | Career,upcoming,Free,Hartford Public Library,https://programs.hplct.org/events,https://hplct.libnet.info/event/16809718,Adults
hpl:16809282:2027-03-18 09:30:00,ESL Classes,English as a second language classes. Registered students only. Please contact ESL@hplct.org for more information.,2027-03-18 09:30:00,2027-03-18 12:00:00,Downtown,Arts & Culture | Learning & Careers | Community & Volunteering,Reading & Writing | Language | Civic Engagement | Career,upcoming,Free,Hartford Public Library,https://programs.hplct.org/events,https://hplct.libnet.info/event/16809282,Adults
hpl:17491901:2027-03-18 14:30:00,English Learners Success,"This program supports high school English Learners through engaging, project-based instruction that strengthens English language proficiency, academic success, and college and career readiness.",2027-03-18 14:30:00,2027-03-18 16:30:00,Downtown,Arts & Culture | Family & Kids | Learning & Careers,TAP | STEM | Reading & Writing | Language,upcoming,Free,Hartford Public Library,https://programs.hplct.org/events,https://hplct.libnet.info/event/17491901,Teens
hpl:17497769:2027-03-18 17:30:00,ESL Classes,Adult Education English as a Second Language,2027-03-18 17:30:00,2027-03-18 19:30:00,Downtown,Arts & Culture | Learning & Careers,TAP | Reading & Writing,upcoming,Free,Hartford Public Library,https://programs.hplct.org/events,https://hplct.libnet.info/event/17497769,Adults
hpl:16810139:2027-03-20 09:30:00,ESL Classes,English as a second language classes for adults. Registered students only. Please contact ESL@hplct.org for more information.,2027-03-20 09:30:00,2027-03-20 12:30:00,Downtown,Arts & Culture | Learning & Careers | Community & Volunteering,Reading & Writing | Language | Civic Engagement | Career,upcoming,Free,Hartford Public Library,https://programs.hplct.org/events,https://hplct.libnet.info/event/16810139,Adults
hpl:16810074:2027-03-20 09:30:00,ESL Classes,English as a second language classes for adults. Registered students only. Please contact ESL@hplct.org for more information.,2027-03-20 09:30:00,2027-03-20 12:30:00,Downtown,Arts & Culture | Learning & Careers | Community & Volunteering,Reading & Writing | Language | Civic Engagement | Career,upcoming,Free,Hartford Public Library,https://programs.hplct.org/events,https://hplct.libnet.info/event/16810074,Adults
hpl:16811429:2027-03-20 09:30:00,ESL Classes,English as a second language classes for adults. Registered students only. Please contact ESL@hplct.org for more information.,2027-03-20 09:30:00,2027-03-20 12:30:00,Downtown,Arts & Culture | Learning & Careers | Community & Volunteering,Reading & Writing | Language | Civic Engagement | Career,upcoming,Free,Hartford Public Library,https://programs.hplct.org/events,https://hplct.libnet.info/event/16811429,Adults
hpl:16810792:2027-03-20 09:30:00,ESL Classes,English as a second language classes for adults. Registered students only. Please contact ESL@hplct.org for more information.,2027-03-20 09:30:00,2027-03-20 12:30:00,Downtown,Arts & Culture | Learning & Careers | Community & Volunteering,Reading & Writing | Language | Civic Engagement | Career,upcoming,Free,Hartford Public Library,https://programs.hplct.org/events,https://hplct.libnet.info/event/16810792,Adults
hpl:16841097:2027-03-22 11:00:00,Everyday Tech Help,"Need help with your phone, tablet, computer, or online services?",2027-03-22 11:00:00,2027-03-22 12:00:00,Barbour Library,Learning & Careers | Community & Volunteering,Technology | STEM | Media | Community,upcoming,Free,Hartford Public Library,https://programs.hplct.org/events,https://hplct.libnet.info/event/16841097,Adults
hpl:17491247:2027-03-22 14:30:00,Next Steps for College for English Learners,"This program supports high school English Learners in grades 11-12 as they develop English language proficiency, achieve academic success, and prepare for college and career pathways.",2027-03-22 14:30:00,2027-03-22 16:30:00,Downtown,Arts & Culture | Family & Kids | Learning & Careers,TAP | STEM | Reading & Writing | Language,upcoming,Free,Hartford Public Library,https://programs.hplct.org/events,https://hplct.libnet.info/event/17491247,Teens
hpl:17491076:2027-03-22 14:30:00,Next Steps for College for English Learners,"This program supports high school English Learners in grades 11-12 as they develop English language proficiency, achieve academic success, and prepare for college and career pathways.",2027-03-22 14:30:00,2027-03-22 16:30:00,Downtown,Arts & Culture | Family & Kids | Learning & Careers,STEM | Reading & Writing | Language,archived,Free,Hartford Public Library,https://programs.hplct.org/events,https://hplct.libnet.info/event/17491076,Teens
hpl:16809325:2027-03-23 09:30:00,ESL Classes,English as a second language classes. Registered students only. Please contact ESL@hplct.org for more information.,2027-03-23 09:30:00,2027-03-23 12:00:00,Downtown,Arts & Culture | Learning & Careers | Community & Volunteering,Reading & Writing | Language | Civic Engagement | Career,upcoming,Free,Hartford Public Library,https://programs.hplct.org/events,https://hplct.libnet.info/event/16809325,Adults
hpl:16809930:2027-03-23 09:30:00,ESL Classes,English as a second language classes for adults. Registered students only. Please contact ESL@hplct.org for more information.,2027-03-23 09:30:00,2027-03-23 12:00:00,Downtown,Arts & Culture | Learning & Careers | Community & Volunteering,Reading & Writing | Language | Civic Engagement | Career,upcoming,Free,Hartford Public Library,https://programs.hplct.org/events,https://hplct.libnet.info/event/16809930,Adults
hpl:16809638:2027-03-23 09:30:00,ESL Classes,English as a second language classes for adults. Registered students only. Please contact ESL@hplct.org for more information.,2027-03-23 09:30:00,2027-03-23 12:00:00,Downtown,Arts & Culture | Learning & Careers | Community & Volunteering,Reading & Writing | Language | Civic Engagement | Career,upcoming,Free,Hartford Public Library,https://programs.hplct.org/events,https://hplct.libnet.info/event/16809638,Adults
hpl:16809761:2027-03-23 09:30:00,ESL Classes,English as a second language classes for adults. Registered students only. Please contact ESL@hplct.org for more information.,2027-03-23 09:30:00,2027-03-23 12:00:00,Downtown,Arts & Culture | Learning & Careers | Community & Volunteering,Reading & Writing | Language | Civic Engagement | Career,upcoming,Free,Hartford Public Library,https://programs.hplct.org/events,https://hplct.libnet.info/event/16809761,Adults
hpl:17491709:2027-03-23 14:30:00,English Learners Success,"This program supports high school English Learners through engaging, project-based instruction that strengthens English language proficiency, academic success, and college and career readiness.",2027-03-23 14:30:00,2027-03-23 16:30:00,Downtown,Arts & Culture | Family & Kids | Learning & Careers,TAP | STEM | Reading & Writing | Language,upcoming,Free,Hartford Public Library,https://programs.hplct.org/events,https://hplct.libnet.info/event/17491709,Teens
hpl:17337796:2027-03-23 15:00:00,Pearson Test Center testing,"Pearson testing in the West Middle test center (44 Niles Street). Registered testers only. If you have questions or require assistance the day of your testing appointment, please call (860) 331-9538.",2027-03-23 15:00:00,2027-03-23 20:00:00,West Middle School Branch,Outdoors & Nature,TAP,upcoming,Free,Hartford Public Library,https://programs.hplct.org/events,https://hplct.libnet.info/event/17337796,Adults
hpl:17497650:2027-03-23 17:30:00,ESL Classes,Adult Education English as a Second Language,2027-03-23 17:30:00,2027-03-23 19:30:00,Downtown,Arts & Culture | Learning & Careers,TAP | Reading & Writing,upcoming,Free,Hartford Public Library,https://programs.hplct.org/events,https://hplct.libnet.info/event/17497650,Adults
hpl:16806825:2027-03-24 09:30:00,English for All,Guided online learning for English as a second language,2027-03-24 09:30:00,2027-03-24 12:00:00,Downtown,Arts & Culture | Learning & Careers,Reading & Writing | Language,upcoming,Free,Hartford Public Library,https://programs.hplct.org/events,https://hplct.libnet.info/event/16806825,Adults
hpl:17242192:2027-03-24 14:30:00,Next Steps for College for English Learners,"This program supports high school English Learners in grades 11-12 as they develop English language proficiency, achieve academic success, and prepare for college and career pathways.",2027-03-24 14:30:00,2027-03-24 17:00:00,Downtown,Arts & Culture | Family & Kids | Learning & Careers,STEM | Reading & Writing | Language,archived,Free,Hartford Public Library,https://programs.hplct.org/events,https://hplct.libnet.info/event/17242192,Teens
hpl:17491419:2027-03-24 14:30:00,Next Steps for College for English Learners,"This program supports high school English Learners in grades 11-12 as they develop English language proficiency, achieve academic success, and prepare for college and career pathways.",2027-03-24 14:30:00,2027-03-24 16:30:00,Downtown,Arts & Culture | Family & Kids | Learning & Careers,TAP | STEM | Reading & Writing | Language,upcoming,Free,Hartford Public Library,https://programs.hplct.org/events,https://hplct.libnet.info/event/17491419,Teens
hpl:17337797:2027-03-24 15:00:00,Pearson Test Center testing,"Pearson testing in the West Middle test center (44 Niles Street). Registered testers only. If you have questions or require assistance the day of your testing appointment, please call (860) 331-9538.",2027-03-24 15:00:00,2027-03-24 20:00:00,West Middle School Branch,Outdoors & Nature,TAP,upcoming,Free,Hartford Public Library,https://programs.hplct.org/events,https://hplct.libnet.info/event/17337797,Adults
hpl:16809719:2027-03-25 09:30:00,ESL Classes,English as a second language classes for adults. Registered students only. Please contact ESL@hplct.org for more information.,2027-03-25 09:30:00,2027-03-25 12:00:00,Downtown,Arts & Culture | Learning & Careers | Community & Volunteering,Reading & Writing | Language | Civic Engagement | Career,upcoming,Free,Hartford Public Library,https://programs.hplct.org/events,https://hplct.libnet.info/event/16809719,Adults
hpl:16809878:2027-03-25 09:30:00,ESL Classes,English as a second language classes for adults. Registered students only. Please contact ESL@hplct.org for more information.,2027-03-25 09:30:00,2027-03-25 12:00:00,Downtown,Arts & Culture | Learning & Careers | Community & Volunteering,Reading & Writing | Language | Civic Engagement | Career,upcoming,Free,Hartford Public Library,https://programs.hplct.org/events,https://hplct.libnet.info/event/16809878,Adults
hpl:16809283:2027-03-25 09:30:00,ESL Classes,English as a second language classes. Registered students only. Please contact ESL@hplct.org for more information.,2027-03-25 09:30:00,2027-03-25 12:00:00,Downtown,Arts & Culture | Learning & Careers | Community & Volunteering,Reading & Writing | Language | Civic Engagement | Career,upcoming,Free,Hartford Public Library,https://programs.hplct.org/events,https://hplct.libnet.info/event/16809283,Adults
hpl:16809639:2027-03-25 09:30:00,ESL Classes,English as a second language classes for adults. Registered students only. Please contact ESL@hplct.org for more information.,2027-03-25 09:30:00,2027-03-25 12:00:00,Downtown,Arts & Culture | Learning & Careers | Community & Volunteering,Reading & Writing | Language | Civic Engagement | Career,upcoming,Free,Hartford Public Library,https://programs.hplct.org/events,https://hplct.libnet.info/event/16809639,Adults
hpl:17491902:2027-03-25 14:30:00,English Learners Success,"This program supports high school English Learners through engaging, project-based instruction that strengthens English language proficiency, academic success, and college and career readiness.",2027-03-25 14:30:00,2027-03-25 16:30:00,Downtown,Arts & Culture | Family & Kids | Learning & Careers,TAP | STEM | Reading & Writing | Language,upcoming,Free,Hartford Public Library,https://programs.hplct.org/events,https://hplct.libnet.info/event/17491902,Teens
hpl:17497770:2027-03-25 17:30:00,ESL Classes,Adult Education English as a Second Language,2027-03-25 17:30:00,2027-03-25 19:30:00,Downtown,Arts & Culture | Learning & Careers,TAP | Reading & Writing,upcoming,Free,Hartford Public Library,https://programs.hplct.org/events,https://hplct.libnet.info/event/17497770,Adults
hpl:16811430:2027-03-27 09:30:00,ESL Classes,English as a second language classes for adults. Registered students only. Please contact ESL@hplct.org for more information.,2027-03-27 09:30:00,2027-03-27 12:30:00,Downtown,Arts & Culture | Learning & Careers | Community & Volunteering,Reading & Writing | Language | Civic Engagement | Career,upcoming,Free,Hartford Public Library,https://programs.hplct.org/events,https://hplct.libnet.info/event/16811430,Adults
hpl:16810140:2027-03-27 09:30:00,ESL Classes,English as a second language classes for adults. Registered students only. Please contact ESL@hplct.org for more information.,2027-03-27 09:30:00,2027-03-27 12:30:00,Downtown,Arts & Culture | Learning & Careers | Community & Volunteering,Reading & Writing | Language | Civic Engagement | Career,upcoming,Free,Hartford Public Library,https://programs.hplct.org/events,https://hplct.libnet.info/event/16810140,Adults
hpl:16810076:2027-03-27 09:30:00,ESL Classes,English as a second language classes for adults. Registered students only. Please contact ESL@hplct.org for more information.,2027-03-27 09:30:00,2027-03-27 12:30:00,Downtown,Arts & Culture | Learning & Careers | Community & Volunteering,Reading & Writing | Language | Civic Engagement | Career,upcoming,Free,Hartford Public Library,https://programs.hplct.org/events,https://hplct.libnet.info/event/16810076,Adults
hpl:16810793:2027-03-27 09:30:00,ESL Classes,English as a second language classes for adults. Registered students only. Please contact ESL@hplct.org for more information.,2027-03-27 09:30:00,2027-03-27 12:30:00,Downtown,Arts & Culture | Learning & Careers | Community & Volunteering,Reading & Writing | Language | Civic Engagement | Career,upcoming,Free,Hartford Public Library,https://programs.hplct.org/events,https://hplct.libnet.info/event/16810793,Adults
hpl:16841098:2027-03-29 11:00:00,Everyday Tech Help,"Need help with your phone, tablet, computer, or online services?",2027-03-29 11:00:00,2027-03-29 12:00:00,Barbour Library,Learning & Careers | Community & Volunteering,Technology | STEM | Media | Community,upcoming,Free,Hartford Public Library,https://programs.hplct.org/events,https://hplct.libnet.info/event/16841098,Adults
hpl:17491077:2027-03-29 14:30:00,Next Steps for College for English Learners,"This program supports high school English Learners in grades 11-12 as they develop English language proficiency, achieve academic success, and prepare for college and career pathways.",2027-03-29 14:30:00,2027-03-29 16:30:00,Downtown,Arts & Culture | Family & Kids | Learning & Careers,STEM | Reading & Writing | Language,archived,Free,Hartford Public Library,https://programs.hplct.org/events,https://hplct.libnet.info/event/17491077,Teens
hpl:17491248:2027-03-29 14:30:00,Next Steps for College for English Learners,"This program supports high school English Learners in grades 11-12 as they develop English language proficiency, achieve academic success, and prepare for college and career pathways.",2027-03-29 14:30:00,2027-03-29 16:30:00,Downtown,Arts & Culture | Family & Kids | Learning & Careers,TAP | STEM | Reading & Writing | Language,upcoming,Free,Hartford Public Library,https://programs.hplct.org/events,https://hplct.libnet.info/event/17491248,Teens
hpl:16809640:2027-03-30 09:30:00,ESL Classes,English as a second language classes for adults. Registered students only. Please contact ESL@hplct.org for more information.,2027-03-30 09:30:00,2027-03-30 12:00:00,Downtown,Arts & Culture | Learning & Careers | Community & Volunteering,Reading & Writing | Language | Civic Engagement | Career,upcoming,Free,Hartford Public Library,https://programs.hplct.org/events,https://hplct.libnet.info/event/16809640,Adults
hpl:16809326:2027-03-30 09:30:00,ESL Classes,English as a second language classes. Registered students only. Please contact ESL@hplct.org for more information.,2027-03-30 09:30:00,2027-03-30 12:00:00,Downtown,Arts & Culture | Learning & Careers | Community & Volunteering,Reading & Writing | Language | Civic Engagement | Career,upcoming,Free,Hartford Public Library,https://programs.hplct.org/events,https://hplct.libnet.info/event/16809326,Adults
hpl:16809931:2027-03-30 09:30:00,ESL Classes,English as a second language classes for adults. Registered students only. Please contact ESL@hplct.org for more information.,2027-03-30 09:30:00,2027-03-30 12:00:00,Downtown,Arts & Culture | Learning & Careers | Community & Volunteering,Reading & Writing | Language | Civic Engagement | Career,upcoming,Free,Hartford Public Library,https://programs.hplct.org/events,https://hplct.libnet.info/event/16809931,Adults
hpl:16809762:2027-03-30 09:30:00,ESL Classes,English as a second language classes for adults. Registered students only. Please contact ESL@hplct.org for more information.,2027-03-30 09:30:00,2027-03-30 12:00:00,Downtown,Arts & Culture | Learning & Careers | Community & Volunteering,Reading & Writing | Language | Civic Engagement | Career,upcoming,Free,Hartford Public Library,https://programs.hplct.org/events,https://hplct.libnet.info/event/16809762,Adults
hpl:17491710:2027-03-30 14:30:00,English Learners Success,"This program supports high school English Learners through engaging, project-based instruction that strengthens English language proficiency, academic success, and college and career readiness.",2027-03-30 14:30:00,2027-03-30 16:30:00,Downtown,Arts & Culture | Family & Kids | Learning & Careers,TAP | STEM | Reading & Writing | Language,upcoming,Free,Hartford Public Library,https://programs.hplct.org/events,https://hplct.libnet.info/event/17491710,Teens
hpl:17337798:2027-03-30 15:00:00,Pearson Test Center testing,"Pearson testing in the West Middle test center (44 Niles Street). Registered testers only. If you have questions or require assistance the day of your testing appointment, please call (860) 331-9538.",2027-03-30 15:00:00,2027-03-30 20:00:00,West Middle School Branch,Outdoors & Nature,TAP,upcoming,Free,Hartford Public Library,https://programs.hplct.org/events,https://hplct.libnet.info/event/17337798,Adults
hpl:17497651:2027-03-30 17:30:00,ESL Classes,Adult Education English as a Second Language,2027-03-30 17:30:00,2027-03-30 19:30:00,Downtown,Arts & Culture | Learning & Careers,TAP | Reading & Writing,upcoming,Free,Hartford Public Library,https://programs.hplct.org/events,https://hplct.libnet.info/event/17497651,Adults
hpl:16806826:2027-03-31 09:30:00,English for All,Guided online learning for English as a second language,2027-03-31 09:30:00,2027-03-31 12:00:00,Downtown,Arts & Culture | Learning & Careers,Reading & Writing | Language,upcoming,Free,Hartford Public Library,https://programs.hplct.org/events,https://hplct.libnet.info/event/16806826,Adults
hpl:17491420:2027-03-31 14:30:00,Next Steps for College for English Learners,"This program supports high school English Learners in grades 11-12 as they develop English language proficiency, achieve academic success, and prepare for college and career pathways.",2027-03-31 14:30:00,2027-03-31 16:30:00,Downtown,Arts & Culture | Family & Kids | Learning & Careers,TAP | STEM | Reading & Writing | Language,upcoming,Free,Hartford Public Library,https://programs.hplct.org/events,https://hplct.libnet.info/event/17491420,Teens
hpl:17242193:2027-03-31 14:30:00,Next Steps for College for English Learners,"This program supports high school English Learners in grades 11-12 as they develop English language proficiency, achieve academic success, and prepare for college and career pathways.",2027-03-31 14:30:00,2027-03-31 17:00:00,Downtown,Arts & Culture | Family & Kids | Learning & Careers,STEM | Reading & Writing | Language,archived,Free,Hartford Public Library,https://programs.hplct.org/events,https://hplct.libnet.info/event/17242193,Teens
hpl:17337799:2027-03-31 15:00:00,Pearson Test Center testing,"Pearson testing in the West Middle test center (44 Niles Street). Registered testers only. If you have questions or require assistance the day of your testing appointment, please call (860) 331-9538.",2027-03-31 15:00:00,2027-03-31 20:00:00,West Middle School Branch,Outdoors & Nature,TAP,upcoming,Free,Hartford Public Library,https://programs.hplct.org/events,https://hplct.libnet.info/event/17337799,Adults
hpl:16809284:2027-04-01 09:30:00,ESL Classes,English as a second language classes. Registered students only. Please contact ESL@hplct.org for more information.,2027-04-01 09:30:00,2027-04-01 12:00:00,Downtown,Arts & Culture | Learning & Careers | Community & Volunteering,Reading & Writing | Language | Civic Engagement | Career,upcoming,Free,Hartford Public Library,https://programs.hplct.org/events,https://hplct.libnet.info/event/16809284,Adults
hpl:16809879:2027-04-01 09:30:00,ESL Classes,English as a second language classes for adults. Registered students only. Please contact ESL@hplct.org for more information.,2027-04-01 09:30:00,2027-04-01 12:00:00,Downtown,Arts & Culture | Learning & Careers | Community & Volunteering,Reading & Writing | Language | Civic Engagement | Career,upcoming,Free,Hartford Public Library,https://programs.hplct.org/events,https://hplct.libnet.info/event/16809879,Adults
hpl:16809641:2027-04-01 09:30:00,ESL Classes,English as a second language classes for adults. Registered students only. Please contact ESL@hplct.org for more information.,2027-04-01 09:30:00,2027-04-01 12:00:00,Downtown,Arts & Culture | Learning & Careers | Community & Volunteering,Reading & Writing | Language | Civic Engagement | Career,upcoming,Free,Hartford Public Library,https://programs.hplct.org/events,https://hplct.libnet.info/event/16809641,Adults
hpl:16809720:2027-04-01 09:30:00,ESL Classes,English as a second language classes for adults. Registered students only. Please contact ESL@hplct.org for more information.,2027-04-01 09:30:00,2027-04-01 12:00:00,Downtown,Arts & Culture | Learning & Careers | Community & Volunteering,Reading & Writing | Language | Civic Engagement | Career,upcoming,Free,Hartford Public Library,https://programs.hplct.org/events,https://hplct.libnet.info/event/16809720,Adults
hpl:17491903:2027-04-01 14:30:00,English Learners Success,"This program supports high school English Learners through engaging, project-based instruction that strengthens English language proficiency, academic success, and college and career readiness.",2027-04-01 14:30:00,2027-04-01 16:30:00,Downtown,Arts & Culture | Family & Kids | Learning & Careers,TAP | STEM | Reading & Writing | Language,upcoming,Free,Hartford Public Library,https://programs.hplct.org/events,https://hplct.libnet.info/event/17491903,Teens
hpl:17497771:2027-04-01 17:30:00,ESL Classes,Adult Education English as a Second Language,2027-04-01 17:30:00,2027-04-01 19:30:00,Downtown,Arts & Culture | Learning & Careers,TAP | Reading & Writing,upcoming,Free,Hartford Public Library,https://programs.hplct.org/events,https://hplct.libnet.info/event/17497771,Adults
hpl:16810077:2027-04-03 09:30:00,ESL Classes,English as a second language classes for adults. Registered students only. Please contact ESL@hplct.org for more information.,2027-04-03 09:30:00,2027-04-03 12:30:00,Downtown,Arts & Culture | Learning & Careers | Community & Volunteering,Reading & Writing | Language | Civic Engagement | Career,upcoming,Free,Hartford Public Library,https://programs.hplct.org/events,https://hplct.libnet.info/event/16810077,Adults
hpl:16811431:2027-04-03 09:30:00,ESL Classes,English as a second language classes for adults. Registered students only. Please contact ESL@hplct.org for more information.,2027-04-03 09:30:00,2027-04-03 12:30:00,Downtown,Arts & Culture | Learning & Careers | Community & Volunteering,Reading & Writing | Language | Civic Engagement | Career,upcoming,Free,Hartford Public Library,https://programs.hplct.org/events,https://hplct.libnet.info/event/16811431,Adults
hpl:16810794:2027-04-03 09:30:00,ESL Classes,English as a second language classes for adults. Registered students only. Please contact ESL@hplct.org for more information.,2027-04-03 09:30:00,2027-04-03 12:30:00,Downtown,Arts & Culture | Learning & Careers | Community & Volunteering,Reading & Writing | Language | Civic Engagement | Career,upcoming,Free,Hartford Public Library,https://programs.hplct.org/events,https://hplct.libnet.info/event/16810794,Adults
hpl:16810141:2027-04-03 09:30:00,ESL Classes,English as a second language classes for adults. Registered students only. Please contact ESL@hplct.org for more information.,2027-04-03 09:30:00,2027-04-03 12:30:00,Downtown,Arts & Culture | Learning & Careers | Community & Volunteering,Reading & Writing | Language | Civic Engagement | Career,upcoming,Free,Hartford Public Library,https://programs.hplct.org/events,https://hplct.libnet.info/event/16810141,Adults
hpl:16841099:2027-04-05 11:00:00,Everyday Tech Help,"Need help with your phone, tablet, computer, or online services?",2027-04-05 11:00:00,2027-04-05 12:00:00,Barbour Library,Learning & Careers | Community & Volunteering,Technology | STEM | Media | Community,upcoming,Free,Hartford Public Library,https://programs.hplct.org/events,https://hplct.libnet.info/event/16841099,Adults
hpl:17491249:2027-04-05 14:30:00,Next Steps for College for English Learners,"This program supports high school English Learners in grades 11-12 as they develop English language proficiency, achieve academic success, and prepare for college and career pathways.",2027-04-05 14:30:00,2027-04-05 16:30:00,Downtown,Arts & Culture | Family & Kids | Learning & Careers,TAP | STEM | Reading & Writing | Language,upcoming,Free,Hartford Public Library,https://programs.hplct.org/events,https://hplct.libnet.info/event/17491249,Teens
hpl:17491078:2027-04-05 14:30:00,Next Steps for College for English Learners,"This program supports high school English Learners in grades 11-12 as they develop English language proficiency, achieve academic success, and prepare for college and career pathways.",2027-04-05 14:30:00,2027-04-05 16:30:00,Downtown,Arts & Culture | Family & Kids | Learning & Careers,STEM | Reading & Writing | Language,archived,Free,Hartford Public Library,https://programs.hplct.org/events,https://hplct.libnet.info/event/17491078,Teens
hpl:16809327:2027-04-06 09:30:00,ESL Classes,English as a second language classes. Registered students only. Please contact ESL@hplct.org for more information.,2027-04-06 09:30:00,2027-04-06 12:00:00,Downtown,Arts & Culture | Learning & Careers | Community & Volunteering,Reading & Writing | Language | Civic Engagement | Career,upcoming,Free,Hartford Public Library,https://programs.hplct.org/events,https://hplct.libnet.info/event/16809327,Adults
hpl:16809932:2027-04-06 09:30:00,ESL Classes,English as a second language classes for adults. Registered students only. Please contact ESL@hplct.org for more information.,2027-04-06 09:30:00,2027-04-06 12:00:00,Downtown,Arts & Culture | Learning & Careers | Community & Volunteering,Reading & Writing | Language | Civic Engagement | Career,upcoming,Free,Hartford Public Library,https://programs.hplct.org/events,https://hplct.libnet.info/event/16809932,Adults
hpl:16809642:2027-04-06 09:30:00,ESL Classes,English as a second language classes for adults. Registered students only. Please contact ESL@hplct.org for more information.,2027-04-06 09:30:00,2027-04-06 12:00:00,Downtown,Arts & Culture | Learning & Careers | Community & Volunteering,Reading & Writing | Language | Civic Engagement | Career,upcoming,Free,Hartford Public Library,https://programs.hplct.org/events,https://hplct.libnet.info/event/16809642,Adults
hpl:16809763:2027-04-06 09:30:00,ESL Classes,English as a second language classes for adults. Registered students only. Please contact ESL@hplct.org for more information.,2027-04-06 09:30:00,2027-04-06 12:00:00,Downtown,Arts & Culture | Learning & Careers | Community & Volunteering,Reading & Writing | Language | Civic Engagement | Career,upcoming,Free,Hartford Public Library,https://programs.hplct.org/events,https://hplct.libnet.info/event/16809763,Adults
hpl:17491711:2027-04-06 14:30:00,English Learners Success,"This program supports high school English Learners through engaging, project-based instruction that strengthens English language proficiency, academic success, and college and career readiness.",2027-04-06 14:30:00,2027-04-06 16:30:00,Downtown,Arts & Culture | Family & Kids | Learning & Careers,TAP | STEM | Reading & Writing | Language,upcoming,Free,Hartford Public Library,https://programs.hplct.org/events,https://hplct.libnet.info/event/17491711,Teens
hpl:17497652:2027-04-06 17:30:00,ESL Classes,Adult Education English as a Second Language,2027-04-06 17:30:00,2027-04-06 19:30:00,Downtown,Arts & Culture | Learning & Careers,TAP | Reading & Writing,upcoming,Free,Hartford Public Library,https://programs.hplct.org/events,https://hplct.libnet.info/event/17497652,Adults
hpl:16806827:2027-04-07 09:30:00,English for All,Guided online learning for English as a second language,2027-04-07 09:30:00,2027-04-07 12:00:00,Downtown,Arts & Culture | Learning & Careers,Reading & Writing | Language,upcoming,Free,Hartford Public Library,https://programs.hplct.org/events,https://hplct.libnet.info/event/16806827,Adults
hpl:17242194:2027-04-07 14:30:00,Next Steps for College for English Learners,"This program supports high school English Learners in grades 11-12 as they develop English language proficiency, achieve academic success, and prepare for college and career pathways.",2027-04-07 14:30:00,2027-04-07 17:00:00,Downtown,Arts & Culture | Family & Kids | Learning & Careers,STEM | Reading & Writing | Language,archived,Free,Hartford Public Library,https://programs.hplct.org/events,https://hplct.libnet.info/event/17242194,Teens
hpl:17491421:2027-04-07 14:30:00,Next Steps for College for English Learners,"This program supports high school English Learners in grades 11-12 as they develop English language proficiency, achieve academic success, and prepare for college and career pathways.",2027-04-07 14:30:00,2027-04-07 16:30:00,Downtown,Arts & Culture | Family & Kids | Learning & Careers,TAP | STEM | Reading & Writing | Language,upcoming,Free,Hartford Public Library,https://programs.hplct.org/events,https://hplct.libnet.info/event/17491421,Teens
hpl:16809285:2027-04-08 09:30:00,ESL Classes,English as a second language classes. Registered students only. Please contact ESL@hplct.org for more information.,2027-04-08 09:30:00,2027-04-08 12:00:00,Downtown,Arts & Culture | Learning & Careers | Community & Volunteering,Reading & Writing | Language | Civic Engagement | Career,upcoming,Free,Hartford Public Library,https://programs.hplct.org/events,https://hplct.libnet.info/event/16809285,Adults
hpl:16809880:2027-04-08 09:30:00,ESL Classes,English as a second language classes for adults. Registered students only. Please contact ESL@hplct.org for more information.,2027-04-08 09:30:00,2027-04-08 12:00:00,Downtown,Arts & Culture | Learning & Careers | Community & Volunteering,Reading & Writing | Language | Civic Engagement | Career,upcoming,Free,Hartford Public Library,https://programs.hplct.org/events,https://hplct.libnet.info/event/16809880,Adults
hpl:16809721:2027-04-08 09:30:00,ESL Classes,English as a second language classes for adults. Registered students only. Please contact ESL@hplct.org for more information.,2027-04-08 09:30:00,2027-04-08 12:00:00,Downtown,Arts & Culture | Learning & Careers | Community & Volunteering,Reading & Writing | Language | Civic Engagement | Career,upcoming,Free,Hartford Public Library,https://programs.hplct.org/events,https://hplct.libnet.info/event/16809721,Adults
hpl:16809643:2027-04-08 09:30:00,ESL Classes,English as a second language classes for adults. Registered students only. Please contact ESL@hplct.org for more information.,2027-04-08 09:30:00,2027-04-08 12:00:00,Downtown,Arts & Culture | Learning & Careers | Community & Volunteering,Reading & Writing | Language | Civic Engagement | Career,upcoming,Free,Hartford Public Library,https://programs.hplct.org/events,https://hplct.libnet.info/event/16809643,Adults
hpl:17491904:2027-04-08 14:30:00,English Learners Success,"This program supports high school English Learners through engaging, project-based instruction that strengthens English language proficiency, academic success, and college and career readiness.",2027-04-08 14:30:00,2027-04-08 16:30:00,Downtown,Arts & Culture | Family & Kids | Learning & Careers,TAP | STEM | Reading & Writing | Language,upcoming,Free,Hartford Public Library,https://programs.hplct.org/events,https://hplct.libnet.info/event/17491904,Teens
hpl:17497772:2027-04-08 17:30:00,ESL Classes,Adult Education English as a Second Language,2027-04-08 17:30:00,2027-04-08 19:30:00,Downtown,Arts & Culture | Learning & Careers,TAP | Reading & Writing,upcoming,Free,Hartford Public Library,https://programs.hplct.org/events,https://hplct.libnet.info/event/17497772,Adults
hpl:16810142:2027-04-10 09:30:00,ESL Classes,English as a second language classes for adults. Registered students only. Please contact ESL@hplct.org for more information.,2027-04-10 09:30:00,2027-04-10 12:30:00,Downtown,Arts & Culture | Learning & Careers | Community & Volunteering,Reading & Writing | Language | Civic Engagement | Career,upcoming,Free,Hartford Public Library,https://programs.hplct.org/events,https://hplct.libnet.info/event/16810142,Adults
hpl:16811432:2027-04-10 09:30:00,ESL Classes,English as a second language classes for adults. Registered students only. Please contact ESL@hplct.org for more information.,2027-04-10 09:30:00,2027-04-10 12:30:00,Downtown,Arts & Culture | Learning & Careers | Community & Volunteering,Reading & Writing | Language | Civic Engagement | Career,upcoming,Free,Hartford Public Library,https://programs.hplct.org/events,https://hplct.libnet.info/event/16811432,Adults
hpl:16810795:2027-04-10 09:30:00,ESL Classes,English as a second language classes for adults. Registered students only. Please contact ESL@hplct.org for more information.,2027-04-10 09:30:00,2027-04-10 12:30:00,Downtown,Arts & Culture | Learning & Careers | Community & Volunteering,Reading & Writing | Language | Civic Engagement | Career,upcoming,Free,Hartford Public Library,https://programs.hplct.org/events,https://hplct.libnet.info/event/16810795,Adults
hpl:16810078:2027-04-10 09:30:00,ESL Classes,English as a second language classes for adults. Registered students only. Please contact ESL@hplct.org for more information.,2027-04-10 09:30:00,2027-04-10 12:30:00,Downtown,Arts & Culture | Learning & Careers | Community & Volunteering,Reading & Writing | Language | Civic Engagement | Career,upcoming,Free,Hartford Public Library,https://programs.hplct.org/events,https://hplct.libnet.info/event/16810078,Adults
hpl:16841100:2027-04-12 11:00:00,Everyday Tech Help,"Need help with your phone, tablet, computer, or online services?",2027-04-12 11:00:00,2027-04-12 12:00:00,Barbour Library,Learning & Careers | Community & Volunteering,Technology | STEM | Media | Community,upcoming,Free,Hartford Public Library,https://programs.hplct.org/events,https://hplct.libnet.info/event/16841100,Adults
hpl:17491079:2027-04-12 14:30:00,Next Steps for College for English Learners,"This program supports high school English Learners in grades 11-12 as they develop English language proficiency, achieve academic success, and prepare for college and career pathways.",2027-04-12 14:30:00,2027-04-12 16:30:00,Downtown,Arts & Culture | Family & Kids | Learning & Careers,STEM | Reading & Writing | Language,archived,Free,Hartford Public Library,https://programs.hplct.org/events,https://hplct.libnet.info/event/17491079,Teens
hpl:16809764:2027-04-13 09:30:00,ESL Classes,English as a second language classes for adults. Registered students only. Please contact ESL@hplct.org for more information.,2027-04-13 09:30:00,2027-04-13 12:00:00,Downtown,Arts & Culture | Learning & Careers | Community & Volunteering,Reading & Writing | Language | Civic Engagement | Career,upcoming,Free,Hartford Public Library,https://programs.hplct.org/events,https://hplct.libnet.info/event/16809764,Adults
hpl:16809933:2027-04-13 09:30:00,ESL Classes,English as a second language classes for adults. Registered students only. Please contact ESL@hplct.org for more information.,2027-04-13 09:30:00,2027-04-13 12:00:00,Downtown,Arts & Culture | Learning & Careers | Community & Volunteering,Reading & Writing | Language | Civic Engagement | Career,upcoming,Free,Hartford Public Library,https://programs.hplct.org/events,https://hplct.libnet.info/event/16809933,Adults
hpl:16809644:2027-04-13 09:30:00,ESL Classes,English as a second language classes for adults. Registered students only. Please contact ESL@hplct.org for more information.,2027-04-13 09:30:00,2027-04-13 12:00:00,Downtown,Arts & Culture | Learning & Careers | Community & Volunteering,Reading & Writing | Language | Civic Engagement | Career,upcoming,Free,Hartford Public Library,https://programs.hplct.org/events,https://hplct.libnet.info/event/16809644,Adults
hpl:16809328:2027-04-13 09:30:00,ESL Classes,English as a second language classes. Registered students only. Please contact ESL@hplct.org for more information.,2027-04-13 09:30:00,2027-04-13 12:00:00,Downtown,Arts & Culture | Learning & Careers | Community & Volunteering,Reading & Writing | Language | Civic Engagement | Career,upcoming,Free,Hartford Public Library,https://programs.hplct.org/events,https://hplct.libnet.info/event/16809328,Adults
hpl:17491712:2027-04-13 14:30:00,English Learners Success,"This program supports high school English Learners through engaging, project-based instruction that strengthens English language proficiency, academic success, and college and career readiness.",2027-04-13 14:30:00,2027-04-13 16:30:00,Downtown,Arts & Culture | Family & Kids | Learning & Careers,TAP | STEM | Reading & Writing | Language,upcoming,Free,Hartford Public Library,https://programs.hplct.org/events,https://hplct.libnet.info/event/17491712,Teens
hpl:17497653:2027-04-13 17:30:00,ESL Classes,Adult Education English as a Second Language,2027-04-13 17:30:00,2027-04-13 19:30:00,Downtown,Arts & Culture | Learning & Careers,TAP | Reading & Writing,upcoming,Free,Hartford Public Library,https://programs.hplct.org/events,https://hplct.libnet.info/event/17497653,Adults
hpl:16806828:2027-04-14 09:30:00,English for All,Guided online learning for English as a second language,2027-04-14 09:30:00,2027-04-14 12:00:00,Downtown,Arts & Culture | Learning & Careers,Reading & Writing | Language,upcoming,Free,Hartford Public Library,https://programs.hplct.org/events,https://hplct.libnet.info/event/16806828,Adults
hpl:17242195:2027-04-14 14:30:00,Next Steps for College for English Learners,"This program supports high school English Learners in grades 11-12 as they develop English language proficiency, achieve academic success, and prepare for college and career pathways.",2027-04-14 14:30:00,2027-04-14 17:00:00,Downtown,Arts & Culture | Family & Kids | Learning & Careers,STEM | Reading & Writing | Language,archived,Free,Hartford Public Library,https://programs.hplct.org/events,https://hplct.libnet.info/event/17242195,Teens
hpl:17491422:2027-04-14 14:30:00,Next Steps for College for English Learners,"This program supports high school English Learners in grades 11-12 as they develop English language proficiency, achieve academic success, and prepare for college and career pathways.",2027-04-14 14:30:00,2027-04-14 16:30:00,Downtown,Arts & Culture | Family & Kids | Learning & Careers,TAP | STEM | Reading & Writing | Language,upcoming,Free,Hartford Public Library,https://programs.hplct.org/events,https://hplct.libnet.info/event/17491422,Teens
hpl:16809645:2027-04-15 09:30:00,ESL Classes,English as a second language classes for adults. Registered students only. Please contact ESL@hplct.org for more information.,2027-04-15 09:30:00,2027-04-15 12:00:00,Downtown,Arts & Culture | Learning & Careers | Community & Volunteering,Reading & Writing | Language | Civic Engagement | Career,upcoming,Free,Hartford Public Library,https://programs.hplct.org/events,https://hplct.libnet.info/event/16809645,Adults
hpl:16809881:2027-04-15 09:30:00,ESL Classes,English as a second language classes for adults. Registered students only. Please contact ESL@hplct.org for more information.,2027-04-15 09:30:00,2027-04-15 12:00:00,Downtown,Arts & Culture | Learning & Careers | Community & Volunteering,Reading & Writing | Language | Civic Engagement | Career,upcoming,Free,Hartford Public Library,https://programs.hplct.org/events,https://hplct.libnet.info/event/16809881,Adults
hpl:16809286:2027-04-15 09:30:00,ESL Classes,English as a second language classes. Registered students only. Please contact ESL@hplct.org for more information.,2027-04-15 09:30:00,2027-04-15 12:00:00,Downtown,Arts & Culture | Learning & Careers | Community & Volunteering,Reading & Writing | Language | Civic Engagement | Career,upcoming,Free,Hartford Public Library,https://programs.hplct.org/events,https://hplct.libnet.info/event/16809286,Adults
hpl:16809722:2027-04-15 09:30:00,ESL Classes,English as a second language classes for adults. Registered students only. Please contact ESL@hplct.org for more information.,2027-04-15 09:30:00,2027-04-15 12:00:00,Downtown,Arts & Culture | Learning & Careers | Community & Volunteering,Reading & Writing | Language | Civic Engagement | Career,upcoming,Free,Hartford Public Library,https://programs.hplct.org/events,https://hplct.libnet.info/event/16809722,Adults
hpl:17491905:2027-04-15 14:30:00,English Learners Success,"This program supports high school English Learners through engaging, project-based instruction that strengthens English language proficiency, academic success, and college and career readiness.",2027-04-15 14:30:00,2027-04-15 16:30:00,Downtown,Arts & Culture | Family & Kids | Learning & Careers,TAP | STEM | Reading & Writing | Language,upcoming,Free,Hartford Public Library,https://programs.hplct.org/events,https://hplct.libnet.info/event/17491905,Teens
hpl:17497773:2027-04-15 17:30:00,ESL Classes,Adult Education English as a Second Language,2027-04-15 17:30:00,2027-04-15 19:30:00,Downtown,Arts & Culture | Learning & Careers,TAP | Reading & Writing,upcoming,Free,Hartford Public Library,https://programs.hplct.org/events,https://hplct.libnet.info/event/17497773,Adults
hpl:16811433:2027-04-17 09:30:00,ESL Classes,English as a second language classes for adults. Registered students only. Please contact ESL@hplct.org for more information.,2027-04-17 09:30:00,2027-04-17 12:30:00,Downtown,Arts & Culture | Learning & Careers | Community & Volunteering,Reading & Writing | Language | Civic Engagement | Career,upcoming,Free,Hartford Public Library,https://programs.hplct.org/events,https://hplct.libnet.info/event/16811433,Adults
hpl:16810079:2027-04-17 09:30:00,ESL Classes,English as a second language classes for adults. Registered students only. Please contact ESL@hplct.org for more information.,2027-04-17 09:30:00,2027-04-17 12:30:00,Downtown,Arts & Culture | Learning & Careers | Community & Volunteering,Reading & Writing | Language | Civic Engagement | Career,upcoming,Free,Hartford Public Library,https://programs.hplct.org/events,https://hplct.libnet.info/event/16810079,Adults
hpl:16810143:2027-04-17 09:30:00,ESL Classes,English as a second language classes for adults. Registered students only. Please contact ESL@hplct.org for more information.,2027-04-17 09:30:00,2027-04-17 12:30:00,Downtown,Arts & Culture | Learning & Careers | Community & Volunteering,Reading & Writing | Language | Civic Engagement | Career,upcoming,Free,Hartford Public Library,https://programs.hplct.org/events,https://hplct.libnet.info/event/16810143,Adults
hpl:16810796:2027-04-17 09:30:00,ESL Classes,English as a second language classes for adults. Registered students only. Please contact ESL@hplct.org for more information.,2027-04-17 09:30:00,2027-04-17 12:30:00,Downtown,Arts & Culture | Learning & Careers | Community & Volunteering,Reading & Writing | Language | Civic Engagement | Career,upcoming,Free,Hartford Public Library,https://programs.hplct.org/events,https://hplct.libnet.info/event/16810796,Adults
hpl:16841101:2027-04-19 11:00:00,Everyday Tech Help,"Need help with your phone, tablet, computer, or online services?",2027-04-19 11:00:00,2027-04-19 12:00:00,Barbour Library,Learning & Careers | Community & Volunteering,Technology | STEM | Media | Community,upcoming,Free,Hartford Public Library,https://programs.hplct.org/events,https://hplct.libnet.info/event/16841101,Adults
hpl:17491080:2027-04-19 14:30:00,Next Steps for College for English Learners,"This program supports high school English Learners in grades 11-12 as they develop English language proficiency, achieve academic success, and prepare for college and career pathways.",2027-04-19 14:30:00,2027-04-19 16:30:00,Downtown,Arts & Culture | Family & Kids | Learning & Careers,STEM | Reading & Writing | Language,archived,Free,Hartford Public Library,https://programs.hplct.org/events,https://hplct.libnet.info/event/17491080,Teens
hpl:17491250:2027-04-19 14:30:00,Next Steps for College for English Learners,"This program supports high school English Learners in grades 11-12 as they develop English language proficiency, achieve academic success, and prepare for college and career pathways.",2027-04-19 14:30:00,2027-04-19 16:30:00,Downtown,Arts & Culture | Family & Kids | Learning & Careers,TAP | STEM | Reading & Writing | Language,upcoming,Free,Hartford Public Library,https://programs.hplct.org/events,https://hplct.libnet.info/event/17491250,Teens
hpl:16809646:2027-04-20 09:30:00,ESL Classes,English as a second language classes for adults. Registered students only. Please contact ESL@hplct.org for more information.,2027-04-20 09:30:00,2027-04-20 12:00:00,Downtown,Arts & Culture | Learning & Careers | Community & Volunteering,Reading & Writing | Language | Civic Engagement | Career,upcoming,Free,Hartford Public Library,https://programs.hplct.org/events,https://hplct.libnet.info/event/16809646,Adults
hpl:16809934:2027-04-20 09:30:00,ESL Classes,English as a second language classes for adults. Registered students only. Please contact ESL@hplct.org for more information.,2027-04-20 09:30:00,2027-04-20 12:00:00,Downtown,Arts & Culture | Learning & Careers | Community & Volunteering,Reading & Writing | Language | Civic Engagement | Career,upcoming,Free,Hartford Public Library,https://programs.hplct.org/events,https://hplct.libnet.info/event/16809934,Adults
hpl:16809765:2027-04-20 09:30:00,ESL Classes,English as a second language classes for adults. Registered students only. Please contact ESL@hplct.org for more information.,2027-04-20 09:30:00,2027-04-20 12:00:00,Downtown,Arts & Culture | Learning & Careers | Community & Volunteering,Reading & Writing | Language | Civic Engagement | Career,upcoming,Free,Hartford Public Library,https://programs.hplct.org/events,https://hplct.libnet.info/event/16809765,Adults
hpl:16809329:2027-04-20 09:30:00,ESL Classes,English as a second language classes. Registered students only. Please contact ESL@hplct.org for more information.,2027-04-20 09:30:00,2027-04-20 12:00:00,Downtown,Arts & Culture | Learning & Careers | Community & Volunteering,Reading & Writing | Language | Civic Engagement | Career,upcoming,Free,Hartford Public Library,https://programs.hplct.org/events,https://hplct.libnet.info/event/16809329,Adults
hpl:17491713:2027-04-20 14:30:00,English Learners Success,"This program supports high school English Learners through engaging, project-based instruction that strengthens English language proficiency, academic success, and college and career readiness.",2027-04-20 14:30:00,2027-04-20 16:30:00,Downtown,Arts & Culture | Family & Kids | Learning & Careers,TAP | STEM | Reading & Writing | Language,upcoming,Free,Hartford Public Library,https://programs.hplct.org/events,https://hplct.libnet.info/event/17491713,Teens
hpl:17497654:2027-04-20 17:30:00,ESL Classes,Adult Education English as a Second Language,2027-04-20 17:30:00,2027-04-20 19:30:00,Downtown,Arts & Culture | Learning & Careers,TAP | Reading & Writing,upcoming,Free,Hartford Public Library,https://programs.hplct.org/events,https://hplct.libnet.info/event/17497654,Adults
hpl:16806829:2027-04-21 09:30:00,English for All,Guided online learning for English as a second language,2027-04-21 09:30:00,2027-04-21 12:00:00,Downtown,Arts & Culture | Learning & Careers,Reading & Writing | Language,upcoming,Free,Hartford Public Library,https://programs.hplct.org/events,https://hplct.libnet.info/event/16806829,Adults
hpl:17242196:2027-04-21 14:30:00,Next Steps for College for English Learners,"This program supports high school English Learners in grades 11-12 as they develop English language proficiency, achieve academic success, and prepare for college and career pathways.",2027-04-21 14:30:00,2027-04-21 17:00:00,Downtown,Arts & Culture | Family & Kids | Learning & Careers,STEM | Reading & Writing | Language,archived,Free,Hartford Public Library,https://programs.hplct.org/events,https://hplct.libnet.info/event/17242196,Teens
hpl:17491423:2027-04-21 14:30:00,Next Steps for College for English Learners,"This program supports high school English Learners in grades 11-12 as they develop English language proficiency, achieve academic success, and prepare for college and career pathways.",2027-04-21 14:30:00,2027-04-21 16:30:00,Downtown,Arts & Culture | Family & Kids | Learning & Careers,TAP | STEM | Reading & Writing | Language,upcoming,Free,Hartford Public Library,https://programs.hplct.org/events,https://hplct.libnet.info/event/17491423,Teens
hpl:16809882:2027-04-22 09:30:00,ESL Classes,English as a second language classes for adults. Registered students only. Please contact ESL@hplct.org for more information.,2027-04-22 09:30:00,2027-04-22 12:00:00,Downtown,Arts & Culture | Learning & Careers | Community & Volunteering,Reading & Writing | Language | Civic Engagement | Career,upcoming,Free,Hartford Public Library,https://programs.hplct.org/events,https://hplct.libnet.info/event/16809882,Adults
hpl:16809287:2027-04-22 09:30:00,ESL Classes,English as a second language classes. Registered students only. Please contact ESL@hplct.org for more information.,2027-04-22 09:30:00,2027-04-22 12:00:00,Downtown,Arts & Culture | Learning & Careers | Community & Volunteering,Reading & Writing | Language | Civic Engagement | Career,upcoming,Free,Hartford Public Library,https://programs.hplct.org/events,https://hplct.libnet.info/event/16809287,Adults
hpl:16809647:2027-04-22 09:30:00,ESL Classes,English as a second language classes for adults. Registered students only. Please contact ESL@hplct.org for more information.,2027-04-22 09:30:00,2027-04-22 12:00:00,Downtown,Arts & Culture | Learning & Careers | Community & Volunteering,Reading & Writing | Language | Civic Engagement | Career,upcoming,Free,Hartford Public Library,https://programs.hplct.org/events,https://hplct.libnet.info/event/16809647,Adults
hpl:16809723:2027-04-22 09:30:00,ESL Classes,English as a second language classes for adults. Registered students only. Please contact ESL@hplct.org for more information.,2027-04-22 09:30:00,2027-04-22 12:00:00,Downtown,Arts & Culture | Learning & Careers | Community & Volunteering,Reading & Writing | Language | Civic Engagement | Career,upcoming,Free,Hartford Public Library,https://programs.hplct.org/events,https://hplct.libnet.info/event/16809723,Adults
hpl:17491906:2027-04-22 14:30:00,English Learners Success,"This program supports high school English Learners through engaging, project-based instruction that strengthens English language proficiency, academic success, and college and career readiness.",2027-04-22 14:30:00,2027-04-22 16:30:00,Downtown,Arts & Culture | Family & Kids | Learning & Careers,TAP | STEM | Reading & Writing | Language,upcoming,Free,Hartford Public Library,https://programs.hplct.org/events,https://hplct.libnet.info/event/17491906,Teens
hpl:17497774:2027-04-22 17:30:00,ESL Classes,Adult Education English as a Second Language,2027-04-22 17:30:00,2027-04-22 19:30:00,Downtown,Arts & Culture | Learning & Careers,TAP | Reading & Writing,upcoming,Free,Hartford Public Library,https://programs.hplct.org/events,https://hplct.libnet.info/event/17497774,Adults
hpl:16811434:2027-04-24 09:30:00,ESL Classes,English as a second language classes for adults. Registered students only. Please contact ESL@hplct.org for more information.,2027-04-24 09:30:00,2027-04-24 12:30:00,Downtown,Arts & Culture | Learning & Careers | Community & Volunteering,Reading & Writing | Language | Civic Engagement | Career,upcoming,Free,Hartford Public Library,https://programs.hplct.org/events,https://hplct.libnet.info/event/16811434,Adults
hpl:16810144:2027-04-24 09:30:00,ESL Classes,English as a second language classes for adults. Registered students only. Please contact ESL@hplct.org for more information.,2027-04-24 09:30:00,2027-04-24 12:30:00,Downtown,Arts & Culture | Learning & Careers | Community & Volunteering,Reading & Writing | Language | Civic Engagement | Career,upcoming,Free,Hartford Public Library,https://programs.hplct.org/events,https://hplct.libnet.info/event/16810144,Adults
hpl:16810080:2027-04-24 09:30:00,ESL Classes,English as a second language classes for adults. Registered students only. Please contact ESL@hplct.org for more information.,2027-04-24 09:30:00,2027-04-24 12:30:00,Downtown,Arts & Culture | Learning & Careers | Community & Volunteering,Reading & Writing | Language | Civic Engagement | Career,upcoming,Free,Hartford Public Library,https://programs.hplct.org/events,https://hplct.libnet.info/event/16810080,Adults
hpl:16810797:2027-04-24 09:30:00,ESL Classes,English as a second language classes for adults. Registered students only. Please contact ESL@hplct.org for more information.,2027-04-24 09:30:00,2027-04-24 12:30:00,Downtown,Arts & Culture | Learning & Careers | Community & Volunteering,Reading & Writing | Language | Civic Engagement | Career,upcoming,Free,Hartford Public Library,https://programs.hplct.org/events,https://hplct.libnet.info/event/16810797,Adults
hpl:16841102:2027-04-26 11:00:00,Everyday Tech Help,"Need help with your phone, tablet, computer, or online services?",2027-04-26 11:00:00,2027-04-26 12:00:00,Barbour Library,Learning & Careers | Community & Volunteering,Technology | STEM | Media | Community,upcoming,Free,Hartford Public Library,https://programs.hplct.org/events,https://hplct.libnet.info/event/16841102,Adults
hpl:17491081:2027-04-26 14:30:00,Next Steps for College for English Learners,"This program supports high school English Learners in grades 11-12 as they develop English language proficiency, achieve academic success, and prepare for college and career pathways.",2027-04-26 14:30:00,2027-04-26 16:30:00,Downtown,Arts & Culture | Family & Kids | Learning & Careers,STEM | Reading & Writing | Language,archived,Free,Hartford Public Library,https://programs.hplct.org/events,https://hplct.libnet.info/event/17491081,Teens
hpl:17491251:2027-04-26 14:30:00,Next Steps for College for English Learners,"This program supports high school English Learners in grades 11-12 as they develop English language proficiency, achieve academic success, and prepare for college and career pathways.",2027-04-26 14:30:00,2027-04-26 16:30:00,Downtown,Arts & Culture | Family & Kids | Learning & Careers,TAP | STEM | Reading & Writing | Language,upcoming,Free,Hartford Public Library,https://programs.hplct.org/events,https://hplct.libnet.info/event/17491251,Teens
hpl:16809648:2027-04-27 09:30:00,ESL Classes,English as a second language classes for adults. Registered students only. Please contact ESL@hplct.org for more information.,2027-04-27 09:30:00,2027-04-27 12:00:00,Downtown,Arts & Culture | Learning & Careers | Community & Volunteering,Reading & Writing | Language | Civic Engagement | Career,upcoming,Free,Hartford Public Library,https://programs.hplct.org/events,https://hplct.libnet.info/event/16809648,Adults
hpl:16809935:2027-04-27 09:30:00,ESL Classes,English as a second language classes for adults. Registered students only. Please contact ESL@hplct.org for more information.,2027-04-27 09:30:00,2027-04-27 12:00:00,Downtown,Arts & Culture | Learning & Careers | Community & Volunteering,Reading & Writing | Language | Civic Engagement | Career,upcoming,Free,Hartford Public Library,https://programs.hplct.org/events,https://hplct.libnet.info/event/16809935,Adults
hpl:16809330:2027-04-27 09:30:00,ESL Classes,English as a second language classes. Registered students only. Please contact ESL@hplct.org for more information.,2027-04-27 09:30:00,2027-04-27 12:00:00,Downtown,Arts & Culture | Learning & Careers | Community & Volunteering,Reading & Writing | Language | Civic Engagement | Career,upcoming,Free,Hartford Public Library,https://programs.hplct.org/events,https://hplct.libnet.info/event/16809330,Adults
hpl:16809766:2027-04-27 09:30:00,ESL Classes,English as a second language classes for adults. Registered students only. Please contact ESL@hplct.org for more information.,2027-04-27 09:30:00,2027-04-27 12:00:00,Downtown,Arts & Culture | Learning & Careers | Community & Volunteering,Reading & Writing | Language | Civic Engagement | Career,upcoming,Free,Hartford Public Library,https://programs.hplct.org/events,https://hplct.libnet.info/event/16809766,Adults
hpl:17491714:2027-04-27 14:30:00,English Learners Success,"This program supports high school English Learners through engaging, project-based instruction that strengthens English language proficiency, academic success, and college and career readiness.",2027-04-27 14:30:00,2027-04-27 16:30:00,Downtown,Arts & Culture | Family & Kids | Learning & Careers,TAP | STEM | Reading & Writing | Language,upcoming,Free,Hartford Public Library,https://programs.hplct.org/events,https://hplct.libnet.info/event/17491714,Teens
hpl:17497655:2027-04-27 17:30:00,ESL Classes,Adult Education English as a Second Language,2027-04-27 17:30:00,2027-04-27 19:30:00,Downtown,Arts & Culture | Learning & Careers,TAP | Reading & Writing,upcoming,Free,Hartford Public Library,https://programs.hplct.org/events,https://hplct.libnet.info/event/17497655,Adults
hpl:16806830:2027-04-28 09:30:00,English for All,Guided online learning for English as a second language,2027-04-28 09:30:00,2027-04-28 12:00:00,Downtown,Arts & Culture | Learning & Careers,Reading & Writing | Language,upcoming,Free,Hartford Public Library,https://programs.hplct.org/events,https://hplct.libnet.info/event/16806830,Adults
hpl:16809883:2027-04-29 09:30:00,ESL Classes,English as a second language classes for adults. Registered students only. Please contact ESL@hplct.org for more information.,2027-04-29 09:30:00,2027-04-29 12:00:00,Downtown,Arts & Culture | Learning & Careers | Community & Volunteering,Reading & Writing | Language | Civic Engagement | Career,upcoming,Free,Hartford Public Library,https://programs.hplct.org/events,https://hplct.libnet.info/event/16809883,Adults
hpl:16809649:2027-04-29 09:30:00,ESL Classes,English as a second language classes for adults. Registered students only. Please contact ESL@hplct.org for more information.,2027-04-29 09:30:00,2027-04-29 12:00:00,Downtown,Arts & Culture | Learning & Careers | Community & Volunteering,Reading & Writing | Language | Civic Engagement | Career,upcoming,Free,Hartford Public Library,https://programs.hplct.org/events,https://hplct.libnet.info/event/16809649,Adults
hpl:16809288:2027-04-29 09:30:00,ESL Classes,English as a second language classes. Registered students only. Please contact ESL@hplct.org for more information.,2027-04-29 09:30:00,2027-04-29 12:00:00,Downtown,Arts & Culture | Learning & Careers | Community & Volunteering,Reading & Writing | Language | Civic Engagement | Career,upcoming,Free,Hartford Public Library,https://programs.hplct.org/events,https://hplct.libnet.info/event/16809288,Adults
hpl:16809724:2027-04-29 09:30:00,ESL Classes,English as a second language classes for adults. Registered students only. Please contact ESL@hplct.org for more information.,2027-04-29 09:30:00,2027-04-29 12:00:00,Downtown,Arts & Culture | Learning & Careers | Community & Volunteering,Reading & Writing | Language | Civic Engagement | Career,upcoming,Free,Hartford Public Library,https://programs.hplct.org/events,https://hplct.libnet.info/event/16809724,Adults
hpl:17491907:2027-04-29 14:30:00,English Learners Success,"This program supports high school English Learners through engaging, project-based instruction that strengthens English language proficiency, academic success, and college and career readiness.",2027-04-29 14:30:00,2027-04-29 16:30:00,Downtown,Arts & Culture | Family & Kids | Learning & Careers,TAP | STEM | Reading & Writing | Language,upcoming,Free,Hartford Public Library,https://programs.hplct.org/events,https://hplct.libnet.info/event/17491907,Teens
hpl:17497776:2027-04-29 17:30:00,ESL Classes,Adult Education English as a Second Language,2027-04-29 17:30:00,2027-04-29 19:30:00,Downtown,Arts & Culture | Learning & Careers,TAP | Reading & Writing,upcoming,Free,Hartford Public Library,https://programs.hplct.org/events,https://hplct.libnet.info/event/17497776,Adults
hpl:16810145:2027-05-01 09:30:00,ESL Classes,English as a second language classes for adults. Registered students only. Please contact ESL@hplct.org for more information.,2027-05-01 09:30:00,2027-05-01 12:30:00,Downtown,Arts & Culture | Learning & Careers | Community & Volunteering,Reading & Writing | Language | Civic Engagement | Career,upcoming,Free,Hartford Public Library,https://programs.hplct.org/events,https://hplct.libnet.info/event/16810145,Adults
hpl:16810081:2027-05-01 09:30:00,ESL Classes,English as a second language classes for adults. Registered students only. Please contact ESL@hplct.org for more information.,2027-05-01 09:30:00,2027-05-01 12:30:00,Downtown,Arts & Culture | Learning & Careers | Community & Volunteering,Reading & Writing | Language | Civic Engagement | Career,upcoming,Free,Hartford Public Library,https://programs.hplct.org/events,https://hplct.libnet.info/event/16810081,Adults
hpl:16810798:2027-05-01 09:30:00,ESL Classes,English as a second language classes for adults. Registered students only. Please contact ESL@hplct.org for more information.,2027-05-01 09:30:00,2027-05-01 12:30:00,Downtown,Arts & Culture | Learning & Careers | Community & Volunteering,Reading & Writing | Language | Civic Engagement | Career,upcoming,Free,Hartford Public Library,https://programs.hplct.org/events,https://hplct.libnet.info/event/16810798,Adults
hpl:16811435:2027-05-01 09:30:00,ESL Classes,English as a second language classes for adults. Registered students only. Please contact ESL@hplct.org for more information.,2027-05-01 09:30:00,2027-05-01 12:30:00,Downtown,Arts & Culture | Learning & Careers | Community & Volunteering,Reading & Writing | Language | Civic Engagement | Career,upcoming,Free,Hartford Public Library,https://programs.hplct.org/events,https://hplct.libnet.info/event/16811435,Adults
hpl:16841103:2027-05-03 11:00:00,Everyday Tech Help,"Need help with your phone, tablet, computer, or online services?",2027-05-03 11:00:00,2027-05-03 12:00:00,Barbour Library,Learning & Careers | Community & Volunteering,Technology | STEM | Media | Community,upcoming,Free,Hartford Public Library,https://programs.hplct.org/events,https://hplct.libnet.info/event/16841103,Adults
hpl:17491252:2027-05-03 14:30:00,Next Steps for College for English Learners,"This program supports high school English Learners in grades 11-12 as they develop English language proficiency, achieve academic success, and prepare for college and career pathways.",2027-05-03 14:30:00,2027-05-03 16:30:00,Downtown,Arts & Culture | Family & Kids | Learning & Careers,TAP | STEM | Reading & Writing | Language,upcoming,Free,Hartford Public Library,https://programs.hplct.org/events,https://hplct.libnet.info/event/17491252,Teens
hpl:17491082:2027-05-03 14:30:00,Next Steps for College for English Learners,"This program supports high school English Learners in grades 11-12 as they develop English language proficiency, achieve academic success, and prepare for college and career pathways.",2027-05-03 14:30:00,2027-05-03 16:30:00,Downtown,Arts & Culture | Family & Kids | Learning & Careers,STEM | Reading & Writing | Language,archived,Free,Hartford Public Library,https://programs.hplct.org/events,https://hplct.libnet.info/event/17491082,Teens
hpl:16809331:2027-05-04 09:30:00,ESL Classes,English as a second language classes. Registered students only. Please contact ESL@hplct.org for more information.,2027-05-04 09:30:00,2027-05-04 12:00:00,Downtown,Arts & Culture | Learning & Careers | Community & Volunteering,Reading & Writing | Language | Civic Engagement | Career,upcoming,Free,Hartford Public Library,https://programs.hplct.org/events,https://hplct.libnet.info/event/16809331,Adults
hpl:16809936:2027-05-04 09:30:00,ESL Classes,English as a second language classes for adults. Registered students only. Please contact ESL@hplct.org for more information.,2027-05-04 09:30:00,2027-05-04 12:00:00,Downtown,Arts & Culture | Learning & Careers | Community & Volunteering,Reading & Writing | Language | Civic Engagement | Career,upcoming,Free,Hartford Public Library,https://programs.hplct.org/events,https://hplct.libnet.info/event/16809936,Adults
hpl:16809650:2027-05-04 09:30:00,ESL Classes,English as a second language classes for adults. Registered students only. Please contact ESL@hplct.org for more information.,2027-05-04 09:30:00,2027-05-04 12:00:00,Downtown,Arts & Culture | Learning & Careers | Community & Volunteering,Reading & Writing | Language | Civic Engagement | Career,upcoming,Free,Hartford Public Library,https://programs.hplct.org/events,https://hplct.libnet.info/event/16809650,Adults
hpl:16809767:2027-05-04 09:30:00,ESL Classes,English as a second language classes for adults. Registered students only. Please contact ESL@hplct.org for more information.,2027-05-04 09:30:00,2027-05-04 12:00:00,Downtown,Arts & Culture | Learning & Careers | Community & Volunteering,Reading & Writing | Language | Civic Engagement | Career,upcoming,Free,Hartford Public Library,https://programs.hplct.org/events,https://hplct.libnet.info/event/16809767,Adults
hpl:17491715:2027-05-04 14:30:00,English Learners Success,"This program supports high school English Learners through engaging, project-based instruction that strengthens English language proficiency, academic success, and college and career readiness.",2027-05-04 14:30:00,2027-05-04 16:30:00,Downtown,Arts & Culture | Family & Kids | Learning & Careers,TAP | STEM | Reading & Writing | Language,upcoming,Free,Hartford Public Library,https://programs.hplct.org/events,https://hplct.libnet.info/event/17491715,Teens
hpl:17497656:2027-05-04 17:30:00,ESL Classes,Adult Education English as a Second Language,2027-05-04 17:30:00,2027-05-04 19:30:00,Downtown,Arts & Culture | Learning & Careers,TAP | Reading & Writing,upcoming,Free,Hartford Public Library,https://programs.hplct.org/events,https://hplct.libnet.info/event/17497656,Adults
hpl:16806831:2027-05-05 09:30:00,English for All,Guided online learning for English as a second language,2027-05-05 09:30:00,2027-05-05 12:00:00,Downtown,Arts & Culture | Learning & Careers,Reading & Writing | Language,upcoming,Free,Hartford Public Library,https://programs.hplct.org/events,https://hplct.libnet.info/event/16806831,Adults
hpl:17491424:2027-05-05 14:30:00,Next Steps for College for English Learners,"This program supports high school English Learners in grades 11-12 as they develop English language proficiency, achieve academic success, and prepare for college and career pathways.",2027-05-05 14:30:00,2027-05-05 16:30:00,Downtown,Arts & Culture | Family & Kids | Learning & Careers,TAP | STEM | Reading & Writing | Language,upcoming,Free,Hartford Public Library,https://programs.hplct.org/events,https://hplct.libnet.info/event/17491424,Teens
hpl:17242197:2027-05-05 14:30:00,Next Steps for College for English Learners,"This program supports high school English Learners in grades 11-12 as they develop English language proficiency, achieve academic success, and prepare for college and career pathways.",2027-05-05 14:30:00,2027-05-05 17:00:00,Downtown,Arts & Culture | Family & Kids | Learning & Careers,STEM | Reading & Writing | Language,archived,Free,Hartford Public Library,https://programs.hplct.org/events,https://hplct.libnet.info/event/17242197,Teens
hpl:16809725:2027-05-06 09:30:00,ESL Classes,English as a second language classes for adults. Registered students only. Please contact ESL@hplct.org for more information.,2027-05-06 09:30:00,2027-05-06 12:00:00,Downtown,Arts & Culture | Learning & Careers | Community & Volunteering,Reading & Writing | Language | Civic Engagement | Career,upcoming,Free,Hartford Public Library,https://programs.hplct.org/events,https://hplct.libnet.info/event/16809725,Adults
hpl:16809884:2027-05-06 09:30:00,ESL Classes,English as a second language classes for adults. Registered students only. Please contact ESL@hplct.org for more information.,2027-05-06 09:30:00,2027-05-06 12:00:00,Downtown,Arts & Culture | Learning & Careers | Community & Volunteering,Reading & Writing | Language | Civic Engagement | Career,upcoming,Free,Hartford Public Library,https://programs.hplct.org/events,https://hplct.libnet.info/event/16809884,Adults
hpl:16809651:2027-05-06 09:30:00,ESL Classes,English as a second language classes for adults. Registered students only. Please contact ESL@hplct.org for more information.,2027-05-06 09:30:00,2027-05-06 12:00:00,Downtown,Arts & Culture | Learning & Careers | Community & Volunteering,Reading & Writing | Language | Civic Engagement | Career,upcoming,Free,Hartford Public Library,https://programs.hplct.org/events,https://hplct.libnet.info/event/16809651,Adults
hpl:16809289:2027-05-06 09:30:00,ESL Classes,English as a second language classes. Registered students only. Please contact ESL@hplct.org for more information.,2027-05-06 09:30:00,2027-05-06 12:00:00,Downtown,Arts & Culture | Learning & Careers | Community & Volunteering,Reading & Writing | Language | Civic Engagement | Career,upcoming,Free,Hartford Public Library,https://programs.hplct.org/events,https://hplct.libnet.info/event/16809289,Adults
hpl:17491908:2027-05-06 14:30:00,English Learners Success,"This program supports high school English Learners through engaging, project-based instruction that strengthens English language proficiency, academic success, and college and career readiness.",2027-05-06 14:30:00,2027-05-06 16:30:00,Downtown,Arts & Culture | Family & Kids | Learning & Careers,TAP | STEM | Reading & Writing | Language,upcoming,Free,Hartford Public Library,https://programs.hplct.org/events,https://hplct.libnet.info/event/17491908,Teens
hpl:17497777:2027-05-06 17:30:00,ESL Classes,Adult Education English as a Second Language,2027-05-06 17:30:00,2027-05-06 19:30:00,Downtown,Arts & Culture | Learning & Careers,TAP | Reading & Writing,upcoming,Free,Hartford Public Library,https://programs.hplct.org/events,https://hplct.libnet.info/event/17497777,Adults
hpl:16810082:2027-05-08 09:30:00,ESL Classes,English as a second language classes for adults. Registered students only. Please contact ESL@hplct.org for more information.,2027-05-08 09:30:00,2027-05-08 12:30:00,Downtown,Arts & Culture | Learning & Careers | Community & Volunteering,Reading & Writing | Language | Civic Engagement | Career,upcoming,Free,Hartford Public Library,https://programs.hplct.org/events,https://hplct.libnet.info/event/16810082,Adults
hpl:16810146:2027-05-08 09:30:00,ESL Classes,English as a second language classes for adults. Registered students only. Please contact ESL@hplct.org for more information.,2027-05-08 09:30:00,2027-05-08 12:30:00,Downtown,Arts & Culture | Learning & Careers | Community & Volunteering,Reading & Writing | Language | Civic Engagement | Career,upcoming,Free,Hartford Public Library,https://programs.hplct.org/events,https://hplct.libnet.info/event/16810146,Adults
hpl:16810799:2027-05-08 09:30:00,ESL Classes,English as a second language classes for adults. Registered students only. Please contact ESL@hplct.org for more information.,2027-05-08 09:30:00,2027-05-08 12:30:00,Downtown,Arts & Culture | Learning & Careers | Community & Volunteering,Reading & Writing | Language | Civic Engagement | Career,upcoming,Free,Hartford Public Library,https://programs.hplct.org/events,https://hplct.libnet.info/event/16810799,Adults
hpl:16811436:2027-05-08 09:30:00,ESL Classes,English as a second language classes for adults. Registered students only. Please contact ESL@hplct.org for more information.,2027-05-08 09:30:00,2027-05-08 12:30:00,Downtown,Arts & Culture | Learning & Careers | Community & Volunteering,Reading & Writing | Language | Civic Engagement | Career,upcoming,Free,Hartford Public Library,https://programs.hplct.org/events,https://hplct.libnet.info/event/16811436,Adults
hpl:16841104:2027-05-10 11:00:00,Everyday Tech Help,"Need help with your phone, tablet, computer, or online services?",2027-05-10 11:00:00,2027-05-10 12:00:00,Barbour Library,Learning & Careers | Community & Volunteering,Technology | STEM | Media | Community,upcoming,Free,Hartford Public Library,https://programs.hplct.org/events,https://hplct.libnet.info/event/16841104,Adults
hpl:17491083:2027-05-10 14:30:00,Next Steps for College for English Learners,"This program supports high school English Learners in grades 11-12 as they develop English language proficiency, achieve academic success, and prepare for college and career pathways.",2027-05-10 14:30:00,2027-05-10 16:30:00,Downtown,Arts & Culture | Family & Kids | Learning & Careers,STEM | Reading & Writing | Language,archived,Free,Hartford Public Library,https://programs.hplct.org/events,https://hplct.libnet.info/event/17491083,Teens
hpl:17491253:2027-05-10 14:30:00,Next Steps for College for English Learners,"This program supports high school English Learners in grades 11-12 as they develop English language proficiency, achieve academic success, and prepare for college and career pathways.",2027-05-10 14:30:00,2027-05-10 16:30:00,Downtown,Arts & Culture | Family & Kids | Learning & Careers,TAP | STEM | Reading & Writing | Language,upcoming,Free,Hartford Public Library,https://programs.hplct.org/events,https://hplct.libnet.info/event/17491253,Teens
hpl:16809332:2027-05-11 09:30:00,ESL Classes,English as a second language classes. Registered students only. Please contact ESL@hplct.org for more information.,2027-05-11 09:30:00,2027-05-11 12:00:00,Downtown,Arts & Culture | Learning & Careers | Community & Volunteering,Reading & Writing | Language | Civic Engagement | Career,upcoming,Free,Hartford Public Library,https://programs.hplct.org/events,https://hplct.libnet.info/event/16809332,Adults
hpl:16809937:2027-05-11 09:30:00,ESL Classes,English as a second language classes for adults. Registered students only. Please contact ESL@hplct.org for more information.,2027-05-11 09:30:00,2027-05-11 12:00:00,Downtown,Arts & Culture | Learning & Careers | Community & Volunteering,Reading & Writing | Language | Civic Engagement | Career,upcoming,Free,Hartford Public Library,https://programs.hplct.org/events,https://hplct.libnet.info/event/16809937,Adults
hpl:16809652:2027-05-11 09:30:00,ESL Classes,English as a second language classes for adults. Registered students only. Please contact ESL@hplct.org for more information.,2027-05-11 09:30:00,2027-05-11 12:00:00,Downtown,Arts & Culture | Learning & Careers | Community & Volunteering,Reading & Writing | Language | Civic Engagement | Career,upcoming,Free,Hartford Public Library,https://programs.hplct.org/events,https://hplct.libnet.info/event/16809652,Adults
hpl:16809768:2027-05-11 09:30:00,ESL Classes,English as a second language classes for adults. Registered students only. Please contact ESL@hplct.org for more information.,2027-05-11 09:30:00,2027-05-11 12:00:00,Downtown,Arts & Culture | Learning & Careers | Community & Volunteering,Reading & Writing | Language | Civic Engagement | Career,upcoming,Free,Hartford Public Library,https://programs.hplct.org/events,https://hplct.libnet.info/event/16809768,Adults
hpl:17491716:2027-05-11 14:30:00,English Learners Success,"This program supports high school English Learners through engaging, project-based instruction that strengthens English language proficiency, academic success, and college and career readiness.",2027-05-11 14:30:00,2027-05-11 16:30:00,Downtown,Arts & Culture | Family & Kids | Learning & Careers,TAP | STEM | Reading & Writing | Language,upcoming,Free,Hartford Public Library,https://programs.hplct.org/events,https://hplct.libnet.info/event/17491716,Teens
hpl:17497657:2027-05-11 17:30:00,ESL Classes,Adult Education English as a Second Language,2027-05-11 17:30:00,2027-05-11 19:30:00,Downtown,Arts & Culture | Learning & Careers,TAP | Reading & Writing,upcoming,Free,Hartford Public Library,https://programs.hplct.org/events,https://hplct.libnet.info/event/17497657,Adults
hpl:16806832:2027-05-12 09:30:00,English for All,Guided online learning for English as a second language,2027-05-12 09:30:00,2027-05-12 12:00:00,Downtown,Arts & Culture | Learning & Careers,Reading & Writing | Language,upcoming,Free,Hartford Public Library,https://programs.hplct.org/events,https://hplct.libnet.info/event/16806832,Adults
hpl:17242198:2027-05-12 14:30:00,Next Steps for College for English Learners,"This program supports high school English Learners in grades 11-12 as they develop English language proficiency, achieve academic success, and prepare for college and career pathways.",2027-05-12 14:30:00,2027-05-12 17:00:00,Downtown,Arts & Culture | Family & Kids | Learning & Careers,STEM | Reading & Writing | Language,archived,Free,Hartford Public Library,https://programs.hplct.org/events,https://hplct.libnet.info/event/17242198,Teens
hpl:17491425:2027-05-12 14:30:00,Next Steps for College for English Learners,"This program supports high school English Learners in grades 11-12 as they develop English language proficiency, achieve academic success, and prepare for college and career pathways.",2027-05-12 14:30:00,2027-05-12 16:30:00,Downtown,Arts & Culture | Family & Kids | Learning & Careers,TAP | STEM | Reading & Writing | Language,upcoming,Free,Hartford Public Library,https://programs.hplct.org/events,https://hplct.libnet.info/event/17491425,Teens
hpl:16809885:2027-05-13 09:30:00,ESL Classes,English as a second language classes for adults. Registered students only. Please contact ESL@hplct.org for more information.,2027-05-13 09:30:00,2027-05-13 12:00:00,Downtown,Arts & Culture | Learning & Careers | Community & Volunteering,Reading & Writing | Language | Civic Engagement | Career,upcoming,Free,Hartford Public Library,https://programs.hplct.org/events,https://hplct.libnet.info/event/16809885,Adults
hpl:16809290:2027-05-13 09:30:00,ESL Classes,English as a second language classes. Registered students only. Please contact ESL@hplct.org for more information.,2027-05-13 09:30:00,2027-05-13 12:00:00,Downtown,Arts & Culture | Learning & Careers | Community & Volunteering,Reading & Writing | Language | Civic Engagement | Career,upcoming,Free,Hartford Public Library,https://programs.hplct.org/events,https://hplct.libnet.info/event/16809290,Adults
hpl:16809653:2027-05-13 09:30:00,ESL Classes,English as a second language classes for adults. Registered students only. Please contact ESL@hplct.org for more information.,2027-05-13 09:30:00,2027-05-13 12:00:00,Downtown,Arts & Culture | Learning & Careers | Community & Volunteering,Reading & Writing | Language | Civic Engagement | Career,upcoming,Free,Hartford Public Library,https://programs.hplct.org/events,https://hplct.libnet.info/event/16809653,Adults
hpl:16809726:2027-05-13 09:30:00,ESL Classes,English as a second language classes for adults. Registered students only. Please contact ESL@hplct.org for more information.,2027-05-13 09:30:00,2027-05-13 12:00:00,Downtown,Arts & Culture | Learning & Careers | Community & Volunteering,Reading & Writing | Language | Civic Engagement | Career,upcoming,Free,Hartford Public Library,https://programs.hplct.org/events,https://hplct.libnet.info/event/16809726,Adults
hpl:17491909:2027-05-13 14:30:00,English Learners Success,"This program supports high school English Learners through engaging, project-based instruction that strengthens English language proficiency, academic success, and college and career readiness.",2027-05-13 14:30:00,2027-05-13 16:30:00,Downtown,Arts & Culture | Family & Kids | Learning & Careers,TAP | STEM | Reading & Writing | Language,upcoming,Free,Hartford Public Library,https://programs.hplct.org/events,https://hplct.libnet.info/event/17491909,Teens
hpl:17497778:2027-05-13 17:30:00,ESL Classes,Adult Education English as a Second Language,2027-05-13 17:30:00,2027-05-13 19:30:00,Downtown,Arts & Culture | Learning & Careers,TAP | Reading & Writing,upcoming,Free,Hartford Public Library,https://programs.hplct.org/events,https://hplct.libnet.info/event/17497778,Adults
hpl:16811437:2027-05-15 09:30:00,ESL Classes,English as a second language classes for adults. Registered students only. Please contact ESL@hplct.org for more information.,2027-05-15 09:30:00,2027-05-15 12:30:00,Downtown,Arts & Culture | Learning & Careers | Community & Volunteering,Reading & Writing | Language | Civic Engagement | Career,upcoming,Free,Hartford Public Library,https://programs.hplct.org/events,https://hplct.libnet.info/event/16811437,Adults
hpl:16810083:2027-05-15 09:30:00,ESL Classes,English as a second language classes for adults. Registered students only. Please contact ESL@hplct.org for more information.,2027-05-15 09:30:00,2027-05-15 12:30:00,Downtown,Arts & Culture | Learning & Careers | Community & Volunteering,Reading & Writing | Language | Civic Engagement | Career,upcoming,Free,Hartford Public Library,https://programs.hplct.org/events,https://hplct.libnet.info/event/16810083,Adults
hpl:16810147:2027-05-15 09:30:00,ESL Classes,English as a second language classes for adults. Registered students only. Please contact ESL@hplct.org for more information.,2027-05-15 09:30:00,2027-05-15 12:30:00,Downtown,Arts & Culture | Learning & Careers | Community & Volunteering,Reading & Writing | Language | Civic Engagement | Career,upcoming,Free,Hartford Public Library,https://programs.hplct.org/events,https://hplct.libnet.info/event/16810147,Adults
hpl:16810800:2027-05-15 09:30:00,ESL Classes,English as a second language classes for adults. Registered students only. Please contact ESL@hplct.org for more information.,2027-05-15 09:30:00,2027-05-15 12:30:00,Downtown,Arts & Culture | Learning & Careers | Community & Volunteering,Reading & Writing | Language | Civic Engagement | Career,upcoming,Free,Hartford Public Library,https://programs.hplct.org/events,https://hplct.libnet.info/event/16810800,Adults
hpl:16841105:2027-05-17 11:00:00,Everyday Tech Help,"Need help with your phone, tablet, computer, or online services?",2027-05-17 11:00:00,2027-05-17 12:00:00,Barbour Library,Learning & Careers | Community & Volunteering,Technology | STEM | Media | Community,upcoming,Free,Hartford Public Library,https://programs.hplct.org/events,https://hplct.libnet.info/event/16841105,Adults
hpl:17491084:2027-05-17 14:30:00,Next Steps for College for English Learners,"This program supports high school English Learners in grades 11-12 as they develop English language proficiency, achieve academic success, and prepare for college and career pathways.",2027-05-17 14:30:00,2027-05-17 16:30:00,Downtown,Arts & Culture | Family & Kids | Learning & Careers,STEM | Reading & Writing | Language,archived,Free,Hartford Public Library,https://programs.hplct.org/events,https://hplct.libnet.info/event/17491084,Teens
hpl:17491254:2027-05-17 14:30:00,Next Steps for College for English Learners,"This program supports high school English Learners in grades 11-12 as they develop English language proficiency, achieve academic success, and prepare for college and career pathways.",2027-05-17 14:30:00,2027-05-17 16:30:00,Downtown,Arts & Culture | Family & Kids | Learning & Careers,TAP | STEM | Reading & Writing | Language,upcoming,Free,Hartford Public Library,https://programs.hplct.org/events,https://hplct.libnet.info/event/17491254,Teens
hpl:16809938:2027-05-18 09:30:00,ESL Classes,English as a second language classes for adults. Registered students only. Please contact ESL@hplct.org for more information.,2027-05-18 09:30:00,2027-05-18 12:00:00,Downtown,Arts & Culture | Learning & Careers | Community & Volunteering,Reading & Writing | Language | Civic Engagement | Career,upcoming,Free,Hartford Public Library,https://programs.hplct.org/events,https://hplct.libnet.info/event/16809938,Adults
hpl:16809333:2027-05-18 09:30:00,ESL Classes,English as a second language classes. Registered students only. Please contact ESL@hplct.org for more information.,2027-05-18 09:30:00,2027-05-18 12:00:00,Downtown,Arts & Culture | Learning & Careers | Community & Volunteering,Reading & Writing | Language | Civic Engagement | Career,upcoming,Free,Hartford Public Library,https://programs.hplct.org/events,https://hplct.libnet.info/event/16809333,Adults
hpl:16809654:2027-05-18 09:30:00,ESL Classes,English as a second language classes for adults. Registered students only. Please contact ESL@hplct.org for more information.,2027-05-18 09:30:00,2027-05-18 12:00:00,Downtown,Arts & Culture | Learning & Careers | Community & Volunteering,Reading & Writing | Language | Civic Engagement | Career,upcoming,Free,Hartford Public Library,https://programs.hplct.org/events,https://hplct.libnet.info/event/16809654,Adults
hpl:16809769:2027-05-18 09:30:00,ESL Classes,English as a second language classes for adults. Registered students only. Please contact ESL@hplct.org for more information.,2027-05-18 09:30:00,2027-05-18 12:00:00,Downtown,Arts & Culture | Learning & Careers | Community & Volunteering,Reading & Writing | Language | Civic Engagement | Career,upcoming,Free,Hartford Public Library,https://programs.hplct.org/events,https://hplct.libnet.info/event/16809769,Adults
hpl:17491717:2027-05-18 14:30:00,English Learners Success,"This program supports high school English Learners through engaging, project-based instruction that strengthens English language proficiency, academic success, and college and career readiness.",2027-05-18 14:30:00,2027-05-18 16:30:00,Downtown,Arts & Culture | Family & Kids | Learning & Careers,TAP | STEM | Reading & Writing | Language,upcoming,Free,Hartford Public Library,https://programs.hplct.org/events,https://hplct.libnet.info/event/17491717,Teens
hpl:17497658:2027-05-18 17:30:00,ESL Classes,Adult Education English as a Second Language,2027-05-18 17:30:00,2027-05-18 19:30:00,Downtown,Arts & Culture | Learning & Careers,TAP | Reading & Writing,upcoming,Free,Hartford Public Library,https://programs.hplct.org/events,https://hplct.libnet.info/event/17497658,Adults
hpl:16806833:2027-05-19 09:30:00,English for All,Guided online learning for English as a second language,2027-05-19 09:30:00,2027-05-19 12:00:00,Downtown,Arts & Culture | Learning & Careers,Reading & Writing | Language,upcoming,Free,Hartford Public Library,https://programs.hplct.org/events,https://hplct.libnet.info/event/16806833,Adults
hpl:17242199:2027-05-19 14:30:00,Next Steps for College for English Learners,"This program supports high school English Learners in grades 11-12 as they develop English language proficiency, achieve academic success, and prepare for college and career pathways.",2027-05-19 14:30:00,2027-05-19 17:00:00,Downtown,Arts & Culture | Family & Kids | Learning & Careers,STEM | Reading & Writing | Language,archived,Free,Hartford Public Library,https://programs.hplct.org/events,https://hplct.libnet.info/event/17242199,Teens
hpl:17491426:2027-05-19 14:30:00,Next Steps for College for English Learners,"This program supports high school English Learners in grades 11-12 as they develop English language proficiency, achieve academic success, and prepare for college and career pathways.",2027-05-19 14:30:00,2027-05-19 16:30:00,Downtown,Arts & Culture | Family & Kids | Learning & Careers,TAP | STEM | Reading & Writing | Language,upcoming,Free,Hartford Public Library,https://programs.hplct.org/events,https://hplct.libnet.info/event/17491426,Teens
hpl:16809886:2027-05-20 09:30:00,ESL Classes,English as a second language classes for adults. Registered students only. Please contact ESL@hplct.org for more information.,2027-05-20 09:30:00,2027-05-20 12:00:00,Downtown,Arts & Culture | Learning & Careers | Community & Volunteering,Reading & Writing | Language | Civic Engagement | Career,upcoming,Free,Hartford Public Library,https://programs.hplct.org/events,https://hplct.libnet.info/event/16809886,Adults
hpl:16809655:2027-05-20 09:30:00,ESL Classes,English as a second language classes for adults. Registered students only. Please contact ESL@hplct.org for more information.,2027-05-20 09:30:00,2027-05-20 12:00:00,Downtown,Arts & Culture | Learning & Careers | Community & Volunteering,Reading & Writing | Language | Civic Engagement | Career,upcoming,Free,Hartford Public Library,https://programs.hplct.org/events,https://hplct.libnet.info/event/16809655,Adults
hpl:16809291:2027-05-20 09:30:00,ESL Classes,English as a second language classes. Registered students only. Please contact ESL@hplct.org for more information.,2027-05-20 09:30:00,2027-05-20 12:00:00,Downtown,Arts & Culture | Learning & Careers | Community & Volunteering,Reading & Writing | Language | Civic Engagement | Career,upcoming,Free,Hartford Public Library,https://programs.hplct.org/events,https://hplct.libnet.info/event/16809291,Adults
hpl:16809727:2027-05-20 09:30:00,ESL Classes,English as a second language classes for adults. Registered students only. Please contact ESL@hplct.org for more information.,2027-05-20 09:30:00,2027-05-20 12:00:00,Downtown,Arts & Culture | Learning & Careers | Community & Volunteering,Reading & Writing | Language | Civic Engagement | Career,upcoming,Free,Hartford Public Library,https://programs.hplct.org/events,https://hplct.libnet.info/event/16809727,Adults
hpl:17491910:2027-05-20 14:30:00,English Learners Success,"This program supports high school English Learners through engaging, project-based instruction that strengthens English language proficiency, academic success, and college and career readiness.",2027-05-20 14:30:00,2027-05-20 16:30:00,Downtown,Arts & Culture | Family & Kids | Learning & Careers,TAP | STEM | Reading & Writing | Language,upcoming,Free,Hartford Public Library,https://programs.hplct.org/events,https://hplct.libnet.info/event/17491910,Teens
hpl:17497779:2027-05-20 17:30:00,ESL Classes,Adult Education English as a Second Language,2027-05-20 17:30:00,2027-05-20 19:30:00,Downtown,Arts & Culture | Learning & Careers,TAP | Reading & Writing,upcoming,Free,Hartford Public Library,https://programs.hplct.org/events,https://hplct.libnet.info/event/17497779,Adults
hpl:16810148:2027-05-22 09:30:00,ESL Classes,English as a second language classes for adults. Registered students only. Please contact ESL@hplct.org for more information.,2027-05-22 09:30:00,2027-05-22 12:30:00,Downtown,Arts & Culture | Learning & Careers | Community & Volunteering,Reading & Writing | Language | Civic Engagement | Career,upcoming,Free,Hartford Public Library,https://programs.hplct.org/events,https://hplct.libnet.info/event/16810148,Adults
hpl:16810084:2027-05-22 09:30:00,ESL Classes,English as a second language classes for adults. Registered students only. Please contact ESL@hplct.org for more information.,2027-05-22 09:30:00,2027-05-22 12:30:00,Downtown,Arts & Culture | Learning & Careers | Community & Volunteering,Reading & Writing | Language | Civic Engagement | Career,upcoming,Free,Hartford Public Library,https://programs.hplct.org/events,https://hplct.libnet.info/event/16810084,Adults
hpl:16811438:2027-05-22 09:30:00,ESL Classes,English as a second language classes for adults. Registered students only. Please contact ESL@hplct.org for more information.,2027-05-22 09:30:00,2027-05-22 12:30:00,Downtown,Arts & Culture | Learning & Careers | Community & Volunteering,Reading & Writing | Language | Civic Engagement | Career,upcoming,Free,Hartford Public Library,https://programs.hplct.org/events,https://hplct.libnet.info/event/16811438,Adults
hpl:16810801:2027-05-22 09:30:00,ESL Classes,English as a second language classes for adults. Registered students only. Please contact ESL@hplct.org for more information.,2027-05-22 09:30:00,2027-05-22 12:30:00,Downtown,Arts & Culture | Learning & Careers | Community & Volunteering,Reading & Writing | Language | Civic Engagement | Career,upcoming,Free,Hartford Public Library,https://programs.hplct.org/events,https://hplct.libnet.info/event/16810801,Adults
hpl:16841106:2027-05-24 11:00:00,Everyday Tech Help,"Need help with your phone, tablet, computer, or online services?",2027-05-24 11:00:00,2027-05-24 12:00:00,Barbour Library,Learning & Careers | Community & Volunteering,Technology | STEM | Media | Community,upcoming,Free,Hartford Public Library,https://programs.hplct.org/events,https://hplct.libnet.info/event/16841106,Adults
hpl:17491255:2027-05-24 14:30:00,Next Steps for College for English Learners,"This program supports high school English Learners in grades 11-12 as they develop English language proficiency, achieve academic success, and prepare for college and career pathways.",2027-05-24 14:30:00,2027-05-24 16:30:00,Downtown,Arts & Culture | Family & Kids | Learning & Careers,TAP | STEM | Reading & Writing | Language,upcoming,Free,Hartford Public Library,https://programs.hplct.org/events,https://hplct.libnet.info/event/17491255,Teens
hpl:17491085:2027-05-24 14:30:00,Next Steps for College for English Learners,"This program supports high school English Learners in grades 11-12 as they develop English language proficiency, achieve academic success, and prepare for college and career pathways.",2027-05-24 14:30:00,2027-05-24 16:30:00,Downtown,Arts & Culture | Family & Kids | Learning & Careers,STEM | Reading & Writing | Language,archived,Free,Hartford Public Library,https://programs.hplct.org/events,https://hplct.libnet.info/event/17491085,Teens
hpl:16809334:2027-05-25 09:30:00,ESL Classes,English as a second language classes. Registered students only. Please contact ESL@hplct.org for more information.,2027-05-25 09:30:00,2027-05-25 12:00:00,Downtown,Arts & Culture | Learning & Careers | Community & Volunteering,Reading & Writing | Language | Civic Engagement | Career,upcoming,Free,Hartford Public Library,https://programs.hplct.org/events,https://hplct.libnet.info/event/16809334,Adults
hpl:16809939:2027-05-25 09:30:00,ESL Classes,English as a second language classes for adults. Registered students only. Please contact ESL@hplct.org for more information.,2027-05-25 09:30:00,2027-05-25 12:00:00,Downtown,Arts & Culture | Learning & Careers | Community & Volunteering,Reading & Writing | Language | Civic Engagement | Career,upcoming,Free,Hartford Public Library,https://programs.hplct.org/events,https://hplct.libnet.info/event/16809939,Adults
hpl:16809656:2027-05-25 09:30:00,ESL Classes,English as a second language classes for adults. Registered students only. Please contact ESL@hplct.org for more information.,2027-05-25 09:30:00,2027-05-25 12:00:00,Downtown,Arts & Culture | Learning & Careers | Community & Volunteering,Reading & Writing | Language | Civic Engagement | Career,upcoming,Free,Hartford Public Library,https://programs.hplct.org/events,https://hplct.libnet.info/event/16809656,Adults
hpl:16809770:2027-05-25 09:30:00,ESL Classes,English as a second language classes for adults. Registered students only. Please contact ESL@hplct.org for more information.,2027-05-25 09:30:00,2027-05-25 12:00:00,Downtown,Arts & Culture | Learning & Careers | Community & Volunteering,Reading & Writing | Language | Civic Engagement | Career,upcoming,Free,Hartford Public Library,https://programs.hplct.org/events,https://hplct.libnet.info/event/16809770,Adults
hpl:17491718:2027-05-25 14:30:00,English Learners Success,"This program supports high school English Learners through engaging, project-based instruction that strengthens English language proficiency, academic success, and college and career readiness.",2027-05-25 14:30:00,2027-05-25 16:30:00,Downtown,Arts & Culture | Family & Kids | Learning & Careers,TAP | STEM | Reading & Writing | Language,upcoming,Free,Hartford Public Library,https://programs.hplct.org/events,https://hplct.libnet.info/event/17491718,Teens
hpl:17497659:2027-05-25 17:30:00,ESL Classes,Adult Education English as a Second Language,2027-05-25 17:30:00,2027-05-25 19:30:00,Downtown,Arts & Culture | Learning & Careers,TAP | Reading & Writing,upcoming,Free,Hartford Public Library,https://programs.hplct.org/events,https://hplct.libnet.info/event/17497659,Adults
hpl:16806834:2027-05-26 09:30:00,English for All,Guided online learning for English as a second language,2027-05-26 09:30:00,2027-05-26 12:00:00,Downtown,Arts & Culture | Learning & Careers,Reading & Writing | Language,upcoming,Free,Hartford Public Library,https://programs.hplct.org/events,https://hplct.libnet.info/event/16806834,Adults
hpl:17242200:2027-05-26 14:30:00,Next Steps for College for English Learners,"This program supports high school English Learners in grades 11-12 as they develop English language proficiency, achieve academic success, and prepare for college and career pathways.",2027-05-26 14:30:00,2027-05-26 17:00:00,Downtown,Arts & Culture | Family & Kids | Learning & Careers,STEM | Reading & Writing | Language,archived,Free,Hartford Public Library,https://programs.hplct.org/events,https://hplct.libnet.info/event/17242200,Teens
hpl:17491427:2027-05-26 14:30:00,Next Steps for College for English Learners,"This program supports high school English Learners in grades 11-12 as they develop English language proficiency, achieve academic success, and prepare for college and career pathways.",2027-05-26 14:30:00,2027-05-26 16:30:00,Downtown,Arts & Culture | Family & Kids | Learning & Careers,TAP | STEM | Reading & Writing | Language,upcoming,Free,Hartford Public Library,https://programs.hplct.org/events,https://hplct.libnet.info/event/17491427,Teens
hpl:16809887:2027-05-27 09:30:00,ESL Classes,English as a second language classes for adults. Registered students only. Please contact ESL@hplct.org for more information.,2027-05-27 09:30:00,2027-05-27 12:00:00,Downtown,Arts & Culture | Learning & Careers | Community & Volunteering,Reading & Writing | Language | Civic Engagement | Career,upcoming,Free,Hartford Public Library,https://programs.hplct.org/events,https://hplct.libnet.info/event/16809887,Adults
hpl:16809292:2027-05-27 09:30:00,ESL Classes,English as a second language classes. Registered students only. Please contact ESL@hplct.org for more information.,2027-05-27 09:30:00,2027-05-27 12:00:00,Downtown,Arts & Culture | Learning & Careers | Community & Volunteering,Reading & Writing | Language | Civic Engagement | Career,upcoming,Free,Hartford Public Library,https://programs.hplct.org/events,https://hplct.libnet.info/event/16809292,Adults
hpl:16809657:2027-05-27 09:30:00,ESL Classes,English as a second language classes for adults. Registered students only. Please contact ESL@hplct.org for more information.,2027-05-27 09:30:00,2027-05-27 12:00:00,Downtown,Arts & Culture | Learning & Careers | Community & Volunteering,Reading & Writing | Language | Civic Engagement | Career,upcoming,Free,Hartford Public Library,https://programs.hplct.org/events,https://hplct.libnet.info/event/16809657,Adults
hpl:16809728:2027-05-27 09:30:00,ESL Classes,English as a second language classes for adults. Registered students only. Please contact ESL@hplct.org for more information.,2027-05-27 09:30:00,2027-05-27 12:00:00,Downtown,Arts & Culture | Learning & Careers | Community & Volunteering,Reading & Writing | Language | Civic Engagement | Career,upcoming,Free,Hartford Public Library,https://programs.hplct.org/events,https://hplct.libnet.info/event/16809728,Adults
hpl:17491911:2027-05-27 14:30:00,English Learners Success,"This program supports high school English Learners through engaging, project-based instruction that strengthens English language proficiency, academic success, and college and career readiness.",2027-05-27 14:30:00,2027-05-27 16:30:00,Downtown,Arts & Culture | Family & Kids | Learning & Careers,TAP | STEM | Reading & Writing | Language,upcoming,Free,Hartford Public Library,https://programs.hplct.org/events,https://hplct.libnet.info/event/17491911,Teens
hpl:17497780:2027-05-27 17:30:00,ESL Classes,Adult Education English as a Second Language,2027-05-27 17:30:00,2027-05-27 19:30:00,Downtown,Arts & Culture | Learning & Careers,TAP | Reading & Writing,upcoming,Free,Hartford Public Library,https://programs.hplct.org/events,https://hplct.libnet.info/event/17497780,Adults
hpl:16810085:2027-05-29 09:30:00,ESL Classes,English as a second language classes for adults. Registered students only. Please contact ESL@hplct.org for more information.,2027-05-29 09:30:00,2027-05-29 12:30:00,Downtown,Arts & Culture | Learning & Careers | Community & Volunteering,Reading & Writing | Language | Civic Engagement | Career,upcoming,Free,Hartford Public Library,https://programs.hplct.org/events,https://hplct.libnet.info/event/16810085,Adults
hpl:16811439:2027-05-29 09:30:00,ESL Classes,English as a second language classes for adults. Registered students only. Please contact ESL@hplct.org for more information.,2027-05-29 09:30:00,2027-05-29 12:30:00,Downtown,Arts & Culture | Learning & Careers | Community & Volunteering,Reading & Writing | Language | Civic Engagement | Career,upcoming,Free,Hartford Public Library,https://programs.hplct.org/events,https://hplct.libnet.info/event/16811439,Adults
hpl:16810802:2027-05-29 09:30:00,ESL Classes,English as a second language classes for adults. Registered students only. Please contact ESL@hplct.org for more information.,2027-05-29 09:30:00,2027-05-29 12:30:00,Downtown,Arts & Culture | Learning & Careers | Community & Volunteering,Reading & Writing | Language | Civic Engagement | Career,upcoming,Free,Hartford Public Library,https://programs.hplct.org/events,https://hplct.libnet.info/event/16810802,Adults
hpl:16810149:2027-05-29 09:30:00,ESL Classes,English as a second language classes for adults. Registered students only. Please contact ESL@hplct.org for more information.,2027-05-29 09:30:00,2027-05-29 12:30:00,Downtown,Arts & Culture | Learning & Careers | Community & Volunteering,Reading & Writing | Language | Civic Engagement | Career,upcoming,Free,Hartford Public Library,https://programs.hplct.org/events,https://hplct.libnet.info/event/16810149,Adults
hpl:16841107:2027-05-31 11:00:00,Everyday Tech Help,"Need help with your phone, tablet, computer, or online services?",2027-05-31 11:00:00,2027-05-31 12:00:00,Barbour Library,Learning & Careers | Community & Volunteering,Technology | STEM | Media | Community,upcoming,Free,Hartford Public Library,https://programs.hplct.org/events,https://hplct.libnet.info/event/16841107,Adults
hpl:17491086:2027-05-31 14:30:00,Next Steps for College for English Learners,"This program supports high school English Learners in grades 11-12 as they develop English language proficiency, achieve academic success, and prepare for college and career pathways.",2027-05-31 14:30:00,2027-05-31 16:30:00,Downtown,Arts & Culture | Family & Kids | Learning & Careers,STEM | Reading & Writing | Language,archived,Free,Hartford Public Library,https://programs.hplct.org/events,https://hplct.libnet.info/event/17491086,Teens
hpl:16809335:2027-06-01 09:30:00,ESL Classes,English as a second language classes. Registered students only. Please contact ESL@hplct.org for more information.,2027-06-01 09:30:00,2027-06-01 12:00:00,Downtown,Arts & Culture | Learning & Careers | Community & Volunteering,Reading & Writing | Language | Civic Engagement | Career,upcoming,Free,Hartford Public Library,https://programs.hplct.org/events,https://hplct.libnet.info/event/16809335,Adults
hpl:16809658:2027-06-01 09:30:00,ESL Classes,English as a second language classes for adults. Registered students only. Please contact ESL@hplct.org for more information.,2027-06-01 09:30:00,2027-06-01 12:00:00,Downtown,Arts & Culture | Learning & Careers | Community & Volunteering,Reading & Writing | Language | Civic Engagement | Career,upcoming,Free,Hartford Public Library,https://programs.hplct.org/events,https://hplct.libnet.info/event/16809658,Adults
hpl:16809771:2027-06-01 09:30:00,ESL Classes,English as a second language classes for adults. Registered students only. Please contact ESL@hplct.org for more information.,2027-06-01 09:30:00,2027-06-01 12:00:00,Downtown,Arts & Culture | Learning & Careers | Community & Volunteering,Reading & Writing | Language | Civic Engagement | Career,upcoming,Free,Hartford Public Library,https://programs.hplct.org/events,https://hplct.libnet.info/event/16809771,Adults
hpl:16809940:2027-06-01 09:30:00,ESL Classes,English as a second language classes for adults. Registered students only. Please contact ESL@hplct.org for more information.,2027-06-01 09:30:00,2027-06-01 12:00:00,Downtown,Arts & Culture | Learning & Careers | Community & Volunteering,Reading & Writing | Language | Civic Engagement | Career,upcoming,Free,Hartford Public Library,https://programs.hplct.org/events,https://hplct.libnet.info/event/16809940,Adults
hpl:17491719:2027-06-01 14:30:00,English Learners Success,"This program supports high school English Learners through engaging, project-based instruction that strengthens English language proficiency, academic success, and college and career readiness.",2027-06-01 14:30:00,2027-06-01 16:30:00,Downtown,Arts & Culture | Family & Kids | Learning & Careers,TAP | STEM | Reading & Writing | Language,upcoming,Free,Hartford Public Library,https://programs.hplct.org/events,https://hplct.libnet.info/event/17491719,Teens
hpl:17497660:2027-06-01 17:30:00,ESL Classes,Adult Education English as a Second Language,2027-06-01 17:30:00,2027-06-01 19:30:00,Downtown,Arts & Culture | Learning & Careers,TAP | Reading & Writing,upcoming,Free,Hartford Public Library,https://programs.hplct.org/events,https://hplct.libnet.info/event/17497660,Adults
hpl:16806835:2027-06-02 09:30:00,English for All,Guided online learning for English as a second language,2027-06-02 09:30:00,2027-06-02 12:00:00,Downtown,Arts & Culture | Learning & Careers,Reading & Writing | Language,upcoming,Free,Hartford Public Library,https://programs.hplct.org/events,https://hplct.libnet.info/event/16806835,Adults
hpl:17242201:2027-06-02 14:30:00,Next Steps for College for English Learners,"This program supports high school English Learners in grades 11-12 as they develop English language proficiency, achieve academic success, and prepare for college and career pathways.",2027-06-02 14:30:00,2027-06-02 17:00:00,Downtown,Arts & Culture | Family & Kids | Learning & Careers,STEM | Reading & Writing | Language,archived,Free,Hartford Public Library,https://programs.hplct.org/events,https://hplct.libnet.info/event/17242201,Teens
hpl:17491429:2027-06-02 14:30:00,Next Steps for College for English Learners,"This program supports high school English Learners in grades 11-12 as they develop English language proficiency, achieve academic success, and prepare for college and career pathways.",2027-06-02 14:30:00,2027-06-02 16:30:00,Downtown,Arts & Culture | Family & Kids | Learning & Careers,TAP | STEM | Reading & Writing | Language,upcoming,Free,Hartford Public Library,https://programs.hplct.org/events,https://hplct.libnet.info/event/17491429,Teens
hpl:16809293:2027-06-03 09:30:00,ESL Classes,English as a second language classes. Registered students only. Please contact ESL@hplct.org for more information.,2027-06-03 09:30:00,2027-06-03 12:00:00,Downtown,Arts & Culture | Learning & Careers | Community & Volunteering,Reading & Writing | Language | Civic Engagement | Career,upcoming,Free,Hartford Public Library,https://programs.hplct.org/events,https://hplct.libnet.info/event/16809293,Adults
hpl:16809888:2027-06-03 09:30:00,ESL Classes,English as a second language classes for adults. Registered students only. Please contact ESL@hplct.org for more information.,2027-06-03 09:30:00,2027-06-03 12:00:00,Downtown,Arts & Culture | Learning & Careers | Community & Volunteering,Reading & Writing | Language | Civic Engagement | Career,upcoming,Free,Hartford Public Library,https://programs.hplct.org/events,https://hplct.libnet.info/event/16809888,Adults
hpl:16809729:2027-06-03 09:30:00,ESL Classes,English as a second language classes for adults. Registered students only. Please contact ESL@hplct.org for more information.,2027-06-03 09:30:00,2027-06-03 12:00:00,Downtown,Arts & Culture | Learning & Careers | Community & Volunteering,Reading & Writing | Language | Civic Engagement | Career,upcoming,Free,Hartford Public Library,https://programs.hplct.org/events,https://hplct.libnet.info/event/16809729,Adults
hpl:16809659:2027-06-03 09:30:00,ESL Classes,English as a second language classes for adults. Registered students only. Please contact ESL@hplct.org for more information.,2027-06-03 09:30:00,2027-06-03 12:00:00,Downtown,Arts & Culture | Learning & Careers | Community & Volunteering,Reading & Writing | Language | Civic Engagement | Career,upcoming,Free,Hartford Public Library,https://programs.hplct.org/events,https://hplct.libnet.info/event/16809659,Adults
hpl:17491912:2027-06-03 14:30:00,English Learners Success,"This program supports high school English Learners through engaging, project-based instruction that strengthens English language proficiency, academic success, and college and career readiness.",2027-06-03 14:30:00,2027-06-03 16:30:00,Downtown,Arts & Culture | Family & Kids | Learning & Careers,TAP | STEM | Reading & Writing | Language,upcoming,Free,Hartford Public Library,https://programs.hplct.org/events,https://hplct.libnet.info/event/17491912,Teens
hpl:17497781:2027-06-03 17:30:00,ESL Classes,Adult Education English as a Second Language,2027-06-03 17:30:00,2027-06-03 19:30:00,Downtown,Arts & Culture | Learning & Careers,TAP | Reading & Writing,upcoming,Free,Hartford Public Library,https://programs.hplct.org/events,https://hplct.libnet.info/event/17497781,Adults
hpl:16811440:2027-06-05 09:30:00,ESL Classes,English as a second language classes for adults. Registered students only. Please contact ESL@hplct.org for more information.,2027-06-05 09:30:00,2027-06-05 12:30:00,Downtown,Arts & Culture | Learning & Careers | Community & Volunteering,Reading & Writing | Language | Civic Engagement | Career,upcoming,Free,Hartford Public Library,https://programs.hplct.org/events,https://hplct.libnet.info/event/16811440,Adults
hpl:16810086:2027-06-05 09:30:00,ESL Classes,English as a second language classes for adults. Registered students only. Please contact ESL@hplct.org for more information.,2027-06-05 09:30:00,2027-06-05 12:30:00,Downtown,Arts & Culture | Learning & Careers | Community & Volunteering,Reading & Writing | Language | Civic Engagement | Career,upcoming,Free,Hartford Public Library,https://programs.hplct.org/events,https://hplct.libnet.info/event/16810086,Adults
hpl:16810150:2027-06-05 09:30:00,ESL Classes,English as a second language classes for adults. Registered students only. Please contact ESL@hplct.org for more information.,2027-06-05 09:30:00,2027-06-05 12:30:00,Downtown,Arts & Culture | Learning & Careers | Community & Volunteering,Reading & Writing | Language | Civic Engagement | Career,upcoming,Free,Hartford Public Library,https://programs.hplct.org/events,https://hplct.libnet.info/event/16810150,Adults
hpl:16810803:2027-06-05 09:30:00,ESL Classes,English as a second language classes for adults. Registered students only. Please contact ESL@hplct.org for more information.,2027-06-05 09:30:00,2027-06-05 12:30:00,Downtown,Arts & Culture | Learning & Careers | Community & Volunteering,Reading & Writing | Language | Civic Engagement | Career,upcoming,Free,Hartford Public Library,https://programs.hplct.org/events,https://hplct.libnet.info/event/16810803,Adults
hpl:16841108:2027-06-07 11:00:00,Everyday Tech Help,"Need help with your phone, tablet, computer, or online services?",2027-06-07 11:00:00,2027-06-07 12:00:00,Barbour Library,Learning & Careers | Community & Volunteering,Technology | STEM | Media | Community,upcoming,Free,Hartford Public Library,https://programs.hplct.org/events,https://hplct.libnet.info/event/16841108,Adults
hpl:17491087:2027-06-07 14:30:00,Next Steps for College for English Learners,"This program supports high school English Learners in grades 11-12 as they develop English language proficiency, achieve academic success, and prepare for college and career pathways.",2027-06-07 14:30:00,2027-06-07 16:30:00,Downtown,Arts & Culture | Family & Kids | Learning & Careers,STEM | Reading & Writing | Language,archived,Free,Hartford Public Library,https://programs.hplct.org/events,https://hplct.libnet.info/event/17491087,Teens
hpl:17491256:2027-06-07 14:30:00,Next Steps for College for English Learners,"This program supports high school English Learners in grades 11-12 as they develop English language proficiency, achieve academic success, and prepare for college and career pathways.",2027-06-07 14:30:00,2027-06-07 16:30:00,Downtown,Arts & Culture | Family & Kids | Learning & Careers,TAP | STEM | Reading & Writing | Language,upcoming,Free,Hartford Public Library,https://programs.hplct.org/events,https://hplct.libnet.info/event/17491256,Teens
hpl:16809941:2027-06-08 09:30:00,ESL Classes,English as a second language classes for adults. Registered students only. Please contact ESL@hplct.org for more information.,2027-06-08 09:30:00,2027-06-08 12:00:00,Downtown,Arts & Culture | Learning & Careers | Community & Volunteering,Reading & Writing | Language | Civic Engagement | Career,upcoming,Free,Hartford Public Library,https://programs.hplct.org/events,https://hplct.libnet.info/event/16809941,Adults
hpl:16809336:2027-06-08 09:30:00,ESL Classes,English as a second language classes. Registered students only. Please contact ESL@hplct.org for more information.,2027-06-08 09:30:00,2027-06-08 12:00:00,Downtown,Arts & Culture | Learning & Careers | Community & Volunteering,Reading & Writing | Language | Civic Engagement | Career,upcoming,Free,Hartford Public Library,https://programs.hplct.org/events,https://hplct.libnet.info/event/16809336,Adults
hpl:16809660:2027-06-08 09:30:00,ESL Classes,English as a second language classes for adults. Registered students only. Please contact ESL@hplct.org for more information.,2027-06-08 09:30:00,2027-06-08 12:00:00,Downtown,Arts & Culture | Learning & Careers | Community & Volunteering,Reading & Writing | Language | Civic Engagement | Career,upcoming,Free,Hartford Public Library,https://programs.hplct.org/events,https://hplct.libnet.info/event/16809660,Adults
hpl:16809772:2027-06-08 09:30:00,ESL Classes,English as a second language classes for adults. Registered students only. Please contact ESL@hplct.org for more information.,2027-06-08 09:30:00,2027-06-08 12:00:00,Downtown,Arts & Culture | Learning & Careers | Community & Volunteering,Reading & Writing | Language | Civic Engagement | Career,upcoming,Free,Hartford Public Library,https://programs.hplct.org/events,https://hplct.libnet.info/event/16809772,Adults
hpl:17491720:2027-06-08 14:30:00,English Learners Success,"This program supports high school English Learners through engaging, project-based instruction that strengthens English language proficiency, academic success, and college and career readiness.",2027-06-08 14:30:00,2027-06-08 16:30:00,Downtown,Arts & Culture | Family & Kids | Learning & Careers,TAP | STEM | Reading & Writing | Language,upcoming,Free,Hartford Public Library,https://programs.hplct.org/events,https://hplct.libnet.info/event/17491720,Teens
hpl:17497661:2027-06-08 17:30:00,ESL Classes,Adult Education English as a Second Language,2027-06-08 17:30:00,2027-06-08 19:30:00,Downtown,Arts & Culture | Learning & Careers,TAP | Reading & Writing,upcoming,Free,Hartford Public Library,https://programs.hplct.org/events,https://hplct.libnet.info/event/17497661,Adults
hpl:16806836:2027-06-09 09:30:00,English for All,Guided online learning for English as a second language,2027-06-09 09:30:00,2027-06-09 12:00:00,Downtown,Arts & Culture | Learning & Careers,Reading & Writing | Language,upcoming,Free,Hartford Public Library,https://programs.hplct.org/events,https://hplct.libnet.info/event/16806836,Adults
hpl:17242202:2027-06-09 14:30:00,Next Steps for College for English Learners,"This program supports high school English Learners in grades 11-12 as they develop English language proficiency, achieve academic success, and prepare for college and career pathways.",2027-06-09 14:30:00,2027-06-09 17:00:00,Downtown,Arts & Culture | Family & Kids | Learning & Careers,STEM | Reading & Writing | Language,archived,Free,Hartford Public Library,https://programs.hplct.org/events,https://hplct.libnet.info/event/17242202,Teens
hpl:17491430:2027-06-09 14:30:00,Next Steps for College for English Learners,"This program supports high school English Learners in grades 11-12 as they develop English language proficiency, achieve academic success, and prepare for college and career pathways.",2027-06-09 14:30:00,2027-06-09 16:30:00,Downtown,Arts & Culture | Family & Kids | Learning & Careers,TAP | STEM | Reading & Writing | Language,upcoming,Free,Hartford Public Library,https://programs.hplct.org/events,https://hplct.libnet.info/event/17491430,Teens
hpl:16809889:2027-06-10 09:30:00,ESL Classes,English as a second language classes for adults. Registered students only. Please contact ESL@hplct.org for more information.,2027-06-10 09:30:00,2027-06-10 12:00:00,Downtown,Arts & Culture | Learning & Careers | Community & Volunteering,Reading & Writing | Language | Civic Engagement | Career,upcoming,Free,Hartford Public Library,https://programs.hplct.org/events,https://hplct.libnet.info/event/16809889,Adults
hpl:16809294:2027-06-10 09:30:00,ESL Classes,English as a second language classes. Registered students only. Please contact ESL@hplct.org for more information.,2027-06-10 09:30:00,2027-06-10 12:00:00,Downtown,Arts & Culture | Learning & Careers | Community & Volunteering,Reading & Writing | Language | Civic Engagement | Career,upcoming,Free,Hartford Public Library,https://programs.hplct.org/events,https://hplct.libnet.info/event/16809294,Adults
hpl:16809661:2027-06-10 09:30:00,ESL Classes,English as a second language classes for adults. Registered students only. Please contact ESL@hplct.org for more information.,2027-06-10 09:30:00,2027-06-10 12:00:00,Downtown,Arts & Culture | Learning & Careers | Community & Volunteering,Reading & Writing | Language | Civic Engagement | Career,upcoming,Free,Hartford Public Library,https://programs.hplct.org/events,https://hplct.libnet.info/event/16809661,Adults
hpl:16809730:2027-06-10 09:30:00,ESL Classes,English as a second language classes for adults. Registered students only. Please contact ESL@hplct.org for more information.,2027-06-10 09:30:00,2027-06-10 12:00:00,Downtown,Arts & Culture | Learning & Careers | Community & Volunteering,Reading & Writing | Language | Civic Engagement | Career,upcoming,Free,Hartford Public Library,https://programs.hplct.org/events,https://hplct.libnet.info/event/16809730,Adults
hpl:17491913:2027-06-10 14:30:00,English Learners Success,"This program supports high school English Learners through engaging, project-based instruction that strengthens English language proficiency, academic success, and college and career readiness.",2027-06-10 14:30:00,2027-06-10 16:30:00,Downtown,Arts & Culture | Family & Kids | Learning & Careers,TAP | STEM | Reading & Writing | Language,upcoming,Free,Hartford Public Library,https://programs.hplct.org/events,https://hplct.libnet.info/event/17491913,Teens
hpl:17497782:2027-06-10 17:30:00,ESL Classes,Adult Education English as a Second Language,2027-06-10 17:30:00,2027-06-10 19:30:00,Downtown,Arts & Culture | Learning & Careers,TAP | Reading & Writing,upcoming,Free,Hartford Public Library,https://programs.hplct.org/events,https://hplct.libnet.info/event/17497782,Adults
hpl:16810087:2027-06-12 09:30:00,ESL Classes,English as a second language classes for adults. Registered students only. Please contact ESL@hplct.org for more information.,2027-06-12 09:30:00,2027-06-12 12:30:00,Downtown,Arts & Culture | Learning & Careers | Community & Volunteering,Reading & Writing | Language | Civic Engagement | Career,upcoming,Free,Hartford Public Library,https://programs.hplct.org/events,https://hplct.libnet.info/event/16810087,Adults
hpl:16811441:2027-06-12 09:30:00,ESL Classes,English as a second language classes for adults. Registered students only. Please contact ESL@hplct.org for more information.,2027-06-12 09:30:00,2027-06-12 12:30:00,Downtown,Arts & Culture | Learning & Careers | Community & Volunteering,Reading & Writing | Language | Civic Engagement | Career,upcoming,Free,Hartford Public Library,https://programs.hplct.org/events,https://hplct.libnet.info/event/16811441,Adults
hpl:16810151:2027-06-12 09:30:00,ESL Classes,English as a second language classes for adults. Registered students only. Please contact ESL@hplct.org for more information.,2027-06-12 09:30:00,2027-06-12 12:30:00,Downtown,Arts & Culture | Learning & Careers | Community & Volunteering,Reading & Writing | Language | Civic Engagement | Career,upcoming,Free,Hartford Public Library,https://programs.hplct.org/events,https://hplct.libnet.info/event/16810151,Adults
hpl:16810805:2027-06-12 09:30:00,ESL Classes,English as a second language classes for adults. Registered students only. Please contact ESL@hplct.org for more information.,2027-06-12 09:30:00,2027-06-12 12:30:00,Downtown,Arts & Culture | Learning & Careers | Community & Volunteering,Reading & Writing | Language | Civic Engagement | Career,upcoming,Free,Hartford Public Library,https://programs.hplct.org/events,https://hplct.libnet.info/event/16810805,Adults
hpl:16841109:2027-06-14 11:00:00,Everyday Tech Help,"Need help with your phone, tablet, computer, or online services?",2027-06-14 11:00:00,2027-06-14 12:00:00,Barbour Library,Learning & Careers | Community & Volunteering,Technology | STEM | Media | Community,upcoming,Free,Hartford Public Library,https://programs.hplct.org/events,https://hplct.libnet.info/event/16841109,Adults
hpl:16809773:2027-06-15 09:30:00,ESL Classes,English as a second language classes for adults. Registered students only. Please contact ESL@hplct.org for more information.,2027-06-15 09:30:00,2027-06-15 12:00:00,Downtown,Arts & Culture | Learning & Careers | Community & Volunteering,Reading & Writing | Language | Civic Engagement | Career,upcoming,Free,Hartford Public Library,https://programs.hplct.org/events,https://hplct.libnet.info/event/16809773,Adults
hpl:16809942:2027-06-15 09:30:00,ESL Classes,English as a second language classes for adults. Registered students only. Please contact ESL@hplct.org for more information.,2027-06-15 09:30:00,2027-06-15 12:00:00,Downtown,Arts & Culture | Learning & Careers | Community & Volunteering,Reading & Writing | Language | Civic Engagement | Career,upcoming,Free,Hartford Public Library,https://programs.hplct.org/events,https://hplct.libnet.info/event/16809942,Adults
hpl:16809337:2027-06-15 09:30:00,ESL Classes,English as a second language classes. Registered students only. Please contact ESL@hplct.org for more information.,2027-06-15 09:30:00,2027-06-15 12:00:00,Downtown,Arts & Culture | Learning & Careers | Community & Volunteering,Reading & Writing | Language | Civic Engagement | Career,upcoming,Free,Hartford Public Library,https://programs.hplct.org/events,https://hplct.libnet.info/event/16809337,Adults
hpl:16809662:2027-06-15 09:30:00,ESL Classes,English as a second language classes for adults. Registered students only. Please contact ESL@hplct.org for more information.,2027-06-15 09:30:00,2027-06-15 12:00:00,Downtown,Arts & Culture | Learning & Careers | Community & Volunteering,Reading & Writing | Language | Civic Engagement | Career,upcoming,Free,Hartford Public Library,https://programs.hplct.org/events,https://hplct.libnet.info/event/16809662,Adults
hpl:17497662:2027-06-15 17:30:00,ESL Classes,Adult Education English as a Second Language,2027-06-15 17:30:00,2027-06-15 19:30:00,Downtown,Arts & Culture | Learning & Careers,TAP | Reading & Writing,upcoming,Free,Hartford Public Library,https://programs.hplct.org/events,https://hplct.libnet.info/event/17497662,Adults
hpl:16806837:2027-06-16 09:30:00,English for All,Guided online learning for English as a second language,2027-06-16 09:30:00,2027-06-16 12:00:00,Downtown,Arts & Culture | Learning & Careers,Reading & Writing | Language,upcoming,Free,Hartford Public Library,https://programs.hplct.org/events,https://hplct.libnet.info/event/16806837,Adults
hpl:16809731:2027-06-17 09:30:00,ESL Classes,English as a second language classes for adults. Registered students only. Please contact ESL@hplct.org for more information.,2027-06-17 09:30:00,2027-06-17 12:00:00,Downtown,Arts & Culture | Learning & Careers | Community & Volunteering,Reading & Writing | Language | Civic Engagement | Career,upcoming,Free,Hartford Public Library,https://programs.hplct.org/events,https://hplct.libnet.info/event/16809731,Adults
hpl:16809890:2027-06-17 09:30:00,ESL Classes,English as a second language classes for adults. Registered students only. Please contact ESL@hplct.org for more information.,2027-06-17 09:30:00,2027-06-17 12:00:00,Downtown,Arts & Culture | Learning & Careers | Community & Volunteering,Reading & Writing | Language | Civic Engagement | Career,upcoming,Free,Hartford Public Library,https://programs.hplct.org/events,https://hplct.libnet.info/event/16809890,Adults
hpl:16809663:2027-06-17 09:30:00,ESL Classes,English as a second language classes for adults. Registered students only. Please contact ESL@hplct.org for more information.,2027-06-17 09:30:00,2027-06-17 12:00:00,Downtown,Arts & Culture | Learning & Careers | Community & Volunteering,Reading & Writing | Language | Civic Engagement | Career,upcoming,Free,Hartford Public Library,https://programs.hplct.org/events,https://hplct.libnet.info/event/16809663,Adults
hpl:16809295:2027-06-17 09:30:00,ESL Classes,English as a second language classes. Registered students only. Please contact ESL@hplct.org for more information.,2027-06-17 09:30:00,2027-06-17 12:00:00,Downtown,Arts & Culture | Learning & Careers | Community & Volunteering,Reading & Writing | Language | Civic Engagement | Career,upcoming,Free,Hartford Public Library,https://programs.hplct.org/events,https://hplct.libnet.info/event/16809295,Adults
hpl:17497783:2027-06-17 17:30:00,ESL Classes,Adult Education English as a Second Language,2027-06-17 17:30:00,2027-06-17 19:30:00,Downtown,Arts & Culture | Learning & Careers,TAP | Reading & Writing,upcoming,Free,Hartford Public Library,https://programs.hplct.org/events,https://hplct.libnet.info/event/17497783,Adults
hpl:16811442:2027-06-19 09:30:00,ESL Classes,English as a second language classes for adults. Registered students only. Please contact ESL@hplct.org for more information.,2027-06-19 09:30:00,2027-06-19 12:30:00,Downtown,Arts & Culture | Learning & Careers | Community & Volunteering,Reading & Writing | Language | Civic Engagement | Career,upcoming,Free,Hartford Public Library,https://programs.hplct.org/events,https://hplct.libnet.info/event/16811442,Adults
hpl:16810088:2027-06-19 09:30:00,ESL Classes,English as a second language classes for adults. Registered students only. Please contact ESL@hplct.org for more information.,2027-06-19 09:30:00,2027-06-19 12:30:00,Downtown,Arts & Culture | Learning & Careers | Community & Volunteering,Reading & Writing | Language | Civic Engagement | Career,upcoming,Free,Hartford Public Library,https://programs.hplct.org/events,https://hplct.libnet.info/event/16810088,Adults
hpl:16810152:2027-06-19 09:30:00,ESL Classes,English as a second language classes for adults. Registered students only. Please contact ESL@hplct.org for more information.,2027-06-19 09:30:00,2027-06-19 12:30:00,Downtown,Arts & Culture | Learning & Careers | Community & Volunteering,Reading & Writing | Language | Civic Engagement | Career,upcoming,Free,Hartford Public Library,https://programs.hplct.org/events,https://hplct.libnet.info/event/16810152,Adults
hpl:16810806:2027-06-19 09:30:00,ESL Classes,English as a second language classes for adults. Registered students only. Please contact ESL@hplct.org for more information.,2027-06-19 09:30:00,2027-06-19 12:30:00,Downtown,Arts & Culture | Learning & Careers | Community & Volunteering,Reading & Writing | Language | Civic Engagement | Career,upcoming,Free,Hartford Public Library,https://programs.hplct.org/events,https://hplct.libnet.info/event/16810806,Adults
hpl:16841110:2027-06-21 11:00:00,Everyday Tech Help,"Need help with your phone, tablet, computer, or online services?",2027-06-21 11:00:00,2027-06-21 12:00:00,Barbour Library,Learning & Careers | Community & Volunteering,Technology | STEM | Media | Community,upcoming,Free,Hartford Public Library,https://programs.hplct.org/events,https://hplct.libnet.info/event/16841110,Adults
hpl:16809664:2027-06-22 09:30:00,ESL Classes,English as a second language classes for adults. Registered students only. Please contact ESL@hplct.org for more information.,2027-06-22 09:30:00,2027-06-22 12:00:00,Downtown,Arts & Culture | Learning & Careers | Community & Volunteering,Reading & Writing | Language | Civic Engagement | Career,upcoming,Free,Hartford Public Library,https://programs.hplct.org/events,https://hplct.libnet.info/event/16809664,Adults
hpl:16809338:2027-06-22 09:30:00,ESL Classes,English as a second language classes. Registered students only. Please contact ESL@hplct.org for more information.,2027-06-22 09:30:00,2027-06-22 12:00:00,Downtown,Arts & Culture | Learning & Careers | Community & Volunteering,Reading & Writing | Language | Civic Engagement | Career,upcoming,Free,Hartford Public Library,https://programs.hplct.org/events,https://hplct.libnet.info/event/16809338,Adults
hpl:16809774:2027-06-22 09:30:00,ESL Classes,English as a second language classes for adults. Registered students only. Please contact ESL@hplct.org for more information.,2027-06-22 09:30:00,2027-06-22 12:00:00,Downtown,Arts & Culture | Learning & Careers | Community & Volunteering,Reading & Writing | Language | Civic Engagement | Career,upcoming,Free,Hartford Public Library,https://programs.hplct.org/events,https://hplct.libnet.info/event/16809774,Adults
hpl:16809943:2027-06-22 09:30:00,ESL Classes,English as a second language classes for adults. Registered students only. Please contact ESL@hplct.org for more information.,2027-06-22 09:30:00,2027-06-22 12:00:00,Downtown,Arts & Culture | Learning & Careers | Community & Volunteering,Reading & Writing | Language | Civic Engagement | Career,upcoming,Free,Hartford Public Library,https://programs.hplct.org/events,https://hplct.libnet.info/event/16809943,Adults
hpl:17497663:2027-06-22 17:30:00,ESL Classes,Adult Education English as a Second Language,2027-06-22 17:30:00,2027-06-22 19:30:00,Downtown,Arts & Culture | Learning & Careers,TAP | Reading & Writing,upcoming,Free,Hartford Public Library,https://programs.hplct.org/events,https://hplct.libnet.info/event/17497663,Adults
hpl:16806838:2027-06-23 09:30:00,English for All,Guided online learning for English as a second language,2027-06-23 09:30:00,2027-06-23 12:00:00,Downtown,Arts & Culture | Learning & Careers,Reading & Writing | Language,upcoming,Free,Hartford Public Library,https://programs.hplct.org/events,https://hplct.libnet.info/event/16806838,Adults
hpl:16809296:2027-06-24 09:30:00,ESL Classes,English as a second language classes. Registered students only. Please contact ESL@hplct.org for more information.,2027-06-24 09:30:00,2027-06-24 12:00:00,Downtown,Arts & Culture | Learning & Careers | Community & Volunteering,Reading & Writing | Language | Civic Engagement | Career,upcoming,Free,Hartford Public Library,https://programs.hplct.org/events,https://hplct.libnet.info/event/16809296,Adults
hpl:16809891:2027-06-24 09:30:00,ESL Classes,English as a second language classes for adults. Registered students only. Please contact ESL@hplct.org for more information.,2027-06-24 09:30:00,2027-06-24 12:00:00,Downtown,Arts & Culture | Learning & Careers | Community & Volunteering,Reading & Writing | Language | Civic Engagement | Career,upcoming,Free,Hartford Public Library,https://programs.hplct.org/events,https://hplct.libnet.info/event/16809891,Adults
hpl:16809665:2027-06-24 09:30:00,ESL Classes,English as a second language classes for adults. Registered students only. Please contact ESL@hplct.org for more information.,2027-06-24 09:30:00,2027-06-24 12:00:00,Downtown,Arts & Culture | Learning & Careers | Community & Volunteering,Reading & Writing | Language | Civic Engagement | Career,upcoming,Free,Hartford Public Library,https://programs.hplct.org/events,https://hplct.libnet.info/event/16809665,Adults
hpl:16809732:2027-06-24 09:30:00,ESL Classes,English as a second language classes for adults. Registered students only. Please contact ESL@hplct.org for more information.,2027-06-24 09:30:00,2027-06-24 12:00:00,Downtown,Arts & Culture | Learning & Careers | Community & Volunteering,Reading & Writing | Language | Civic Engagement | Career,upcoming,Free,Hartford Public Library,https://programs.hplct.org/events,https://hplct.libnet.info/event/16809732,Adults
hpl:17497784:2027-06-24 17:30:00,ESL Classes,Adult Education English as a Second Language,2027-06-24 17:30:00,2027-06-24 19:30:00,Downtown,Arts & Culture | Learning & Careers,TAP | Reading & Writing,upcoming,Free,Hartford Public Library,https://programs.hplct.org/events,https://hplct.libnet.info/event/17497784,Adults
hpl:16811443:2027-06-26 09:30:00,ESL Classes,English as a second language classes for adults. Registered students only. Please contact ESL@hplct.org for more information.,2027-06-26 09:30:00,2027-06-26 12:30:00,Downtown,Arts & Culture | Learning & Careers | Community & Volunteering,Reading & Writing | Language | Civic Engagement | Career,upcoming,Free,Hartford Public Library,https://programs.hplct.org/events,https://hplct.libnet.info/event/16811443,Adults
hpl:16810089:2027-06-26 09:30:00,ESL Classes,English as a second language classes for adults. Registered students only. Please contact ESL@hplct.org for more information.,2027-06-26 09:30:00,2027-06-26 12:30:00,Downtown,Arts & Culture | Learning & Careers | Community & Volunteering,Reading & Writing | Language | Civic Engagement | Career,upcoming,Free,Hartford Public Library,https://programs.hplct.org/events,https://hplct.libnet.info/event/16810089,Adults
hpl:16810807:2027-06-26 09:30:00,ESL Classes,English as a second language classes for adults. Registered students only. Please contact ESL@hplct.org for more information.,2027-06-26 09:30:00,2027-06-26 12:30:00,Downtown,Arts & Culture | Learning & Careers | Community & Volunteering,Reading & Writing | Language | Civic Engagement | Career,upcoming,Free,Hartford Public Library,https://programs.hplct.org/events,https://hplct.libnet.info/event/16810807,Adults
hpl:16810153:2027-06-26 09:30:00,ESL Classes,English as a second language classes for adults. Registered students only. Please contact ESL@hplct.org for more information.,2027-06-26 09:30:00,2027-06-26 12:30:00,Downtown,Arts & Culture | Learning & Careers | Community & Volunteering,Reading & Writing | Language | Civic Engagement | Career,upcoming,Free,Hartford Public Library,https://programs.hplct.org/events,https://hplct.libnet.info/event/16810153,Adults
hpl:16841111:2027-06-28 11:00:00,Everyday Tech Help,"Need help with your phone, tablet, computer, or online services?",2027-06-28 11:00:00,2027-06-28 12:00:00,Barbour Library,Learning & Careers | Community & Volunteering,Technology | STEM | Media | Community,upcoming,Free,Hartford Public Library,https://programs.hplct.org/events,https://hplct.libnet.info/event/16841111,Adults
hpl:16806839:2027-06-30 09:30:00,English for All,Guided online learning for English as a second language,2027-06-30 09:30:00,2027-06-30 12:00:00,Downtown,Arts & Culture | Learning & Careers,Reading & Writing | Language,upcoming,Free,Hartford Public Library,https://programs.hplct.org/events,https://hplct.libnet.info/event/16806839,Adults
